sport,event,year,athlete_id,country_id,medal,summer_game_id
Gymnastics,Gymnastics Men's Individual All-Around,2016-01-01,51,173,,1
Gymnastics,Gymnastics Men's Floor Exercise,2016-01-01,51,173,,2
Gymnastics,Gymnastics Men's Parallel Bars,2016-01-01,51,173,,3
Gymnastics,Gymnastics Men's Horizontal Bar,2016-01-01,51,173,,4
Gymnastics,Gymnastics Men's Rings,2016-01-01,51,173,,5
Gymnastics,Gymnastics Men's Pommelled Horse,2016-01-01,51,173,,6
Track and Field,"Men's 5,000 metres",2016-01-01,55,173,,7
Track and Field,Men's 400 metres,2016-01-01,110,15,,8
Track and Field,"Men's 5,000 metres",2016-01-01,251,19,,9
Track and Field,"Men's 10,000 metres",2016-01-01,251,19,,10
Track and Field,Women's 200 metres,2016-01-01,273,28,,11
Track and Field,Men's Decathlon,2016-01-01,402,71,,12
Track and Field,Men's Marathon,2016-01-01,412,63,,13
Swimming,Swimming Men's 100 metres Freestyle,2016-01-01,430,174,,14
Gymnastics,Gymnastics Men's Team All-Around,2016-01-01,455,152,Silver,15
Gymnastics,Gymnastics Men's Floor Exercise,2016-01-01,455,152,,16
Gymnastics,Gymnastics Men's Horse Vault,2016-01-01,455,152,Silver,17
Gymnastics,Gymnastics Men's Rings,2016-01-01,455,152,Bronze,18
Swimming,Swimming Men's 50 metres Freestyle,2016-01-01,465,11,,19
Swimming,Swimming Men's 4 x 100 metres Freestyle Relay,2016-01-01,465,11,Bronze,20
Track and Field,Men's Marathon,2016-01-01,511,179,,21
Track and Field,Women's Shot Put,2016-01-01,533,18,,22
Track and Field,Women's 400 metres,2016-01-01,551,80,,23
Track and Field,Men's Shot Put,2016-01-01,554,70,,24
Track and Field,Women's Marathon,2016-01-01,574,42,,25
Swimming,Swimming Men's 50 metres Freestyle,2016-01-01,578,54,,26
Track and Field,Men's Marathon,2016-01-01,593,95,,27
Track and Field,Men's 100 metres,2016-01-01,611,140,,28
Track and Field,Women's 100 metres,2016-01-01,613,160,,29
Swimming,Swimming Men's 100 metres Backstroke,2016-01-01,650,34,,30
Swimming,Swimming Men's 4 x 100 metres Medley Relay,2016-01-01,650,34,,31
Track and Field,Women's 4 x 100 metres Relay,2016-01-01,668,72,,32
Swimming,Swimming Men's 200 metres Freestyle,2016-01-01,720,59,,33
Swimming,Swimming Men's 400 metres Freestyle,2016-01-01,720,59,,34
Swimming,"Swimming Men's 1,500 metres Freestyle",2016-01-01,720,59,,35
Track and Field,Men's 100 metres,2016-01-01,804,154,,36
Track and Field,Men's 200 metres,2016-01-01,804,154,,37
Track and Field,Men's 4 x 100 metres Relay,2016-01-01,804,154,,38
Swimming,Swimming Women's 200 metres Butterfly,2016-01-01,811,195,,39
Track and Field,Men's Marathon,2016-01-01,823,11,,40
Track and Field,Women's Shot Put,2016-01-01,846,131,Silver,41
Track and Field,Women's 400 metres,2016-01-01,900,15,,42
Track and Field,"Men's 5,000 metres",2016-01-01,915,61,,43
Track and Field,Women's Marathon,2016-01-01,931,192,,44
Track and Field,Men's High Jump,2016-01-01,961,195,,45
Swimming,Swimming Men's 50 metres Freestyle,2016-01-01,1017,195,Bronze,46
Swimming,Swimming Men's 100 metres Freestyle,2016-01-01,1017,195,Bronze,47
Swimming,Swimming Men's 4 x 100 metres Freestyle Relay,2016-01-01,1017,195,Gold,48
Swimming,Swimming Men's 4 x 100 metres Medley Relay,2016-01-01,1017,195,Gold,49
Swimming,Swimming Men's 50 metres Freestyle,2016-01-01,1052,19,,50
Swimming,Swimming Men's 4 x 100 metres Freestyle Relay,2016-01-01,1052,19,,51
Swimming,Swimming Women's 100 metres Backstroke,2016-01-01,1087,157,,52
Track and Field,Men's Triple Jump,2016-01-01,1162,9,,53
Swimming,Swimming Men's 200 metres Freestyle,2016-01-01,1173,67,,54
Track and Field,Women's Marathon,2016-01-01,1234,173,,55
Track and Field,Women's Heptathlon,2016-01-01,1242,42,,56
Track and Field,Women's Javelin Throw,2016-01-01,1265,50,,57
Track and Field,Women's Pole Vault,2016-01-01,1320,34,,58
Track and Field,"Men's 5,000 metres",2016-01-01,1405,34,,59
Track and Field,"Men's 10,000 metres",2016-01-01,1405,34,,60
Track and Field,Men's 100 metres,2016-01-01,1421,16,,61
Track and Field,Women's 100 metres,2016-01-01,1439,48,,62
Track and Field,Women's 200 metres,2016-01-01,1439,48,,63
Track and Field,Women's 100 metres,2016-01-01,1462,187,,64
Track and Field,Women's 200 metres,2016-01-01,1462,187,,65
Track and Field,Women's 4 x 100 metres Relay,2016-01-01,1462,187,,66
Swimming,Swimming Women's 200 metres Freestyle,2016-01-01,1464,40,,67
Swimming,Swimming Women's 4 x 200 metres Freestyle Relay,2016-01-01,1464,40,,68
Track and Field,Women's 20 kilometres Walk,2016-01-01,1477,108,,69
Track and Field,Men's 4 x 100 metres Relay,2016-01-01,1488,73,,70
Gymnastics,Gymnastics Men's Team All-Around,2016-01-01,1526,67,,71
Gymnastics,Gymnastics Men's Rings,2016-01-01,1526,67,,72
Track and Field,Women's Marathon,2016-01-01,1527,3,,73
Track and Field,Men's 4 x 100 metres Relay,2016-01-01,1561,34,Bronze,74
Track and Field,Women's 4 x 100 metres Relay,2016-01-01,1575,67,,75
Track and Field,"Women's 3,000 metres Steeplechase",2016-01-01,1599,189,,76
Track and Field,"Men's 3,000 metres Steeplechase",2016-01-01,1600,189,,77
Track and Field,Women's 4 x 100 metres Relay,2016-01-01,1682,195,Gold,78
Track and Field,Women's 800 metres,2016-01-01,1696,125,,79
Track and Field,"Women's 1,500 metres",2016-01-01,1696,125,,80
Track and Field,"Men's 3,000 metres Steeplechase",2016-01-01,1697,189,,81
Swimming,Swimming Men's 400 metres Freestyle,2016-01-01,1721,58,,82
Swimming,"Swimming Men's 1,500 metres Freestyle",2016-01-01,1721,58,,83
Swimming,Swimming Women's 50 metres Freestyle,2016-01-01,1746,16,,84
Track and Field,Women's 100 metres,2016-01-01,1749,16,,85
Track and Field,Women's 100 metres,2016-01-01,1780,137,,86
Track and Field,"Men's 5,000 metres",2016-01-01,1787,160,,87
Swimming,Swimming Women's 50 metres Freestyle,2016-01-01,1807,140,,88
Swimming,Swimming Women's 50 metres Freestyle,2016-01-01,1832,194,,89
Track and Field,Men's Discus Throw,2016-01-01,1856,160,,90
Track and Field,Women's 400 metres,2016-01-01,1943,149,,91
Track and Field,Men's 100 metres,2016-01-01,1946,137,,92
Track and Field,Women's 100 metres,2016-01-01,1993,15,,93
Swimming,Swimming Men's 100 metres Backstroke,2016-01-01,2008,149,,94
Swimming,Swimming Women's 50 metres Freestyle,2016-01-01,2021,15,,95
Track and Field,"Men's 5,000 metres",2016-01-01,2090,160,,96
Swimming,Swimming Men's 100 metres Backstroke,2016-01-01,2119,194,,97
Track and Field,Women's Marathon,2016-01-01,2135,140,,98
Track and Field,"Men's 3,000 metres Steeplechase",2016-01-01,2169,125,,99
Track and Field,"Men's 1,500 metres",2016-01-01,2197,194,,100
Track and Field,"Women's 3,000 metres Steeplechase",2016-01-01,2236,125,,101
Swimming,Swimming Men's 4 x 100 metres Freestyle Relay,2016-01-01,2314,173,,102
Track and Field,Women's 200 metres,2016-01-01,2408,119,,103
Track and Field,Men's 400 metres Hurdles,2016-01-01,2467,148,,104
Track and Field,Women's 800 metres,2016-01-01,2537,63,,105
Track and Field,Women's 400 metres,2016-01-01,2574,156,,106
Track and Field,Women's Long Jump,2016-01-01,2604,74,,107
Track and Field,Men's 200 metres,2016-01-01,2663,175,,108
Track and Field,Men's 110 metres Hurdles,2016-01-01,2683,111,,109
Track and Field,Men's 400 metres,2016-01-01,2688,138,,110
Track and Field,Women's 100 metres Hurdles,2016-01-01,2695,195,Silver,111
Track and Field,"Women's 5,000 metres",2016-01-01,2719,38,,112
Track and Field,Men's Shot Put,2016-01-01,2726,24,,113
Track and Field,Men's 110 metres Hurdles,2016-01-01,2775,170,,114
Swimming,Swimming Women's 100 metres Freestyle,2016-01-01,2779,145,,115
Swimming,Swimming Women's 100 metres Freestyle,2016-01-01,2784,13,,116
Track and Field,Men's 110 metres Hurdles,2016-01-01,2838,195,,117
Track and Field,Men's 4 x 400 metres Relay,2016-01-01,2861,93,Silver,118
Swimming,Swimming Men's 200 metres Breaststroke,2016-01-01,2900,62,,119
Track and Field,Men's Marathon,2016-01-01,2943,57,,120
Track and Field,Women's 800 metres,2016-01-01,2952,50,,121
Swimming,"Swimming Men's 1,500 metres Freestyle",2016-01-01,2969,26,,122
Swimming,Swimming Men's 400 metres Individual Medley,2016-01-01,2969,26,,123
Swimming,Swimming Men's 200 metres Butterfly,2016-01-01,2976,26,,124
Swimming,Swimming Women's 50 metres Freestyle,2016-01-01,3070,178,,125
Gymnastics,Gymnastics Women's Team All-Around,2016-01-01,3081,71,,126
Gymnastics,Gymnastics Women's Uneven Bars,2016-01-01,3081,71,,127
Gymnastics,Gymnastics Women's Balance Beam,2016-01-01,3081,71,,128
Track and Field,Men's Triple Jump,2016-01-01,3139,120,,129
Track and Field,Men's Long Jump,2016-01-01,3221,26,,130
Gymnastics,Gymnastics Women's Individual All-Around,2016-01-01,3267,141,,131
Gymnastics,Gymnastics Women's Floor Exercise,2016-01-01,3267,141,,132
Gymnastics,Gymnastics Women's Uneven Bars,2016-01-01,3267,141,,133
Gymnastics,Gymnastics Women's Balance Beam,2016-01-01,3267,141,,134
Track and Field,Men's 800 metres,2016-01-01,3280,63,,135
Track and Field,Men's 800 metres,2016-01-01,3284,72,,136
Track and Field,"Men's 3,000 metres Steeplechase",2016-01-01,3310,63,,137
Track and Field,Men's High Jump,2016-01-01,3316,113,,138
Track and Field,Women's High Jump,2016-01-01,3326,134,,139
Track and Field,Men's Javelin Throw,2016-01-01,3340,178,,140
Swimming,Swimming Men's 50 metres Freestyle,2016-01-01,3352,68,,141
Track and Field,Women's 4 x 400 metres Relay,2016-01-01,3411,14,,142
Track and Field,Men's 800 metres,2016-01-01,3512,25,,143
Track and Field,"Men's 1,500 metres",2016-01-01,3515,150,,144
Track and Field,Men's Javelin Throw,2016-01-01,3527,72,,145
Track and Field,Women's 200 metres,2016-01-01,3528,72,,146
Track and Field,Women's 4 x 100 metres Relay,2016-01-01,3528,72,,147
Track and Field,Women's 100 metres Hurdles,2016-01-01,3560,134,,148
Swimming,Swimming Women's 100 metres Butterfly,2016-01-01,3596,171,,149
Swimming,Swimming Women's 200 metres Butterfly,2016-01-01,3596,171,,150
Track and Field,Women's Marathon,2016-01-01,3600,171,,151
Track and Field,Women's 400 metres Hurdles,2016-01-01,3616,67,,152
Track and Field,Women's 4 x 400 metres Relay,2016-01-01,3616,67,,153
Track and Field,Women's Discus Throw,2016-01-01,3620,74,,154
Track and Field,Men's Hammer Throw,2016-01-01,3640,74,,155
Swimming,Swimming Women's 10 kilometres Open Water,2016-01-01,3820,195,,156
Track and Field,Men's 400 metres Hurdles,2016-01-01,4041,35,,157
Gymnastics,Gymnastics Women's Individual All-Around,2016-01-01,4048,26,,158
Gymnastics,Gymnastics Women's Team All-Around,2016-01-01,4048,26,,159
Gymnastics,Gymnastics Women's Floor Exercise,2016-01-01,4048,26,,160
Gymnastics,Gymnastics Women's Uneven Bars,2016-01-01,4048,26,,161
Gymnastics,Gymnastics Women's Balance Beam,2016-01-01,4048,26,,162
Track and Field,Women's Javelin Throw,2016-01-01,4054,67,,163
Track and Field,"Men's 1,500 metres",2016-01-01,4070,26,,164
Track and Field,Women's Javelin Throw,2016-01-01,4104,146,,165
Track and Field,"Women's 10,000 metres",2016-01-01,4155,73,,166
Track and Field,"Men's 1,500 metres",2016-01-01,4159,195,,167
Track and Field,Men's Decathlon,2016-01-01,4171,198,,168
Swimming,Swimming Women's 200 metres Breaststroke,2016-01-01,4181,152,,169
Swimming,Swimming Women's 4 x 100 metres Freestyle Relay,2016-01-01,4183,152,,170
Swimming,Swimming Women's 4 x 200 metres Freestyle Relay,2016-01-01,4183,152,,171
Swimming,Swimming Women's 200 metres Individual Medley,2016-01-01,4183,152,,172
Swimming,Swimming Men's 400 metres Freestyle,2016-01-01,4233,152,,173
Swimming,Swimming Men's 4 x 200 metres Freestyle Relay,2016-01-01,4233,152,,174
Track and Field,Men's 800 metres,2016-01-01,4247,173,,175
Track and Field,Men's 4 x 100 metres Relay,2016-01-01,4248,56,,176
Track and Field,Women's High Jump,2016-01-01,4310,136,,177
Swimming,Swimming Men's 100 metres Freestyle,2016-01-01,4379,150,,178
Swimming,Swimming Men's 100 metres Butterfly,2016-01-01,4379,150,,179
Track and Field,Women's 400 metres Hurdles,2016-01-01,4407,146,,180
Track and Field,Men's 4 x 400 metres Relay,2016-01-01,4420,67,,181
Track and Field,Women's Discus Throw,2016-01-01,4523,86,,182
Swimming,Swimming Women's 4 x 200 metres Freestyle Relay,2016-01-01,4654,94,,183
Track and Field,"Men's 5,000 metres",2016-01-01,4662,15,,184
Track and Field,Men's Hammer Throw,2016-01-01,4674,189,,185
Track and Field,Men's Marathon,2016-01-01,4745,170,,186
Track and Field,"Women's 10,000 metres",2016-01-01,4747,97,,187
Track and Field,Women's 800 metres,2016-01-01,4776,125,,188
Track and Field,"Women's 1,500 metres",2016-01-01,4776,125,,189
Track and Field,Men's 50 kilometres Walk,2016-01-01,4782,94,Bronze,190
Track and Field,Men's Javelin Throw,2016-01-01,4787,94,,191
Swimming,Swimming Women's 100 metres Butterfly,2016-01-01,4809,149,,192
Swimming,Swimming Women's 10 kilometres Open Water,2016-01-01,4844,74,,193
Track and Field,"Men's 3,000 metres Steeplechase",2016-01-01,4848,192,,194
Track and Field,Men's Decathlon,2016-01-01,4866,26,,195
Track and Field,Men's Marathon,2016-01-01,4869,39,,196
Track and Field,Men's 50 kilometres Walk,2016-01-01,4871,39,,197
Track and Field,Men's 20 kilometres Walk,2016-01-01,4874,39,,198
Track and Field,Women's Shot Put,2016-01-01,4903,26,,199
Swimming,Swimming Women's 50 metres Freestyle,2016-01-01,4937,42,,200
Track and Field,Men's 20 kilometres Walk,2016-01-01,4938,173,,201
Track and Field,Women's 20 kilometres Walk,2016-01-01,4972,42,,202
Track and Field,Men's Pole Vault,2016-01-01,4991,102,,203
Track and Field,Men's 20 kilometres Walk,2016-01-01,5006,42,,204
Swimming,Swimming Women's 10 kilometres Open Water,2016-01-01,5009,57,,205
Track and Field,Women's Marathon,2016-01-01,5050,42,,206
Swimming,Swimming Men's 400 metres Freestyle,2016-01-01,5053,5,,207
Gymnastics,Gymnastics Men's Individual All-Around,2016-01-01,5056,189,,208
Gymnastics,Gymnastics Men's Floor Exercise,2016-01-01,5056,189,,209
Gymnastics,Gymnastics Men's Parallel Bars,2016-01-01,5056,189,,210
Gymnastics,Gymnastics Men's Horizontal Bar,2016-01-01,5056,189,,211
Gymnastics,Gymnastics Men's Rings,2016-01-01,5056,189,,212
Gymnastics,Gymnastics Men's Pommelled Horse,2016-01-01,5056,189,,213
Track and Field,"Men's 10,000 metres",2016-01-01,5065,189,,214
Track and Field,Women's Marathon,2016-01-01,5103,100,,215
Track and Field,Women's Marathon,2016-01-01,5127,128,,216
Track and Field,Men's Shot Put,2016-01-01,5191,147,,217
Track and Field,Men's 800 metres,2016-01-01,5309,148,,218
Swimming,"Swimming Men's 1,500 metres Freestyle",2016-01-01,5311,173,,219
Swimming,Swimming Women's 100 metres Freestyle,2016-01-01,5335,119,,220
Track and Field,Women's 20 kilometres Walk,2016-01-01,5340,151,,221
Track and Field,Men's 20 kilometres Walk,2016-01-01,5358,57,,222
Track and Field,Women's Discus Throw,2016-01-01,5378,121,,223
Track and Field,Women's 200 metres,2016-01-01,5393,51,,224
Track and Field,Women's 800 metres,2016-01-01,5443,18,,225
Track and Field,Men's Long Jump,2016-01-01,5444,89,,226
Track and Field,Women's 400 metres Hurdles,2016-01-01,5475,198,,227
Track and Field,Women's Discus Throw,2016-01-01,5508,173,,228
Track and Field,Men's 110 metres Hurdles,2016-01-01,5523,195,,229
Swimming,Swimming Men's 200 metres Butterfly,2016-01-01,5528,131,,230
Swimming,Swimming Men's 200 metres Individual Medley,2016-01-01,5528,131,,231
Track and Field,Women's 200 metres,2016-01-01,5542,73,,232
Track and Field,Women's 4 x 100 metres Relay,2016-01-01,5542,73,Bronze,233
Track and Field,Women's Discus Throw,2016-01-01,5560,195,,234
Track and Field,Men's 100 metres,2016-01-01,5561,93,,235
Track and Field,Men's 200 metres,2016-01-01,5561,93,,236
Track and Field,Men's 4 x 100 metres Relay,2016-01-01,5561,93,Gold,237
Swimming,Swimming Women's 400 metres Freestyle,2016-01-01,5577,11,,238
Swimming,Swimming Women's 800 metres Freestyle,2016-01-01,5577,11,,239
Swimming,Swimming Women's 4 x 200 metres Freestyle Relay,2016-01-01,5577,11,Silver,240
Track and Field,Women's Triple Jump,2016-01-01,5677,67,,241
Track and Field,"Women's 3,000 metres Steeplechase",2016-01-01,5687,63,,242
Track and Field,Women's 800 metres,2016-01-01,5688,63,,243
Track and Field,Women's 100 metres,2016-01-01,5723,134,,244
Track and Field,Women's 4 x 100 metres Relay,2016-01-01,5723,134,,245
Swimming,Swimming Men's 100 metres Backstroke,2016-01-01,5781,190,,246
Track and Field,Women's 4 x 100 metres Relay,2016-01-01,5783,179,,247
Swimming,Swimming Men's 50 metres Freestyle,2016-01-01,5801,43,,248
Track and Field,Men's 4 x 400 metres Relay,2016-01-01,5808,67,,249
Swimming,Swimming Women's 100 metres Breaststroke,2016-01-01,5817,93,,250
Track and Field,Men's 20 kilometres Walk,2016-01-01,5835,189,,251
Track and Field,Women's Marathon,2016-01-01,5848,160,,252
Swimming,Swimming Men's 50 metres Freestyle,2016-01-01,5853,106,,253
Swimming,Swimming Women's 4 x 100 metres Medley Relay,2016-01-01,5886,83,,254
Swimming,Swimming Men's 200 metres Freestyle,2016-01-01,5901,12,,255
Swimming,Swimming Men's 400 metres Freestyle,2016-01-01,5901,12,,256
Swimming,"Swimming Men's 1,500 metres Freestyle",2016-01-01,5901,12,,257
Swimming,Swimming Men's 50 metres Freestyle,2016-01-01,5947,155,,258
Gymnastics,Gymnastics Men's Individual All-Around,2016-01-01,5948,67,,259
Gymnastics,Gymnastics Men's Team All-Around,2016-01-01,5948,67,,260
Gymnastics,Gymnastics Men's Floor Exercise,2016-01-01,5948,67,,261
Gymnastics,Gymnastics Men's Parallel Bars,2016-01-01,5948,67,,262
Gymnastics,Gymnastics Men's Horizontal Bar,2016-01-01,5948,67,,263
Gymnastics,Gymnastics Men's Rings,2016-01-01,5948,67,,264
Gymnastics,Gymnastics Men's Pommelled Horse,2016-01-01,5948,67,,265
Swimming,Swimming Men's 50 metres Freestyle,2016-01-01,5965,64,,266
Track and Field,Women's Marathon,2016-01-01,5967,147,,267
Track and Field,Men's 50 kilometres Walk,2016-01-01,5975,146,,268
Track and Field,Men's Decathlon,2016-01-01,6050,67,,269
Swimming,Swimming Women's 200 metres Backstroke,2016-01-01,6140,189,,270
Track and Field,Men's Marathon,2016-01-01,6196,143,,271
Track and Field,"Women's 3,000 metres Steeplechase",2016-01-01,6202,63,,272
Track and Field,"Women's 5,000 metres",2016-01-01,6204,63,Bronze,273
Track and Field,"Women's 10,000 metres",2016-01-01,6204,63,Gold,274
Swimming,Swimming Men's 10 kilometres Open Water,2016-01-01,6218,29,,275
Track and Field,Women's Marathon,2016-01-01,6219,189,,276
Track and Field,Women's 20 kilometres Walk,2016-01-01,6226,96,,277
Track and Field,Men's 400 metres Hurdles,2016-01-01,6309,163,,278
Track and Field,Women's 400 metres,2016-01-01,6311,147,,279
Track and Field,Women's 800 metres,2016-01-01,6377,118,,280
Swimming,Swimming Women's 100 metres Butterfly,2016-01-01,6385,201,,281
Track and Field,Men's High Jump,2016-01-01,6406,52,,282
Track and Field,"Women's 3,000 metres Steeplechase",2016-01-01,6427,86,,283
Track and Field,Men's Triple Jump,2016-01-01,6433,13,,284
Track and Field,Men's High Jump,2016-01-01,6660,11,,285
Track and Field,Men's Javelin Throw,2016-01-01,6663,149,,286
Swimming,Swimming Women's 200 metres Breaststroke,2016-01-01,6739,171,,287
Track and Field,Men's 20 kilometres Walk,2016-01-01,6778,26,,288
Track and Field,"Women's 1,500 metres",2016-01-01,6843,178,,289
Track and Field,Men's 100 metres,2016-01-01,6888,7,,290
Track and Field,Men's Discus Throw,2016-01-01,6911,195,,291
Track and Field,Men's 4 x 100 metres Relay,2016-01-01,6912,93,Gold,292
Track and Field,Men's 110 metres Hurdles,2016-01-01,6969,84,,293
Track and Field,Men's High Jump,2016-01-01,7014,73,,294
Swimming,Swimming Women's 100 metres Backstroke,2016-01-01,7020,195,Silver,295
Swimming,Swimming Women's 4 x 100 metres Medley Relay,2016-01-01,7020,195,Gold,296
Track and Field,Women's 800 metres,2016-01-01,7048,175,,297
Swimming,Swimming Men's 100 metres Breaststroke,2016-01-01,7133,96,,298
Swimming,Swimming Men's 200 metres Breaststroke,2016-01-01,7133,96,Gold,299
Track and Field,Women's 800 metres,2016-01-01,7187,108,,300
Track and Field,Men's 4 x 400 metres Relay,2016-01-01,7226,26,,301
Track and Field,"Men's 5,000 metres",2016-01-01,7246,15,,302
Swimming,Swimming Women's 200 metres Freestyle,2016-01-01,7347,67,,303
Swimming,Swimming Women's 400 metres Freestyle,2016-01-01,7347,67,,304
Swimming,Swimming Women's 4 x 200 metres Freestyle Relay,2016-01-01,7347,67,,305
Track and Field,Men's Pole Vault,2016-01-01,7348,52,,306
Swimming,Swimming Men's 100 metres Backstroke,2016-01-01,7354,84,,307
Swimming,Swimming Men's 4 x 100 metres Medley Relay,2016-01-01,7354,84,,308
Track and Field,Men's 200 metres,2016-01-01,7379,42,,309
Track and Field,Women's Long Jump,2016-01-01,7387,62,,310
Track and Field,Women's 400 metres,2016-01-01,7435,134,,311
Track and Field,"Men's 3,000 metres Steeplechase",2016-01-01,7439,92,,312
Swimming,Swimming Men's 400 metres Freestyle,2016-01-01,7475,138,,313
Track and Field,Men's High Jump,2016-01-01,7532,74,,314
Track and Field,Men's 50 kilometres Walk,2016-01-01,7593,193,,315
Track and Field,Women's 100 metres,2016-01-01,7604,187,,316
Track and Field,Women's 4 x 100 metres Relay,2016-01-01,7604,187,,317
Swimming,Swimming Men's 200 metres Freestyle,2016-01-01,7608,95,,318
Swimming,Swimming Women's 50 metres Freestyle,2016-01-01,7609,95,,319
Swimming,Swimming Women's 200 metres Individual Medley,2016-01-01,7678,146,,320
Swimming,Swimming Men's 100 metres Breaststroke,2016-01-01,7707,180,,321
Swimming,Swimming Men's 50 metres Freestyle,2016-01-01,7715,103,,322
Track and Field,Women's 20 kilometres Walk,2016-01-01,7728,131,,323
Track and Field,Men's Pole Vault,2016-01-01,7740,34,,324
Gymnastics,Gymnastics Women's Individual All-Around,2016-01-01,7769,26,,325
Gymnastics,Gymnastics Women's Team All-Around,2016-01-01,7769,26,,326
Gymnastics,Gymnastics Women's Floor Exercise,2016-01-01,7769,26,,327
Gymnastics,Gymnastics Women's Uneven Bars,2016-01-01,7769,26,,328
Gymnastics,Gymnastics Women's Balance Beam,2016-01-01,7769,26,,329
Track and Field,Women's 400 metres Hurdles,2016-01-01,7775,147,,330
Swimming,Swimming Women's 200 metres Butterfly,2016-01-01,7810,8,,331
Swimming,Swimming Women's 200 metres Individual Medley,2016-01-01,7810,8,,332
Swimming,Swimming Women's 400 metres Individual Medley,2016-01-01,7810,8,,333
Track and Field,Men's 4 x 100 metres Relay,2016-01-01,7952,189,,334
Track and Field,Women's Discus Throw,2016-01-01,7989,93,,335
Track and Field,Men's 400 metres Hurdles,2016-01-01,8036,90,,336
Swimming,Swimming Women's 200 metres Freestyle,2016-01-01,8051,11,,337
Swimming,Swimming Women's 4 x 200 metres Freestyle Relay,2016-01-01,8051,11,Silver,338
Gymnastics,Gymnastics Men's Individual All-Around,2016-01-01,8114,26,,339
Gymnastics,Gymnastics Men's Team All-Around,2016-01-01,8114,26,,340
Gymnastics,Gymnastics Men's Floor Exercise,2016-01-01,8114,26,,341
Gymnastics,Gymnastics Men's Parallel Bars,2016-01-01,8114,26,,342
Gymnastics,Gymnastics Men's Horizontal Bar,2016-01-01,8114,26,,343
Gymnastics,Gymnastics Men's Rings,2016-01-01,8114,26,,344
Gymnastics,Gymnastics Men's Pommelled Horse,2016-01-01,8114,26,,345
Track and Field,"Women's 1,500 metres",2016-01-01,8128,195,Bronze,346
Track and Field,Men's 20 kilometres Walk,2016-01-01,8152,77,,347
Track and Field,Men's High Jump,2016-01-01,8198,14,,348
Track and Field,Men's High Jump,2016-01-01,8204,149,Silver,349
Track and Field,Men's 110 metres Hurdles,2016-01-01,8417,67,Bronze,350
Track and Field,Women's 200 metres,2016-01-01,8475,69,,351
Track and Field,Men's Marathon,2016-01-01,8526,123,,352
Swimming,Swimming Men's 50 metres Freestyle,2016-01-01,8606,123,,353
Swimming,"Swimming Men's 1,500 metres Freestyle",2016-01-01,8661,167,,354
Swimming,Swimming Men's 200 metres Breaststroke,2016-01-01,8750,34,,355
Gymnastics,Gymnastics Men's Team All-Around,2016-01-01,8751,179,,356
Gymnastics,Gymnastics Men's Parallel Bars,2016-01-01,8751,179,,357
Gymnastics,Gymnastics Men's Horizontal Bar,2016-01-01,8751,179,,358
Gymnastics,Gymnastics Men's Rings,2016-01-01,8751,179,,359
Gymnastics,Gymnastics Men's Pommelled Horse,2016-01-01,8751,179,,360
Track and Field,Women's 400 metres Hurdles,2016-01-01,8764,71,,361
Track and Field,Women's Marathon,2016-01-01,8775,53,,362
Track and Field,Women's 4 x 400 metres Relay,2016-01-01,8785,146,,363
Swimming,Swimming Women's 100 metres Backstroke,2016-01-01,8803,52,,364
Swimming,Swimming Women's 200 metres Backstroke,2016-01-01,8803,52,,365
Swimming,Swimming Women's 200 metres Individual Medley,2016-01-01,8803,52,,366
Swimming,Swimming Women's 4 x 100 metres Medley Relay,2016-01-01,8803,52,,367
Track and Field,Women's Marathon,2016-01-01,8877,123,,368
Swimming,Swimming Women's 50 metres Freestyle,2016-01-01,8878,123,,369
Swimming,Swimming Men's 100 metres Backstroke,2016-01-01,8945,97,,370
Track and Field,Women's 100 metres,2016-01-01,8979,147,,371
Track and Field,Women's 200 metres,2016-01-01,8979,147,,372
Swimming,Swimming Men's 100 metres Backstroke,2016-01-01,9099,11,,373
Swimming,Swimming Men's 200 metres Backstroke,2016-01-01,9099,11,,374
Swimming,Swimming Women's 800 metres Freestyle,2016-01-01,9176,71,,375
Track and Field,Women's 100 metres Hurdles,2016-01-01,9244,17,,376
Track and Field,Men's 800 metres,2016-01-01,9285,46,,377
Track and Field,Men's High Jump,2016-01-01,9310,146,,378
Gymnastics,Gymnastics Men's Individual All-Around,2016-01-01,9392,90,,379
Gymnastics,Gymnastics Men's Floor Exercise,2016-01-01,9392,90,,380
Gymnastics,Gymnastics Men's Parallel Bars,2016-01-01,9392,90,,381
Gymnastics,Gymnastics Men's Horizontal Bar,2016-01-01,9392,90,,382
Gymnastics,Gymnastics Men's Rings,2016-01-01,9392,90,,383
Gymnastics,Gymnastics Men's Pommelled Horse,2016-01-01,9392,90,,384
Swimming,Swimming Women's 400 metres Individual Medley,2016-01-01,9460,195,,385
Track and Field,Women's High Jump,2016-01-01,9464,173,Gold,386
Track and Field,Men's Marathon,2016-01-01,9486,15,,387
Track and Field,Women's Long Jump,2016-01-01,9497,193,,388
Gymnastics,Gymnastics Women's Horse Vault,2016-01-01,9537,167,,389
Track and Field,Women's 400 metres Hurdles,2016-01-01,9549,18,,390
Track and Field,"Women's 5,000 metres",2016-01-01,9582,15,,391
Track and Field,Women's 20 kilometres Walk,2016-01-01,9583,63,,392
Track and Field,Men's 800 metres,2016-01-01,9589,3,,393
Track and Field,Women's 200 metres,2016-01-01,9603,74,,394
Track and Field,Women's 400 metres Hurdles,2016-01-01,9677,17,,395
Track and Field,Women's 400 metres Hurdles,2016-01-01,9692,187,,396
Track and Field,Women's Marathon,2016-01-01,9749,50,,397
Swimming,Swimming Women's 400 metres Freestyle,2016-01-01,9750,173,,398
Swimming,Swimming Women's 800 metres Freestyle,2016-01-01,9750,173,,399
Swimming,Swimming Women's 200 metres Butterfly,2016-01-01,9750,173,Gold,400
Swimming,Swimming Women's 200 metres Individual Medley,2016-01-01,9750,173,,401
Swimming,Swimming Women's 400 metres Individual Medley,2016-01-01,9750,173,Bronze,402
Track and Field,Men's 110 metres Hurdles,2016-01-01,9753,67,,403
Swimming,Swimming Men's 200 metres Freestyle,2016-01-01,9773,92,,404
Swimming,Swimming Men's 4 x 200 metres Freestyle Relay,2016-01-01,9773,92,,405
Gymnastics,Gymnastics Men's Individual All-Around,2016-01-01,9829,152,,406
Gymnastics,Gymnastics Men's Team All-Around,2016-01-01,9829,152,Silver,407
Gymnastics,Gymnastics Men's Floor Exercise,2016-01-01,9829,152,,408
Gymnastics,Gymnastics Men's Parallel Bars,2016-01-01,9829,152,Bronze,409
Gymnastics,Gymnastics Men's Horizontal Bar,2016-01-01,9829,152,,410
Gymnastics,Gymnastics Men's Rings,2016-01-01,9829,152,,411
Gymnastics,Gymnastics Men's Pommelled Horse,2016-01-01,9829,152,,412
Track and Field,"Men's 3,000 metres Steeplechase",2016-01-01,9931,188,,413
Track and Field,Men's Triple Jump,2016-01-01,9953,195,,414
Track and Field,Men's 800 metres,2016-01-01,10017,92,,415
Track and Field,Women's Pole Vault,2016-01-01,10059,178,,416
Track and Field,Men's Hammer Throw,2016-01-01,10162,73,,417
Swimming,Swimming Men's 200 metres Breaststroke,2016-01-01,10217,73,,418
Swimming,Swimming Men's 4 x 200 metres Freestyle Relay,2016-01-01,10257,195,Gold,419
Track and Field,Women's Marathon,2016-01-01,10351,166,,420
Track and Field,Men's Marathon,2016-01-01,10582,63,,421
Track and Field,Men's 800 metres,2016-01-01,10585,195,,422
Track and Field,"Women's 3,000 metres Steeplechase",2016-01-01,10691,34,,423
Swimming,Swimming Men's 200 metres Freestyle,2016-01-01,10737,84,,424
Swimming,Swimming Men's 400 metres Freestyle,2016-01-01,10737,84,,425
Swimming,Swimming Men's 4 x 200 metres Freestyle Relay,2016-01-01,10737,84,,426
Track and Field,Women's Hammer Throw,2016-01-01,10802,195,,427
Track and Field,Women's Marathon,2016-01-01,10900,92,,428
Track and Field,Men's 400 metres,2016-01-01,10969,58,,429
Swimming,Swimming Men's 50 metres Freestyle,2016-01-01,10980,21,,430
Track and Field,Men's 100 metres,2016-01-01,11006,155,,431
Track and Field,Men's 400 metres Hurdles,2016-01-01,11055,97,,432
Track and Field,"Women's 3,000 metres Steeplechase",2016-01-01,11065,3,,433
Gymnastics,Gymnastics Men's Individual All-Around,2016-01-01,11106,73,,434
Gymnastics,Gymnastics Men's Team All-Around,2016-01-01,11106,73,,435
Gymnastics,Gymnastics Men's Floor Exercise,2016-01-01,11106,73,,436
Gymnastics,Gymnastics Men's Parallel Bars,2016-01-01,11106,73,,437
Gymnastics,Gymnastics Men's Horizontal Bar,2016-01-01,11106,73,,438
Gymnastics,Gymnastics Men's Rings,2016-01-01,11106,73,,439
Gymnastics,Gymnastics Men's Pommelled Horse,2016-01-01,11106,73,,440
Track and Field,"Men's 3,000 metres Steeplechase",2016-01-01,11151,63,,441
Track and Field,Men's 100 metres,2016-01-01,11181,116,,442
Track and Field,"Women's 1,500 metres",2016-01-01,11203,129,,443
Track and Field,Women's Shot Put,2016-01-01,11238,40,,444
Swimming,Swimming Women's 100 metres Butterfly,2016-01-01,11254,92,,445
Swimming,Swimming Women's 4 x 100 metres Medley Relay,2016-01-01,11254,92,,446
Track and Field,Women's 400 metres,2016-01-01,11295,193,,447
Track and Field,Women's 4 x 400 metres Relay,2016-01-01,11295,193,,448
Swimming,Swimming Men's 200 metres Freestyle,2016-01-01,11351,71,,449
Swimming,Swimming Men's 4 x 200 metres Freestyle Relay,2016-01-01,11351,71,,450
Track and Field,Men's 800 metres,2016-01-01,11364,150,,451
Gymnastics,Gymnastics Women's Individual All-Around,2016-01-01,11495,195,Gold,452
Gymnastics,Gymnastics Women's Team All-Around,2016-01-01,11495,195,Gold,453
Gymnastics,Gymnastics Women's Floor Exercise,2016-01-01,11495,195,Gold,454
Gymnastics,Gymnastics Women's Horse Vault,2016-01-01,11495,195,Gold,455
Gymnastics,Gymnastics Women's Uneven Bars,2016-01-01,11495,195,,456
Gymnastics,Gymnastics Women's Balance Beam,2016-01-01,11495,195,Bronze,457
Swimming,Swimming Men's 50 metres Freestyle,2016-01-01,11510,108,,458
Swimming,Swimming Men's 100 metres Freestyle,2016-01-01,11510,108,,459
Swimming,Swimming Men's 4 x 100 metres Medley Relay,2016-01-01,11510,108,,460
Track and Field,Women's 100 metres Hurdles,2016-01-01,11516,67,,461
Track and Field,Men's 50 kilometres Walk,2016-01-01,11538,34,,462
Track and Field,Men's 100 metres,2016-01-01,11611,68,,463
Track and Field,Women's 100 metres,2016-01-01,11615,34,,464
Track and Field,Women's 4 x 100 metres Relay,2016-01-01,11615,34,,465
Track and Field,Men's 20 kilometres Walk,2016-01-01,11673,11,Bronze,466
Track and Field,Men's Shot Put,2016-01-01,11699,11,,467
Track and Field,Women's 800 metres,2016-01-01,11787,34,,468
Track and Field,Men's Marathon,2016-01-01,11866,97,,469
Swimming,Swimming Women's 50 metres Freestyle,2016-01-01,11954,136,,470
Swimming,Swimming Women's 100 metres Freestyle,2016-01-01,11954,136,,471
Gymnastics,Gymnastics Women's Individual All-Around,2016-01-01,11978,34,,472
Gymnastics,Gymnastics Women's Team All-Around,2016-01-01,11978,34,,473
Gymnastics,Gymnastics Women's Floor Exercise,2016-01-01,11978,34,,474
Gymnastics,Gymnastics Women's Horse Vault,2016-01-01,11978,34,,475
Gymnastics,Gymnastics Women's Uneven Bars,2016-01-01,11978,34,,476
Gymnastics,Gymnastics Women's Balance Beam,2016-01-01,11978,34,,477
Track and Field,Men's 100 metres,2016-01-01,12086,93,,478
Track and Field,Men's 200 metres,2016-01-01,12086,93,,479
Track and Field,Men's 4 x 100 metres Relay,2016-01-01,12086,93,Gold,480
Track and Field,"Men's 1,500 metres",2016-01-01,12164,195,,481
Swimming,Swimming Men's 200 metres Individual Medley,2016-01-01,12225,110,,482
Track and Field,Women's Pole Vault,2016-01-01,12233,73,,483
Track and Field,Men's 100 metres,2016-01-01,12244,187,,484
Track and Field,Men's 4 x 100 metres Relay,2016-01-01,12244,187,,485
Swimming,Swimming Men's 100 metres Breaststroke,2016-01-01,12305,34,,486
Swimming,Swimming Men's 4 x 100 metres Medley Relay,2016-01-01,12305,34,,487
Track and Field,Women's 100 metres,2016-01-01,12378,96,,488
Track and Field,Women's 200 metres,2016-01-01,12378,96,,489
Track and Field,Women's 4 x 100 metres Relay,2016-01-01,12378,96,,490
Swimming,Swimming Women's 50 metres Freestyle,2016-01-01,12399,53,Gold,491
Swimming,Swimming Women's 100 metres Freestyle,2016-01-01,12399,53,,492
Swimming,Swimming Women's 4 x 100 metres Freestyle Relay,2016-01-01,12399,53,,493
Swimming,Swimming Women's 4 x 100 metres Medley Relay,2016-01-01,12399,53,Bronze,494
Track and Field,"Women's 1,500 metres",2016-01-01,12410,11,,495
Track and Field,Men's 50 kilometres Walk,2016-01-01,12435,146,,496
Track and Field,Women's 800 metres,2016-01-01,12486,151,,497
Track and Field,"Women's 3,000 metres Steeplechase",2016-01-01,12487,151,,498
Swimming,Swimming Men's 50 metres Freestyle,2016-01-01,12516,92,,499
Track and Field,Men's 100 metres,2016-01-01,12558,130,,500
Track and Field,Men's 200 metres,2016-01-01,12558,130,,501
Track and Field,Men's 4 x 100 metres Relay,2016-01-01,12558,130,,502
Track and Field,Women's 400 metres Hurdles,2016-01-01,12599,11,,503
Track and Field,Men's 200 metres,2016-01-01,12646,193,,504
Track and Field,Women's Shot Put,2016-01-01,12662,130,,505
Swimming,Swimming Women's 200 metres Freestyle,2016-01-01,12747,110,,506
Swimming,Swimming Women's 100 metres Breaststroke,2016-01-01,12808,11,,507
Swimming,Swimming Women's 200 metres Breaststroke,2016-01-01,12808,11,,508
Swimming,Swimming Men's 100 metres Freestyle,2016-01-01,12846,84,,509
Swimming,Swimming Men's 4 x 100 metres Freestyle Relay,2016-01-01,12846,84,,510
Swimming,Swimming Men's 4 x 100 metres Medley Relay,2016-01-01,12846,84,,511
Track and Field,Women's 400 metres,2016-01-01,12909,173,,512
Track and Field,Men's 800 metres,2016-01-01,12925,11,,513
Track and Field,Women's 200 metres,2016-01-01,12972,19,,514
Track and Field,Men's 100 metres,2016-01-01,13029,93,Gold,515
Track and Field,Men's 200 metres,2016-01-01,13029,93,Gold,516
Track and Field,Men's 4 x 100 metres Relay,2016-01-01,13029,93,Gold,517
Track and Field,Men's Triple Jump,2016-01-01,13130,18,,518
Track and Field,Men's High Jump,2016-01-01,13131,193,Bronze,519
Track and Field,Men's 400 metres,2016-01-01,13173,130,,520
Track and Field,Men's 4 x 100 metres Relay,2016-01-01,13173,130,,521
Track and Field,Men's 20 kilometres Walk,2016-01-01,13182,26,,522
Track and Field,Men's 50 kilometres Walk,2016-01-01,13182,26,,523
Track and Field,"Women's 1,500 metres",2016-01-01,13183,159,,524
Track and Field,Women's 20 kilometres Walk,2016-01-01,13213,57,,525
Track and Field,Women's 4 x 400 metres Relay,2016-01-01,13240,50,,526
Swimming,Swimming Women's 100 metres Freestyle,2016-01-01,13251,67,,527
Swimming,Swimming Women's 200 metres Freestyle,2016-01-01,13251,67,,528
Swimming,Swimming Women's 4 x 100 metres Freestyle Relay,2016-01-01,13251,67,,529
Swimming,Swimming Women's 4 x 200 metres Freestyle Relay,2016-01-01,13251,67,,530
Swimming,Swimming Women's 4 x 100 metres Medley Relay,2016-01-01,13251,67,,531
Track and Field,"Men's 3,000 metres Steeplechase",2016-01-01,13379,195,,532
Track and Field,Women's Shot Put,2016-01-01,13437,187,,533
Track and Field,Men's Hammer Throw,2016-01-01,13445,18,,534
Track and Field,Men's Long Jump,2016-01-01,13496,18,,535
Track and Field,Men's 4 x 400 metres Relay,2016-01-01,13541,19,,536
Track and Field,Men's 200 metres,2016-01-01,13543,19,,537
Track and Field,Men's 400 metres,2016-01-01,13543,19,,538
Track and Field,Men's 4 x 400 metres Relay,2016-01-01,13543,19,,539
Track and Field,Men's 400 metres,2016-01-01,13544,19,,540
Track and Field,Men's 4 x 400 metres Relay,2016-01-01,13544,19,,541
Track and Field,Women's 200 metres,2016-01-01,13545,19,,542
Track and Field,Women's Javelin Throw,2016-01-01,13549,195,,543
Swimming,Swimming Men's 4 x 200 metres Freestyle Relay,2016-01-01,13716,170,,544
Swimming,Swimming Men's 4 x 100 metres Medley Relay,2016-01-01,13716,170,,545
Track and Field,Women's Pole Vault,2016-01-01,13754,67,,546
Track and Field,Men's 800 metres,2016-01-01,13770,67,,547
Swimming,Swimming Women's 100 metres Breaststroke,2016-01-01,13791,70,,548
Track and Field,Men's 20 kilometres Walk,2016-01-01,13805,73,,549
Track and Field,Women's 400 metres,2016-01-01,13855,25,,550
Swimming,Swimming Women's 100 metres Backstroke,2016-01-01,13923,34,,551
Swimming,Swimming Women's 200 metres Backstroke,2016-01-01,13923,34,,552
Track and Field,"Men's 3,000 metres Steeplechase",2016-01-01,13947,3,,553
Track and Field,Women's 100 metres,2016-01-01,13981,44,,554
Gymnastics,Gymnastics Women's Individual All-Around,2016-01-01,13985,3,,555
Gymnastics,Gymnastics Women's Floor Exercise,2016-01-01,13985,3,,556
Gymnastics,Gymnastics Women's Uneven Bars,2016-01-01,13985,3,,557
Gymnastics,Gymnastics Women's Balance Beam,2016-01-01,13985,3,,558
Track and Field,Women's Marathon,2016-01-01,14022,125,,559
Track and Field,"Men's 5,000 metres",2016-01-01,14077,125,,560
Swimming,Swimming Men's 4 x 200 metres Freestyle Relay,2016-01-01,14105,67,,561
Gymnastics,Gymnastics Men's Individual All-Around,2016-01-01,14119,3,,562
Gymnastics,Gymnastics Men's Floor Exercise,2016-01-01,14119,3,,563
Gymnastics,Gymnastics Men's Parallel Bars,2016-01-01,14119,3,,564
Gymnastics,Gymnastics Men's Horizontal Bar,2016-01-01,14119,3,,565
Gymnastics,Gymnastics Men's Rings,2016-01-01,14119,3,,566
Gymnastics,Gymnastics Men's Pommelled Horse,2016-01-01,14119,3,,567
Track and Field,Men's Decathlon,2016-01-01,14143,3,,568
Swimming,Swimming Men's 50 metres Freestyle,2016-01-01,14159,67,,569
Swimming,Swimming Men's 50 metres Freestyle,2016-01-01,14227,187,,570
Track and Field,Women's 100 metres,2016-01-01,14266,195,Silver,571
Track and Field,Women's 200 metres,2016-01-01,14266,195,Bronze,572
Track and Field,Women's 4 x 100 metres Relay,2016-01-01,14266,195,Gold,573
Track and Field,Men's 50 kilometres Walk,2016-01-01,14316,90,,574
Track and Field,Women's Pole Vault,2016-01-01,14325,11,,575
Gymnastics,Gymnastics Women's Team All-Around,2016-01-01,14359,67,,576
Gymnastics,Gymnastics Women's Floor Exercise,2016-01-01,14359,67,,577
Gymnastics,Gymnastics Women's Balance Beam,2016-01-01,14359,67,,578
Swimming,Swimming Women's 400 metres Freestyle,2016-01-01,14373,131,,579
Swimming,Swimming Women's 800 metres Freestyle,2016-01-01,14373,131,,580
Track and Field,Men's 100 metres,2016-01-01,14489,195,,581
Gymnastics,Gymnastics Men's Individual All-Around,2016-01-01,14547,179,,582
Gymnastics,Gymnastics Men's Team All-Around,2016-01-01,14547,179,,583
Gymnastics,Gymnastics Men's Floor Exercise,2016-01-01,14547,179,,584
Gymnastics,Gymnastics Men's Parallel Bars,2016-01-01,14547,179,,585
Gymnastics,Gymnastics Men's Horizontal Bar,2016-01-01,14547,179,,586
Gymnastics,Gymnastics Men's Rings,2016-01-01,14547,179,,587
Gymnastics,Gymnastics Men's Pommelled Horse,2016-01-01,14547,179,,588
Track and Field,Men's 50 kilometres Walk,2016-01-01,14599,77,,589
Swimming,Swimming Men's 400 metres Freestyle,2016-01-01,14645,12,,590
Swimming,Swimming Women's 50 metres Freestyle,2016-01-01,14666,71,,591
Track and Field,"Men's 1,500 metres",2016-01-01,14687,34,,592
Track and Field,Men's Decathlon,2016-01-01,14768,130,,593
Track and Field,Men's 400 metres,2016-01-01,14786,199,,594
Track and Field,Men's 4 x 400 metres Relay,2016-01-01,14786,199,,595
Track and Field,Men's Pole Vault,2016-01-01,14810,26,Gold,596
Track and Field,Women's 100 metres,2016-01-01,14865,11,,597
Track and Field,Men's 20 kilometres Walk,2016-01-01,14908,71,,598
Track and Field,Men's 200 metres,2016-01-01,14940,47,,599
Track and Field,Men's 400 metres,2016-01-01,14940,47,,600
Gymnastics,Gymnastics Men's Individual All-Around,2016-01-01,14983,71,,601
Gymnastics,Gymnastics Men's Team All-Around,2016-01-01,14983,71,,602
Gymnastics,Gymnastics Men's Floor Exercise,2016-01-01,14983,71,,603
Gymnastics,Gymnastics Men's Parallel Bars,2016-01-01,14983,71,,604
Gymnastics,Gymnastics Men's Horizontal Bar,2016-01-01,14983,71,,605
Gymnastics,Gymnastics Men's Rings,2016-01-01,14983,71,,606
Gymnastics,Gymnastics Men's Pommelled Horse,2016-01-01,14983,71,,607
Gymnastics,Gymnastics Women's Individual All-Around,2016-01-01,15000,67,,608
Gymnastics,Gymnastics Women's Team All-Around,2016-01-01,15000,67,,609
Gymnastics,Gymnastics Women's Floor Exercise,2016-01-01,15000,67,,610
Gymnastics,Gymnastics Women's Uneven Bars,2016-01-01,15000,67,,611
Gymnastics,Gymnastics Women's Balance Beam,2016-01-01,15000,67,,612
Track and Field,Men's Long Jump,2016-01-01,15179,170,,613
Track and Field,Women's Marathon,2016-01-01,15192,90,,614
Swimming,Swimming Women's 4 x 100 metres Freestyle Relay,2016-01-01,15210,53,,615
Track and Field,Women's Heptathlon,2016-01-01,15299,130,,616
Track and Field,Men's 100 metres,2016-01-01,15325,195,,617
Track and Field,Men's 4 x 100 metres Relay,2016-01-01,15325,195,,618
Swimming,Swimming Men's 200 metres Butterfly,2016-01-01,15326,53,,619
Gymnastics,Gymnastics Men's Individual All-Around,2016-01-01,15374,195,,620
Gymnastics,Gymnastics Men's Team All-Around,2016-01-01,15374,195,,621
Gymnastics,Gymnastics Men's Floor Exercise,2016-01-01,15374,195,,622
Gymnastics,Gymnastics Men's Parallel Bars,2016-01-01,15374,195,,623
Gymnastics,Gymnastics Men's Horizontal Bar,2016-01-01,15374,195,,624
Gymnastics,Gymnastics Men's Rings,2016-01-01,15374,195,,625
Gymnastics,Gymnastics Men's Pommelled Horse,2016-01-01,15374,195,,626
Track and Field,Men's 100 metres,2016-01-01,15460,34,,627
Track and Field,Men's 200 metres,2016-01-01,15460,34,,628
Track and Field,Men's 4 x 100 metres Relay,2016-01-01,15460,34,Bronze,629
Track and Field,Women's 400 metres,2016-01-01,15464,34,,630
Track and Field,Women's 4 x 400 metres Relay,2016-01-01,15464,34,,631
Track and Field,Men's 400 metres,2016-01-01,15488,14,,632
Track and Field,Men's 4 x 400 metres Relay,2016-01-01,15488,14,Bronze,633
Swimming,Swimming Men's 200 metres Freestyle,2016-01-01,15507,170,,634
Swimming,Swimming Men's 400 metres Freestyle,2016-01-01,15507,170,,635
Swimming,Swimming Men's 4 x 200 metres Freestyle Relay,2016-01-01,15507,170,,636
Swimming,Swimming Men's 4 x 100 metres Medley Relay,2016-01-01,15507,170,,637
Track and Field,Men's 100 metres,2016-01-01,15550,15,,638
Track and Field,"Men's 5,000 metres",2016-01-01,15671,34,,639
Swimming,Swimming Women's 200 metres Freestyle,2016-01-01,15710,71,,640
Swimming,Swimming Women's 4 x 200 metres Freestyle Relay,2016-01-01,15710,71,,641
Swimming,Swimming Women's 4 x 100 metres Medley Relay,2016-01-01,15710,71,,642
Track and Field,Men's 100 metres,2016-01-01,15717,170,,643
Track and Field,Women's Long Jump,2016-01-01,15729,134,,644
Swimming,Swimming Women's 10 kilometres Open Water,2016-01-01,15788,92,Silver,645
Track and Field,Men's Marathon,2016-01-01,15823,8,,646
Swimming,Swimming Men's 50 metres Freestyle,2016-01-01,15885,152,,647
Track and Field,Women's 200 metres,2016-01-01,15932,193,,648
Track and Field,Women's 4 x 100 metres Relay,2016-01-01,15932,193,,649
Swimming,Swimming Men's 400 metres Freestyle,2016-01-01,15944,130,,650
Swimming,Swimming Men's 4 x 200 metres Freestyle Relay,2016-01-01,15944,130,,651
Track and Field,Men's 20 kilometres Walk,2016-01-01,15950,146,,652
Swimming,Swimming Women's 200 metres Freestyle,2016-01-01,15962,65,,653
Track and Field,Men's 800 metres,2016-01-01,15971,53,,654
Track and Field,Men's High Jump,2016-01-01,15973,166,,655
Track and Field,Women's 800 metres,2016-01-01,16031,179,,656
Track and Field,Women's Pole Vault,2016-01-01,16054,179,,657
Track and Field,"Women's 1,500 metres",2016-01-01,16105,11,,658
Swimming,Swimming Women's 50 metres Freestyle,2016-01-01,16137,101,,659
Track and Field,Men's 50 kilometres Walk,2016-01-01,16167,193,,660
Track and Field,Men's 110 metres Hurdles,2016-01-01,16237,71,,661
Gymnastics,Gymnastics Women's Team All-Around,2016-01-01,16249,71,,662
Gymnastics,Gymnastics Women's Floor Exercise,2016-01-01,16249,71,,663
Gymnastics,Gymnastics Women's Uneven Bars,2016-01-01,16249,71,,664
Track and Field,Women's Triple Jump,2016-01-01,16279,151,,665
Track and Field,Men's Shot Put,2016-01-01,16306,146,,666
Track and Field,Men's 400 metres Hurdles,2016-01-01,16399,19,,667
Track and Field,Women's 400 metres,2016-01-01,16428,73,,668
Track and Field,"Women's 10,000 metres",2016-01-01,16592,63,,669
Track and Field,Men's 4 x 400 metres Relay,2016-01-01,16651,26,,670
Swimming,Swimming Men's 10 kilometres Open Water,2016-01-01,16670,73,,671
Swimming,Swimming Men's 4 x 100 metres Medley Relay,2016-01-01,16860,67,,672
Track and Field,"Men's 1,500 metres",2016-01-01,16876,173,,673
Track and Field,"Men's 5,000 metres",2016-01-01,16887,73,,674
Swimming,Swimming Men's 400 metres Freestyle,2016-01-01,16918,36,,675
Swimming,Swimming Women's 100 metres Backstroke,2016-01-01,16926,36,,676
Track and Field,Men's 400 metres,2016-01-01,16940,193,,677
Swimming,Swimming Women's 100 metres Butterfly,2016-01-01,16995,19,,678
Track and Field,Women's 20 kilometres Walk,2016-01-01,17004,146,,679
Track and Field,Men's 20 kilometres Walk,2016-01-01,17049,171,,680
Track and Field,Women's Discus Throw,2016-01-01,17125,50,Bronze,681
Track and Field,Women's 20 kilometres Walk,2016-01-01,17144,147,,682
Track and Field,"Men's 3,000 metres Steeplechase",2016-01-01,17159,195,,683
Track and Field,Men's 110 metres Hurdles,2016-01-01,17161,34,,684
Swimming,Swimming Women's 400 metres Freestyle,2016-01-01,17183,17,,685
Track and Field,Women's Heptathlon,2016-01-01,17215,52,,686
Track and Field,Men's 200 metres,2016-01-01,17236,17,,687
Track and Field,Men's Marathon,2016-01-01,17250,19,,688
Swimming,Swimming Men's 200 metres Breaststroke,2016-01-01,17254,19,,689
Track and Field,Men's 20 kilometres Walk,2016-01-01,17300,40,Silver,690
Swimming,Swimming Women's 200 metres Backstroke,2016-01-01,17415,34,Bronze,691
Track and Field,Women's Marathon,2016-01-01,17470,57,,692
Track and Field,Men's 4 x 100 metres Relay,2016-01-01,17478,187,,693
Gymnastics,Gymnastics Men's Individual All-Around,2016-01-01,17528,42,,694
Gymnastics,Gymnastics Men's Floor Exercise,2016-01-01,17528,42,,695
Gymnastics,Gymnastics Men's Parallel Bars,2016-01-01,17528,42,,696
Gymnastics,Gymnastics Men's Horizontal Bar,2016-01-01,17528,42,,697
Gymnastics,Gymnastics Men's Rings,2016-01-01,17528,42,,698
Gymnastics,Gymnastics Men's Pommelled Horse,2016-01-01,17528,42,,699
Track and Field,Men's Long Jump,2016-01-01,17560,71,,700
Swimming,Swimming Men's 50 metres Freestyle,2016-01-01,17561,78,,701
Track and Field,Men's 100 metres,2016-01-01,17602,94,,702
Track and Field,Men's 4 x 100 metres Relay,2016-01-01,17602,94,Silver,703
Track and Field,Women's Hammer Throw,2016-01-01,17679,195,,704
Swimming,Swimming Women's 50 metres Freestyle,2016-01-01,17684,11,,705
Swimming,Swimming Women's 100 metres Freestyle,2016-01-01,17684,11,,706
Swimming,Swimming Women's 4 x 100 metres Freestyle Relay,2016-01-01,17684,11,Gold,707
Swimming,Swimming Women's 50 metres Freestyle,2016-01-01,17687,11,,708
Swimming,Swimming Women's 100 metres Freestyle,2016-01-01,17687,11,,709
Swimming,Swimming Women's 4 x 100 metres Freestyle Relay,2016-01-01,17687,11,Gold,710
Swimming,Swimming Women's 4 x 100 metres Medley Relay,2016-01-01,17687,11,Silver,711
Track and Field,"Men's 5,000 metres",2016-01-01,17726,93,,712
Track and Field,Women's 800 metres,2016-01-01,17748,93,,713
Track and Field,Women's 200 metres,2016-01-01,17755,93,,714
Track and Field,Women's 4 x 100 metres Relay,2016-01-01,17755,93,Silver,715
Track and Field,Men's 20 kilometres Walk,2016-01-01,17769,67,,716
Track and Field,Men's 50 kilometres Walk,2016-01-01,17800,144,,717
Track and Field,"Women's 5,000 metres",2016-01-01,17836,189,,718
Track and Field,"Women's 10,000 metres",2016-01-01,17836,189,,719
Track and Field,Men's 20 kilometres Walk,2016-01-01,17943,8,,720
Track and Field,Men's Triple Jump,2016-01-01,18000,40,,721
Swimming,Swimming Women's 400 metres Freestyle,2016-01-01,18006,40,,722
Track and Field,Men's 50 kilometres Walk,2016-01-01,18058,92,,723
Track and Field,Women's 400 metres Hurdles,2016-01-01,18127,92,,724
Track and Field,Women's Discus Throw,2016-01-01,18167,195,,725
Track and Field,Women's 20 kilometres Walk,2016-01-01,18197,147,,726
Swimming,Swimming Women's 400 metres Freestyle,2016-01-01,18271,92,,727
Swimming,Swimming Women's 400 metres Freestyle,2016-01-01,18278,73,Silver,728
Swimming,Swimming Women's 800 metres Freestyle,2016-01-01,18278,73,Silver,729
Swimming,Swimming Men's 100 metres Breaststroke,2016-01-01,18411,109,,730
Swimming,Swimming Men's 200 metres Breaststroke,2016-01-01,18411,109,,731
Swimming,Swimming Women's 100 metres Breaststroke,2016-01-01,18511,92,,732
Track and Field,Men's 4 x 100 metres Relay,2016-01-01,18542,50,,733
Track and Field,Women's 20 kilometres Walk,2016-01-01,18562,42,,734
Track and Field,"Men's 3,000 metres Steeplechase",2016-01-01,18575,173,,735
Track and Field,"Men's 1,500 metres",2016-01-01,18610,131,,736
Track and Field,Men's 110 metres Hurdles,2016-01-01,18635,93,,737
Swimming,Swimming Men's 100 metres Freestyle,2016-01-01,18637,187,,738
Track and Field,Women's Shot Put,2016-01-01,18653,195,Gold,739
Track and Field,"Women's 5,000 metres",2016-01-01,18667,19,,740
Swimming,Swimming Men's 200 metres Individual Medley,2016-01-01,18689,147,,741
Track and Field,"Men's 1,500 metres",2016-01-01,18690,67,,742
Track and Field,Men's 50 kilometres Walk,2016-01-01,18699,147,,743
Track and Field,Men's Marathon,2016-01-01,18706,119,,744
Track and Field,Men's Discus Throw,2016-01-01,18741,173,,745
Track and Field,Women's 4 x 400 metres Relay,2016-01-01,18745,50,,746
Track and Field,"Women's 3,000 metres Steeplechase",2016-01-01,18795,8,,747
Track and Field,Men's Marathon,2016-01-01,18890,141,,748
Swimming,Swimming Women's 100 metres Breaststroke,2016-01-01,18930,92,,749
Swimming,Swimming Women's 4 x 100 metres Medley Relay,2016-01-01,18930,92,,750
Track and Field,Men's Marathon,2016-01-01,18936,173,,751
Track and Field,Women's 100 metres Hurdles,2016-01-01,18976,195,Bronze,752
Track and Field,Women's 20 kilometres Walk,2016-01-01,18983,23,,753
Track and Field,Men's High Jump,2016-01-01,19011,148,,754
Swimming,Swimming Women's 200 metres Freestyle,2016-01-01,19021,173,,755
Swimming,Swimming Women's 4 x 100 metres Freestyle Relay,2016-01-01,19021,173,,756
Swimming,Swimming Women's 4 x 200 metres Freestyle Relay,2016-01-01,19021,173,,757
Gymnastics,Gymnastics Women's Individual All-Around,2016-01-01,19025,39,,758
Gymnastics,Gymnastics Women's Floor Exercise,2016-01-01,19025,39,,759
Gymnastics,Gymnastics Women's Uneven Bars,2016-01-01,19025,39,,760
Gymnastics,Gymnastics Women's Balance Beam,2016-01-01,19025,39,,761
Track and Field,Men's 400 metres Hurdles,2016-01-01,19061,93,,762
Swimming,Swimming Women's 4 x 200 metres Freestyle Relay,2016-01-01,19123,26,,763
Track and Field,Men's 400 metres,2016-01-01,19255,187,,764
Track and Field,Men's 4 x 400 metres Relay,2016-01-01,19255,187,,765
Swimming,Swimming Women's 200 metres Freestyle,2016-01-01,19273,144,,766
Track and Field,Women's Marathon,2016-01-01,19306,102,,767
Track and Field,"Men's 1,500 metres",2016-01-01,19335,195,Gold,768
Swimming,"Swimming Men's 1,500 metres Freestyle",2016-01-01,19349,24,,769
Swimming,Swimming Men's 200 metres Breaststroke,2016-01-01,19368,26,,770
Track and Field,Women's High Jump,2016-01-01,19406,167,,771
Track and Field,Women's Marathon,2016-01-01,19525,57,,772
Track and Field,Men's 4 x 400 metres Relay,2016-01-01,19528,50,,773
Swimming,Swimming Men's 100 metres Freestyle,2016-01-01,19603,11,Gold,774
Swimming,Swimming Men's 4 x 100 metres Freestyle Relay,2016-01-01,19603,11,Bronze,775
Swimming,Swimming Men's 4 x 100 metres Medley Relay,2016-01-01,19603,11,Bronze,776
Track and Field,Men's Long Jump,2016-01-01,19692,83,,777
Track and Field,Women's 100 metres,2016-01-01,19717,86,,778
Track and Field,"Men's 10,000 metres",2016-01-01,19795,15,,779
Swimming,Swimming Women's 100 metres Freestyle,2016-01-01,19797,183,,780
Track and Field,Men's 4 x 400 metres Relay,2016-01-01,19896,56,,781
Track and Field,Women's 400 metres Hurdles,2016-01-01,19964,34,,782
Track and Field,Men's High Jump,2016-01-01,20039,144,,783
Track and Field,Women's Marathon,2016-01-01,20057,8,,784
Swimming,Swimming Men's 50 metres Freestyle,2016-01-01,20073,83,,785
Track and Field,Women's 800 metres,2016-01-01,20082,97,,786
Track and Field,"Women's 5,000 metres",2016-01-01,20126,192,,787
Track and Field,"Women's 10,000 metres",2016-01-01,20126,192,,788
Track and Field,"Men's 5,000 metres",2016-01-01,20133,195,Silver,789
Track and Field,Women's Marathon,2016-01-01,20135,15,,790
Track and Field,Women's Marathon,2016-01-01,20147,91,,791
Track and Field,"Women's 3,000 metres Steeplechase",2016-01-01,20149,192,,792
Track and Field,Men's 400 metres Hurdles,2016-01-01,20162,41,,793
Track and Field,Men's 20 kilometres Walk,2016-01-01,20182,40,,794
Swimming,Swimming Women's 200 metres Backstroke,2016-01-01,20214,40,,795
Swimming,Swimming Women's 100 metres Butterfly,2016-01-01,20299,40,,796
Track and Field,Women's Discus Throw,2016-01-01,20307,40,,797
Track and Field,Women's Marathon,2016-01-01,20322,41,,798
Swimming,Swimming Women's 50 metres Freestyle,2016-01-01,20352,83,,799
Swimming,Swimming Women's 100 metres Freestyle,2016-01-01,20352,83,,800
Swimming,Swimming Women's 200 metres Freestyle,2016-01-01,20352,83,,801
Swimming,Swimming Women's 4 x 100 metres Medley Relay,2016-01-01,20352,83,,802
Track and Field,"Women's 3,000 metres Steeplechase",2016-01-01,20413,97,,803
Track and Field,"Women's 1,500 metres",2016-01-01,20414,97,,804
Track and Field,"Men's 5,000 metres",2016-01-01,20418,192,,805
Track and Field,"Men's 10,000 metres",2016-01-01,20418,192,,806
Swimming,Swimming Women's 100 metres Butterfly,2016-01-01,20422,75,,807
Track and Field,"Men's 10,000 metres",2016-01-01,20502,15,,808
Track and Field,"Women's 5,000 metres",2016-01-01,20505,97,,809
Track and Field,"Women's 5,000 metres",2016-01-01,20525,97,Gold,810
Track and Field,"Women's 10,000 metres",2016-01-01,20525,97,Silver,811
Track and Field,"Men's 3,000 metres Steeplechase",2016-01-01,20526,15,,812
Track and Field,"Women's 5,000 metres",2016-01-01,20536,192,,813
Track and Field,Men's High Jump,2016-01-01,20537,92,,814
Swimming,Swimming Men's 100 metres Freestyle,2016-01-01,20556,116,,815
Track and Field,Men's Pole Vault,2016-01-01,20647,8,,816
Track and Field,Men's 400 metres,2016-01-01,20693,150,,817
Swimming,Swimming Men's 100 metres Freestyle,2016-01-01,20694,26,,818
Swimming,Swimming Men's 4 x 100 metres Freestyle Relay,2016-01-01,20694,26,,819
Swimming,Swimming Men's 4 x 100 metres Medley Relay,2016-01-01,20694,26,,820
Track and Field,Women's 400 metres,2016-01-01,20706,92,,821
Track and Field,Women's 4 x 400 metres Relay,2016-01-01,20706,92,,822
Track and Field,Men's 50 kilometres Walk,2016-01-01,20717,144,,823
Swimming,Swimming Women's 100 metres Breaststroke,2016-01-01,20727,152,,824
Track and Field,Women's 400 metres Hurdles,2016-01-01,20742,73,,825
Track and Field,Women's 4 x 400 metres Relay,2016-01-01,20742,73,Bronze,826
Track and Field,Women's 200 metres,2016-01-01,20758,9,,827
Swimming,Swimming Women's 100 metres Butterfly,2016-01-01,20769,152,,828
Swimming,Swimming Women's 4 x 100 metres Medley Relay,2016-01-01,20769,152,,829
Track and Field,Men's Marathon,2016-01-01,20812,202,,830
Swimming,Swimming Women's 100 metres Breaststroke,2016-01-01,20844,121,,831
Track and Field,"Men's 5,000 metres",2016-01-01,20864,112,,832
Track and Field,Men's 20 kilometres Walk,2016-01-01,20945,57,,833
Track and Field,Men's 50 kilometres Walk,2016-01-01,20945,57,,834
Track and Field,Men's 20 kilometres Walk,2016-01-01,20956,171,,835
Swimming,Swimming Men's 200 metres Breaststroke,2016-01-01,21009,171,,836
Track and Field,Men's High Jump,2016-01-01,21122,51,,837
Swimming,Swimming Men's 200 metres Freestyle,2016-01-01,21289,136,,838
Swimming,Swimming Men's 400 metres Freestyle,2016-01-01,21289,136,,839
Swimming,"Swimming Men's 1,500 metres Freestyle",2016-01-01,21289,136,,840
Swimming,Swimming Men's 200 metres Breaststroke,2016-01-01,21439,152,Bronze,841
Swimming,Swimming Men's 4 x 100 metres Medley Relay,2016-01-01,21439,152,,842
Track and Field,Men's High Jump,2016-01-01,21460,18,,843
Gymnastics,Gymnastics Women's Horse Vault,2016-01-01,21462,198,,844
Gymnastics,Gymnastics Women's Balance Beam,2016-01-01,21462,198,,845
Track and Field,Women's 800 metres,2016-01-01,21527,146,,846
Track and Field,"Women's 1,500 metres",2016-01-01,21527,146,,847
Track and Field,Men's Hammer Throw,2016-01-01,21546,173,,848
Swimming,Swimming Women's 4 x 100 metres Freestyle Relay,2016-01-01,21612,67,,849
Track and Field,Women's Marathon,2016-01-01,21676,151,,850
Track and Field,Women's Marathon,2016-01-01,21822,11,,851
Track and Field,Men's 4 x 100 metres Relay,2016-01-01,21844,154,,852
Track and Field,Women's 400 metres,2016-01-01,21869,34,,853
Track and Field,Women's 4 x 400 metres Relay,2016-01-01,21872,14,,854
Track and Field,Men's 110 metres Hurdles,2016-01-01,21873,73,,855
Swimming,Swimming Men's 100 metres Breaststroke,2016-01-01,21936,199,,856
Swimming,Swimming Men's 200 metres Breaststroke,2016-01-01,21936,199,,857
Track and Field,Women's 400 metres Hurdles,2016-01-01,21944,148,,858
Track and Field,Men's Triple Jump,2016-01-01,21954,195,Silver,859
Track and Field,Men's 400 metres Hurdles,2016-01-01,21990,195,Gold,860
Track and Field,Men's 4 x 400 metres Relay,2016-01-01,22002,195,Gold,861
Track and Field,Men's Marathon,2016-01-01,22069,90,,862
Swimming,Swimming Women's 200 metres Freestyle,2016-01-01,22121,73,,863
Swimming,Swimming Women's 4 x 200 metres Freestyle Relay,2016-01-01,22121,73,,864
Swimming,Swimming Women's 4 x 100 metres Medley Relay,2016-01-01,22121,73,,865
Track and Field,"Women's 3,000 metres Steeplechase",2016-01-01,22143,195,Bronze,866
Swimming,Swimming Men's 400 metres Freestyle,2016-01-01,22166,34,,867
Swimming,"Swimming Men's 1,500 metres Freestyle",2016-01-01,22166,34,,868
Track and Field,Men's 50 kilometres Walk,2016-01-01,22170,151,,869
Swimming,Swimming Men's 100 metres Butterfly,2016-01-01,22196,92,,870
Swimming,Swimming Men's 4 x 100 metres Medley Relay,2016-01-01,22196,92,,871
Track and Field,Men's 4 x 100 metres Relay,2016-01-01,22203,130,,872
Swimming,Swimming Men's 200 metres Butterfly,2016-01-01,22219,67,,873
Track and Field,Men's Decathlon,2016-01-01,22227,170,,874
Track and Field,Men's 4 x 100 metres Relay,2016-01-01,22342,195,,875
Swimming,Swimming Women's 200 metres Freestyle,2016-01-01,22355,178,,876
Swimming,Swimming Women's 4 x 100 metres Freestyle Relay,2016-01-01,22355,178,,877
Swimming,Swimming Women's 4 x 200 metres Freestyle Relay,2016-01-01,22355,178,,878
Swimming,Swimming Women's 4 x 100 metres Medley Relay,2016-01-01,22355,178,,879
Track and Field,Men's 4 x 400 metres Relay,2016-01-01,22409,50,,880
Track and Field,Men's Triple Jump,2016-01-01,22431,14,,881
Track and Field,Men's 100 metres,2016-01-01,22468,154,,882
Track and Field,Men's 4 x 100 metres Relay,2016-01-01,22468,154,,883
Track and Field,Men's Marathon,2016-01-01,22539,42,,884
Track and Field,Women's Discus Throw,2016-01-01,22575,8,,885
Track and Field,Men's Triple Jump,2016-01-01,22604,67,,886
Swimming,Swimming Women's 4 x 100 metres Medley Relay,2016-01-01,22622,26,,887
Swimming,Swimming Men's 50 metres Freestyle,2016-01-01,22641,34,,888
Swimming,Swimming Men's 100 metres Freestyle,2016-01-01,22641,34,,889
Swimming,Swimming Men's 4 x 100 metres Freestyle Relay,2016-01-01,22641,34,,890
Swimming,Swimming Men's 100 metres Butterfly,2016-01-01,22641,34,,891
Track and Field,"Women's 1,500 metres",2016-01-01,22649,42,,892
Swimming,Swimming Men's 4 x 200 metres Freestyle Relay,2016-01-01,22662,195,Gold,893
Track and Field,Women's 100 metres,2016-01-01,22674,170,,894
Track and Field,Women's 200 metres,2016-01-01,22674,170,,895
Track and Field,"Women's 5,000 metres",2016-01-01,22675,195,,896
Track and Field,Women's Marathon,2016-01-01,22694,90,,897
Track and Field,Men's 110 metres Hurdles,2016-01-01,22810,173,,898
Swimming,Swimming Women's 400 metres Freestyle,2016-01-01,22865,11,,899
Swimming,Swimming Women's 800 metres Freestyle,2016-01-01,22865,11,,900
Swimming,Swimming Women's 4 x 200 metres Freestyle Relay,2016-01-01,22865,11,Silver,901
Track and Field,Men's Marathon,2016-01-01,22901,34,,902
Track and Field,Men's Marathon,2016-01-01,22961,174,,903
Track and Field,Men's Javelin Throw,2016-01-01,22974,65,,904
Track and Field,Men's 400 metres Hurdles,2016-01-01,22978,189,Bronze,905
Swimming,Swimming Men's 100 metres Breaststroke,2016-01-01,23040,195,,906
Swimming,Swimming Men's 200 metres Breaststroke,2016-01-01,23040,195,,907
Swimming,Swimming Men's 4 x 100 metres Medley Relay,2016-01-01,23040,195,Gold,908
Gymnastics,Gymnastics Men's Horizontal Bar,2016-01-01,23050,8,,909
Track and Field,Women's 20 kilometres Walk,2016-01-01,23092,23,,910
Track and Field,Women's 20 kilometres Walk,2016-01-01,23140,23,,911
Gymnastics,Gymnastics Men's Parallel Bars,2016-01-01,23149,120,,912
Gymnastics,Gymnastics Men's Pommelled Horse,2016-01-01,23149,120,,913
Track and Field,Men's Triple Jump,2016-01-01,23160,67,,914
Track and Field,Women's Pole Vault,2016-01-01,23289,26,,915
Track and Field,Women's Long Jump,2016-01-01,23296,26,,916
Track and Field,Women's Triple Jump,2016-01-01,23296,26,,917
Swimming,Swimming Women's 200 metres Freestyle,2016-01-01,23303,173,,918
Swimming,Swimming Women's 400 metres Freestyle,2016-01-01,23303,173,,919
Swimming,Swimming Women's 4 x 100 metres Freestyle Relay,2016-01-01,23303,173,,920
Swimming,Swimming Women's 4 x 200 metres Freestyle Relay,2016-01-01,23303,173,,921
Track and Field,Women's Triple Jump,2016-01-01,23314,147,,922
Swimming,Swimming Men's 4 x 100 metres Freestyle Relay,2016-01-01,23331,151,,923
Track and Field,Women's 400 metres,2016-01-01,23504,26,,924
Track and Field,Women's 4 x 400 metres Relay,2016-01-01,23504,26,,925
Track and Field,Men's 400 metres Hurdles,2016-01-01,23511,126,,926
Swimming,Swimming Women's 200 metres Individual Medley,2016-01-01,23519,11,,927
Swimming,Swimming Women's 100 metres Backstroke,2016-01-01,23549,203,,928
Swimming,Swimming Women's 200 metres Backstroke,2016-01-01,23549,203,,929
Track and Field,Men's 20 kilometres Walk,2016-01-01,23573,11,,930
Track and Field,Women's 4 x 400 metres Relay,2016-01-01,23579,14,,931
Track and Field,Women's Discus Throw,2016-01-01,23641,71,,932
Track and Field,Men's 400 metres Hurdles,2016-01-01,23731,145,,933
Swimming,Swimming Men's 100 metres Breaststroke,2016-01-01,23765,141,,934
Track and Field,Women's 100 metres,2016-01-01,23772,117,,935
Swimming,Swimming Women's 200 metres Individual Medley,2016-01-01,23792,162,,936
Swimming,Swimming Women's 400 metres Individual Medley,2016-01-01,23792,162,,937
Track and Field,Women's Shot Put,2016-01-01,23794,34,,938
Swimming,Swimming Men's 4 x 200 metres Freestyle Relay,2016-01-01,23874,19,,939
Swimming,Swimming Men's 200 metres Butterfly,2016-01-01,23874,19,,940
Swimming,Swimming Men's 200 metres Breaststroke,2016-01-01,23972,170,,941
Track and Field,Men's Shot Put,2016-01-01,23974,195,Gold,942
Track and Field,Men's Javelin Throw,2016-01-01,23975,195,,943
Gymnastics,Gymnastics Men's Individual All-Around,2016-01-01,23984,122,,944
Gymnastics,Gymnastics Men's Floor Exercise,2016-01-01,23984,122,,945
Gymnastics,Gymnastics Men's Parallel Bars,2016-01-01,23984,122,,946
Gymnastics,Gymnastics Men's Horizontal Bar,2016-01-01,23984,122,,947
Gymnastics,Gymnastics Men's Rings,2016-01-01,23984,122,,948
Gymnastics,Gymnastics Men's Pommelled Horse,2016-01-01,23984,122,,949
Swimming,Swimming Men's 100 metres Butterfly,2016-01-01,24093,84,Silver,950
Swimming,Swimming Men's 200 metres Butterfly,2016-01-01,24093,84,,951
Track and Field,Men's Marathon,2016-01-01,24103,84,,952
Track and Field,Men's 400 metres,2016-01-01,24206,56,,953
Track and Field,Men's 4 x 400 metres Relay,2016-01-01,24206,56,,954
Track and Field,Men's Marathon,2016-01-01,24213,197,,955
Track and Field,Men's Marathon,2016-01-01,24214,197,,956
Track and Field,Men's 400 metres Hurdles,2016-01-01,24280,148,,957
Swimming,Swimming Women's 10 kilometres Open Water,2016-01-01,24317,26,,958
Track and Field,Men's Pole Vault,2016-01-01,24339,195,,959
Track and Field,Women's High Jump,2016-01-01,24344,195,,960
Track and Field,Men's Pole Vault,2016-01-01,24470,73,,961
Track and Field,Women's 20 kilometres Walk,2016-01-01,24523,166,,962
Swimming,Swimming Men's 4 x 100 metres Freestyle Relay,2016-01-01,24551,146,,963
Swimming,Swimming Men's 100 metres Butterfly,2016-01-01,24551,146,,964
Swimming,Swimming Men's 4 x 100 metres Medley Relay,2016-01-01,24551,146,,965
Track and Field,Men's 110 metres Hurdles,2016-01-01,24579,146,,966
Track and Field,"Women's 5,000 metres",2016-01-01,24584,195,,967
Swimming,Swimming Men's 200 metres Freestyle,2016-01-01,24621,92,,968
Swimming,Swimming Men's 4 x 200 metres Freestyle Relay,2016-01-01,24621,92,,969
Swimming,Swimming Women's 100 metres Backstroke,2016-01-01,24673,173,,970
Swimming,Swimming Women's 200 metres Backstroke,2016-01-01,24673,173,,971
Track and Field,Women's Marathon,2016-01-01,24680,26,,972
Track and Field,Men's 100 metres,2016-01-01,24705,79,,973
Track and Field,Men's Marathon,2016-01-01,24733,147,,974
Track and Field,Men's 200 metres,2016-01-01,24742,26,,975
Track and Field,Men's 200 metres,2016-01-01,24760,185,,976
Track and Field,Men's Discus Throw,2016-01-01,24784,93,,977
Track and Field,Women's Heptathlon,2016-01-01,24793,12,,978
Swimming,Swimming Men's 4 x 200 metres Freestyle Relay,2016-01-01,24849,53,,979
Track and Field,Women's Hammer Throw,2016-01-01,24872,8,,980
Track and Field,Men's Shot Put,2016-01-01,24896,71,,981
Track and Field,Women's Marathon,2016-01-01,24899,3,,982
Gymnastics,Gymnastics Men's Team All-Around,2016-01-01,25040,195,,983
Gymnastics,Gymnastics Men's Floor Exercise,2016-01-01,25040,195,,984
Gymnastics,Gymnastics Men's Horse Vault,2016-01-01,25040,195,,985
Gymnastics,Gymnastics Men's Parallel Bars,2016-01-01,25040,195,,986
Gymnastics,Gymnastics Men's Horizontal Bar,2016-01-01,25040,195,,987
Gymnastics,Gymnastics Men's Rings,2016-01-01,25040,195,,988
Track and Field,Men's Marathon,2016-01-01,25075,123,,989
Track and Field,"Women's 3,000 metres Steeplechase",2016-01-01,25160,29,,990
Swimming,Swimming Men's 100 metres Freestyle,2016-01-01,25181,48,,991
Swimming,Swimming Women's 50 metres Freestyle,2016-01-01,25192,64,,992
Track and Field,Men's 100 metres,2016-01-01,25300,78,,993
Track and Field,Women's 400 metres,2016-01-01,25308,115,,994
Track and Field,Men's 400 metres Hurdles,2016-01-01,25394,43,,995
Swimming,Swimming Men's 4 x 100 metres Medley Relay,2016-01-01,25397,34,,996
Track and Field,Men's 100 metres,2016-01-01,25431,73,,997
Swimming,Swimming Women's 100 metres Freestyle,2016-01-01,25434,151,,998
Track and Field,Men's 200 metres,2016-01-01,25460,72,,999
Track and Field,Women's Marathon,2016-01-01,25509,67,,1000
Gymnastics,Gymnastics Men's Team All-Around,2016-01-01,25520,71,,1001
Gymnastics,Gymnastics Men's Parallel Bars,2016-01-01,25520,71,,1002
Gymnastics,Gymnastics Men's Rings,2016-01-01,25520,71,,1003
Gymnastics,Gymnastics Men's Pommelled Horse,2016-01-01,25520,71,,1004
Track and Field,Women's 400 metres Hurdles,2016-01-01,25530,19,,1005
Track and Field,Men's 800 metres,2016-01-01,25575,26,,1006
Swimming,Swimming Women's 100 metres Backstroke,2016-01-01,25620,73,,1007
Swimming,Swimming Women's 4 x 100 metres Medley Relay,2016-01-01,25620,73,,1008
Track and Field,Women's Marathon,2016-01-01,25663,195,,1009
Gymnastics,Gymnastics Men's Horse Vault,2016-01-01,25746,9,,1010
Track and Field,Women's 400 metres,2016-01-01,25807,93,,1011
Track and Field,Women's 4 x 400 metres Relay,2016-01-01,25807,93,Silver,1012
Track and Field,Men's 800 metres,2016-01-01,25891,173,,1013
Track and Field,Men's 200 metres,2016-01-01,25906,26,,1014
Track and Field,Men's 4 x 100 metres Relay,2016-01-01,25906,26,,1015
Track and Field,"Women's 10,000 metres",2016-01-01,26013,26,,1016
Swimming,Swimming Men's 200 metres Backstroke,2016-01-01,26073,26,,1017
Swimming,Swimming Men's 200 metres Butterfly,2016-01-01,26073,26,,1018
Track and Field,Men's 100 metres,2016-01-01,26135,34,Bronze,1019
Track and Field,Men's 200 metres,2016-01-01,26135,34,Silver,1020
Track and Field,Men's 4 x 100 metres Relay,2016-01-01,26135,34,Bronze,1021
Track and Field,Women's Marathon,2016-01-01,26254,144,,1022
Track and Field,Women's 800 metres,2016-01-01,26367,26,,1023
Track and Field,Women's 400 metres,2016-01-01,26369,26,,1024
Track and Field,Women's 4 x 400 metres Relay,2016-01-01,26369,26,,1025
Track and Field,Men's 50 kilometres Walk,2016-01-01,26396,92,,1026
Swimming,Swimming Men's 200 metres Freestyle,2016-01-01,26399,26,,1027
Swimming,Swimming Men's 4 x 100 metres Freestyle Relay,2016-01-01,26399,26,,1028
Swimming,Swimming Men's 4 x 200 metres Freestyle Relay,2016-01-01,26399,26,,1029
Swimming,Swimming Women's 4 x 100 metres Medley Relay,2016-01-01,26400,26,,1030
Swimming,Swimming Women's 4 x 200 metres Freestyle Relay,2016-01-01,26442,92,,1031
Track and Field,Women's Discus Throw,2016-01-01,26473,26,,1032
Track and Field,Men's 4 x 100 metres Relay,2016-01-01,26498,56,,1033
Track and Field,Men's Pole Vault,2016-01-01,26499,26,,1034
Track and Field,Men's 110 metres Hurdles,2016-01-01,26510,26,,1035
Track and Field,Men's Javelin Throw,2016-01-01,26512,26,,1036
Swimming,Swimming Women's 4 x 100 metres Freestyle Relay,2016-01-01,26530,26,,1037
Swimming,Swimming Women's 100 metres Butterfly,2016-01-01,26530,26,,1038
Swimming,Swimming Women's 4 x 100 metres Medley Relay,2016-01-01,26530,26,,1039
Track and Field,Women's 20 kilometres Walk,2016-01-01,26651,26,,1040
Track and Field,Women's 4 x 400 metres Relay,2016-01-01,26690,26,,1041
Track and Field,Women's 4 x 400 metres Relay,2016-01-01,26795,130,,1042
Track and Field,Women's 4 x 400 metres Relay,2016-01-01,26796,130,,1043
Swimming,Swimming Women's 4 x 100 metres Medley Relay,2016-01-01,26873,67,,1044
Track and Field,Women's Marathon,2016-01-01,26969,130,,1045
Swimming,Swimming Men's 4 x 100 metres Freestyle Relay,2016-01-01,27048,71,,1046
Swimming,Swimming Men's 100 metres Butterfly,2016-01-01,27048,71,,1047
Swimming,Swimming Men's 4 x 100 metres Medley Relay,2016-01-01,27048,71,,1048
Track and Field,Women's Marathon,2016-01-01,27062,19,,1049
Swimming,Swimming Women's 50 metres Freestyle,2016-01-01,27081,130,,1050
Swimming,Swimming Women's 4 x 100 metres Freestyle Relay,2016-01-01,27081,130,,1051
Swimming,Swimming Men's 4 x 100 metres Freestyle Relay,2016-01-01,27093,19,,1052
Swimming,Swimming Men's 4 x 200 metres Freestyle Relay,2016-01-01,27093,19,,1053
Track and Field,Men's 200 metres,2016-01-01,27104,56,,1054
Track and Field,Men's 4 x 100 metres Relay,2016-01-01,27104,56,,1055
Track and Field,Women's 4 x 100 metres Relay,2016-01-01,27131,179,,1056
Track and Field,Men's Hammer Throw,2016-01-01,27136,120,,1057
Track and Field,Women's Long Jump,2016-01-01,27380,195,,1058
Track and Field,"Men's 10,000 metres",2016-01-01,27450,63,,1059
Track and Field,Women's High Jump,2016-01-01,27488,29,Silver,1060
Gymnastics,Gymnastics Men's Individual All-Around,2016-01-01,27572,40,,1061
Gymnastics,Gymnastics Men's Team All-Around,2016-01-01,27572,40,Bronze,1062
Gymnastics,Gymnastics Men's Floor Exercise,2016-01-01,27572,40,,1063
Gymnastics,Gymnastics Men's Parallel Bars,2016-01-01,27572,40,,1064
Gymnastics,Gymnastics Men's Horizontal Bar,2016-01-01,27572,40,,1065
Gymnastics,Gymnastics Men's Rings,2016-01-01,27572,40,,1066
Gymnastics,Gymnastics Men's Pommelled Horse,2016-01-01,27572,40,,1067
Track and Field,Men's Discus Throw,2016-01-01,27643,11,,1068
Track and Field,Women's Shot Put,2016-01-01,27699,189,,1069
Gymnastics,Gymnastics Women's Team All-Around,2016-01-01,27714,19,,1070
Gymnastics,Gymnastics Women's Uneven Bars,2016-01-01,27714,19,,1071
Track and Field,Women's Triple Jump,2016-01-01,27720,92,,1072
Track and Field,Women's Javelin Throw,2016-01-01,27753,193,,1073
Gymnastics,Gymnastics Women's Individual All-Around,2016-01-01,27757,19,,1074
Gymnastics,Gymnastics Women's Team All-Around,2016-01-01,27757,19,,1075
Gymnastics,Gymnastics Women's Floor Exercise,2016-01-01,27757,19,,1076
Gymnastics,Gymnastics Women's Uneven Bars,2016-01-01,27757,19,,1077
Gymnastics,Gymnastics Women's Balance Beam,2016-01-01,27757,19,,1078
Track and Field,Men's 200 metres,2016-01-01,27768,92,,1079
Swimming,Swimming Men's 200 metres Individual Medley,2016-01-01,27842,179,,1080
Swimming,Swimming Men's 400 metres Individual Medley,2016-01-01,27842,179,,1081
Swimming,Swimming Men's 400 metres Freestyle,2016-01-01,27897,92,Bronze,1082
Swimming,"Swimming Men's 1,500 metres Freestyle",2016-01-01,27897,92,Bronze,1083
Swimming,Swimming Men's 4 x 200 metres Freestyle Relay,2016-01-01,27897,92,,1084
Gymnastics,Gymnastics Men's Individual All-Around,2016-01-01,27911,130,,1085
Gymnastics,Gymnastics Men's Team All-Around,2016-01-01,27911,130,,1086
Gymnastics,Gymnastics Men's Floor Exercise,2016-01-01,27911,130,,1087
Gymnastics,Gymnastics Men's Parallel Bars,2016-01-01,27911,130,,1088
Gymnastics,Gymnastics Men's Horizontal Bar,2016-01-01,27911,130,,1089
Gymnastics,Gymnastics Men's Rings,2016-01-01,27911,130,,1090
Gymnastics,Gymnastics Men's Pommelled Horse,2016-01-01,27911,130,,1091
Gymnastics,Gymnastics Women's Individual All-Around,2016-01-01,28016,49,,1092
Gymnastics,Gymnastics Women's Floor Exercise,2016-01-01,28016,49,,1093
Gymnastics,Gymnastics Women's Balance Beam,2016-01-01,28016,49,,1094
Track and Field,"Men's 3,000 metres Steeplechase",2016-01-01,28026,19,,1095
Track and Field,Men's 4 x 400 metres Relay,2016-01-01,28039,86,,1096
Swimming,Swimming Men's 4 x 200 metres Freestyle Relay,2016-01-01,28077,92,,1097
Swimming,Swimming Women's 50 metres Freestyle,2016-01-01,28101,92,,1098
Swimming,Swimming Women's 4 x 100 metres Freestyle Relay,2016-01-01,28101,92,,1099
Track and Field,Men's Triple Jump,2016-01-01,28120,115,,1100
Track and Field,Women's 800 metres,2016-01-01,28143,50,,1101
Track and Field,Women's 400 metres,2016-01-01,28171,73,,1102
Track and Field,Women's 4 x 400 metres Relay,2016-01-01,28171,73,Bronze,1103
Track and Field,Women's Marathon,2016-01-01,28225,173,,1104
Track and Field,Men's 50 kilometres Walk,2016-01-01,28266,173,,1105
Track and Field,"Women's 1,500 metres",2016-01-01,28311,63,Silver,1106
Track and Field,Women's Marathon,2016-01-01,28312,63,Bronze,1107
Track and Field,"Women's 10,000 metres",2016-01-01,28313,63,Bronze,1108
Gymnastics,Gymnastics Women's Individual All-Around,2016-01-01,28336,187,,1109
Gymnastics,Gymnastics Women's Floor Exercise,2016-01-01,28336,187,,1110
Gymnastics,Gymnastics Women's Uneven Bars,2016-01-01,28336,187,,1111
Gymnastics,Gymnastics Women's Balance Beam,2016-01-01,28336,187,,1112
Gymnastics,Gymnastics Women's Individual All-Around,2016-01-01,28371,18,,1113
Gymnastics,Gymnastics Women's Floor Exercise,2016-01-01,28371,18,,1114
Gymnastics,Gymnastics Women's Uneven Bars,2016-01-01,28371,18,,1115
Gymnastics,Gymnastics Women's Balance Beam,2016-01-01,28371,18,,1116
Swimming,Swimming Men's 200 metres Backstroke,2016-01-01,28430,71,,1117
Track and Field,Men's Pole Vault,2016-01-01,28538,71,,1118
Swimming,Swimming Men's 200 metres Butterfly,2016-01-01,28569,74,,1119
Swimming,Swimming Men's 400 metres Freestyle,2016-01-01,28574,74,,1120
Track and Field,Men's Triple Jump,2016-01-01,28600,29,,1121
Swimming,Swimming Men's 50 metres Freestyle,2016-01-01,28667,139,,1122
Track and Field,Men's 50 kilometres Walk,2016-01-01,28676,67,,1123
Swimming,Swimming Women's 4 x 200 metres Freestyle Relay,2016-01-01,28734,195,Gold,1124
Swimming,Swimming Women's 200 metres Backstroke,2016-01-01,28734,195,Gold,1125
Swimming,Swimming Women's 200 metres Individual Medley,2016-01-01,28734,195,Bronze,1126
Swimming,Swimming Women's 400 metres Individual Medley,2016-01-01,28734,195,Silver,1127
Track and Field,"Women's 3,000 metres Steeplechase",2016-01-01,28744,63,,1128
Track and Field,Women's 4 x 100 metres Relay,2016-01-01,28762,67,,1129
Track and Field,Men's Decathlon,2016-01-01,28763,12,,1130
Track and Field,Women's Marathon,2016-01-01,28814,73,,1131
Track and Field,Men's 20 kilometres Walk,2016-01-01,28917,193,,1132
Swimming,"Swimming Men's 1,500 metres Freestyle",2016-01-01,28924,67,,1133
Swimming,Swimming Men's 10 kilometres Open Water,2016-01-01,28937,26,,1134
Track and Field,Men's 400 metres Hurdles,2016-01-01,28958,146,,1135
Track and Field,Men's 200 metres,2016-01-01,29069,157,,1136
Track and Field,Men's 50 kilometres Walk,2016-01-01,29113,71,,1137
Track and Field,Women's Marathon,2016-01-01,29222,18,,1138
Track and Field,Men's Hammer Throw,2016-01-01,29254,26,,1139
Track and Field,Men's Triple Jump,2016-01-01,29336,92,,1140
Track and Field,Men's Triple Jump,2016-01-01,29366,40,Bronze,1141
Track and Field,Men's Marathon,2016-01-01,29372,40,,1142
Swimming,Swimming Women's 4 x 200 metres Freestyle Relay,2016-01-01,29374,40,,1143
Track and Field,Women's Shot Put,2016-01-01,29383,33,,1144
Track and Field,Men's Marathon,2016-01-01,29457,108,,1145
Track and Field,Men's Triple Jump,2016-01-01,29497,80,,1146
Swimming,Swimming Men's 50 metres Freestyle,2016-01-01,29555,81,,1147
Track and Field,Men's Marathon,2016-01-01,29590,26,,1148
Track and Field,Women's Marathon,2016-01-01,29591,26,,1149
Track and Field,Men's 4 x 400 metres Relay,2016-01-01,29595,26,,1150
Track and Field,Men's 100 metres,2016-01-01,29604,26,,1151
Track and Field,Men's 4 x 100 metres Relay,2016-01-01,29604,26,,1152
Track and Field,Men's 50 kilometres Walk,2016-01-01,29610,26,,1153
Swimming,Swimming Men's 50 metres Freestyle,2016-01-01,29644,92,,1154
Swimming,Swimming Men's 100 metres Freestyle,2016-01-01,29644,92,,1155
Swimming,Swimming Men's 4 x 100 metres Freestyle Relay,2016-01-01,29644,92,,1156
Swimming,Swimming Men's 4 x 100 metres Medley Relay,2016-01-01,29644,92,,1157
Swimming,Swimming Women's 400 metres Freestyle,2016-01-01,29668,103,,1158
Gymnastics,Gymnastics Women's Individual All-Around,2016-01-01,29686,195,,1159
Gymnastics,Gymnastics Women's Team All-Around,2016-01-01,29686,195,Gold,1160
Gymnastics,Gymnastics Women's Floor Exercise,2016-01-01,29686,195,,1161
Gymnastics,Gymnastics Women's Uneven Bars,2016-01-01,29686,195,,1162
Gymnastics,Gymnastics Women's Balance Beam,2016-01-01,29686,195,,1163
Track and Field,Men's 110 metres Hurdles,2016-01-01,29737,74,,1164
Swimming,Swimming Men's 4 x 200 metres Freestyle Relay,2016-01-01,29754,152,,1165
Swimming,Swimming Women's 50 metres Freestyle,2016-01-01,29775,146,,1166
Swimming,Swimming Women's 4 x 100 metres Freestyle Relay,2016-01-01,29775,146,,1167
Gymnastics,Gymnastics Women's Team All-Around,2016-01-01,29788,73,,1168
Gymnastics,Gymnastics Women's Uneven Bars,2016-01-01,29788,73,,1169
Gymnastics,Gymnastics Women's Balance Beam,2016-01-01,29788,73,,1170
Gymnastics,Gymnastics Women's Individual All-Around,2016-01-01,29789,73,,1171
Gymnastics,Gymnastics Women's Team All-Around,2016-01-01,29789,73,,1172
Gymnastics,Gymnastics Women's Floor Exercise,2016-01-01,29789,73,,1173
Gymnastics,Gymnastics Women's Horse Vault,2016-01-01,29789,73,,1174
Gymnastics,Gymnastics Women's Uneven Bars,2016-01-01,29789,73,,1175
Gymnastics,Gymnastics Women's Balance Beam,2016-01-01,29789,73,,1176
Swimming,Swimming Women's 100 metres Breaststroke,2016-01-01,29813,90,,1177
Swimming,Swimming Women's 200 metres Breaststroke,2016-01-01,29813,90,,1178
Track and Field,Men's Triple Jump,2016-01-01,29858,119,,1179
Gymnastics,Gymnastics Men's Floor Exercise,2016-01-01,29890,151,,1180
Gymnastics,Gymnastics Men's Horse Vault,2016-01-01,29890,151,,1181
Gymnastics,Gymnastics Men's Horizontal Bar,2016-01-01,29890,151,,1182
Track and Field,Women's 20 kilometres Walk,2016-01-01,29898,52,,1183
Swimming,Swimming Women's 50 metres Freestyle,2016-01-01,29914,74,,1184
Track and Field,Women's Marathon,2016-01-01,29933,53,,1185
Swimming,Swimming Men's 10 kilometres Open Water,2016-01-01,29939,152,,1186
Track and Field,Women's Marathon,2016-01-01,29948,108,,1187
Swimming,Swimming Men's 200 metres Freestyle,2016-01-01,29962,130,,1188
Swimming,Swimming Men's 4 x 200 metres Freestyle Relay,2016-01-01,29962,130,,1189
Swimming,Swimming Men's 100 metres Freestyle,2016-01-01,29989,195,,1190
Swimming,Swimming Men's 4 x 100 metres Freestyle Relay,2016-01-01,29989,195,Gold,1191
Swimming,Swimming Men's 4 x 100 metres Medley Relay,2016-01-01,29989,195,Gold,1192
Track and Field,Men's High Jump,2016-01-01,30097,34,Gold,1193
Swimming,"Swimming Men's 1,500 metres Freestyle",2016-01-01,30138,152,,1194
Track and Field,Men's Hammer Throw,2016-01-01,30141,73,,1195
Track and Field,Women's Marathon,2016-01-01,30144,146,,1196
Swimming,Swimming Men's 50 metres Freestyle,2016-01-01,30228,26,,1197
Track and Field,Women's Shot Put,2016-01-01,30268,18,,1198
Track and Field,Men's Decathlon,2016-01-01,30269,11,,1199
Track and Field,Women's Marathon,2016-01-01,30336,34,,1200
Track and Field,Women's Shot Put,2016-01-01,30357,39,,1201
Track and Field,Men's Decathlon,2016-01-01,30379,162,,1202
Swimming,Swimming Men's 100 metres Breaststroke,2016-01-01,30482,167,,1203
Track and Field,Men's 20 kilometres Walk,2016-01-01,30644,34,,1204
Track and Field,Men's 50 kilometres Walk,2016-01-01,30644,34,,1205
Track and Field,Men's 400 metres,2016-01-01,30661,93,,1206
Track and Field,Men's 4 x 400 metres Relay,2016-01-01,30661,93,Silver,1207
Track and Field,Men's Marathon,2016-01-01,30717,40,,1208
Swimming,Swimming Men's 400 metres Freestyle,2016-01-01,30788,173,,1209
Swimming,Swimming Men's 4 x 200 metres Freestyle Relay,2016-01-01,30788,173,,1210
Track and Field,Men's Triple Jump,2016-01-01,30802,55,,1211
Track and Field,Women's High Jump,2016-01-01,30873,198,,1212
Track and Field,Men's 4 x 100 metres Relay,2016-01-01,30894,67,,1213
Track and Field,Women's 100 metres Hurdles,2016-01-01,30902,71,,1214
Swimming,Swimming Men's 200 metres Freestyle,2016-01-01,31012,195,Bronze,1215
Swimming,Swimming Men's 400 metres Freestyle,2016-01-01,31012,195,,1216
Swimming,Swimming Men's 4 x 200 metres Freestyle Relay,2016-01-01,31012,195,Gold,1217
Track and Field,Women's 20 kilometres Walk,2016-01-01,31054,146,,1218
Track and Field,Men's Decathlon,2016-01-01,31205,195,Gold,1219
Track and Field,Women's Javelin Throw,2016-01-01,31266,94,,1220
Gymnastics,Gymnastics Women's Individual All-Around,2016-01-01,31330,12,,1221
Gymnastics,Gymnastics Women's Floor Exercise,2016-01-01,31330,12,,1222
Gymnastics,Gymnastics Women's Uneven Bars,2016-01-01,31330,12,,1223
Gymnastics,Gymnastics Women's Balance Beam,2016-01-01,31330,12,,1224
Gymnastics,Gymnastics Men's Individual All-Around,2016-01-01,31354,92,,1225
Gymnastics,Gymnastics Men's Floor Exercise,2016-01-01,31354,92,,1226
Gymnastics,Gymnastics Men's Parallel Bars,2016-01-01,31354,92,,1227
Gymnastics,Gymnastics Men's Horizontal Bar,2016-01-01,31354,92,,1228
Gymnastics,Gymnastics Men's Rings,2016-01-01,31354,92,,1229
Gymnastics,Gymnastics Men's Pommelled Horse,2016-01-01,31354,92,,1230
Track and Field,"Men's 5,000 metres",2016-01-01,31452,63,,1231
Track and Field,Men's 200 metres,2016-01-01,31468,141,,1232
Track and Field,Men's 100 metres,2016-01-01,31629,134,,1233
Swimming,Swimming Men's 400 metres Freestyle,2016-01-01,31634,94,,1234
Swimming,Swimming Men's 4 x 200 metres Freestyle Relay,2016-01-01,31634,94,Bronze,1235
Track and Field,Women's Triple Jump,2016-01-01,31885,96,,1236
Track and Field,"Men's 10,000 metres",2016-01-01,31902,15,,1237
Swimming,Swimming Men's 10 kilometres Open Water,2016-01-01,31915,58,,1238
Track and Field,"Men's 3,000 metres Steeplechase",2016-01-01,31936,125,,1239
Track and Field,Men's 800 metres,2016-01-01,32000,125,,1240
Track and Field,Men's Marathon,2016-01-01,32020,125,,1241
Track and Field,"Men's 1,500 metres",2016-01-01,32033,125,,1242
Swimming,Swimming Men's 200 metres Freestyle,2016-01-01,32039,58,,1243
Swimming,Swimming Men's 400 metres Freestyle,2016-01-01,32039,58,,1244
Track and Field,Men's 100 metres,2016-01-01,32093,118,,1245
Track and Field,Men's Hammer Throw,2016-01-01,32160,149,,1246
Track and Field,Women's 800 metres,2016-01-01,32168,58,,1247
Gymnastics,Gymnastics Women's Individual All-Around,2016-01-01,32204,58,,1248
Gymnastics,Gymnastics Women's Floor Exercise,2016-01-01,32204,58,,1249
Gymnastics,Gymnastics Women's Uneven Bars,2016-01-01,32204,58,,1250
Gymnastics,Gymnastics Women's Balance Beam,2016-01-01,32204,58,,1251
Track and Field,Women's Triple Jump,2016-01-01,32211,71,,1252
Track and Field,Men's Shot Put,2016-01-01,32239,44,,1253
Track and Field,Men's 100 metres,2016-01-01,32328,73,,1254
Track and Field,Men's 4 x 100 metres Relay,2016-01-01,32328,73,,1255
Track and Field,Men's 200 metres,2016-01-01,32357,17,,1256
Track and Field,Women's 4 x 400 metres Relay,2016-01-01,32382,195,Gold,1257
Swimming,Swimming Women's 4 x 100 metres Freestyle Relay,2016-01-01,32407,11,Gold,1258
Swimming,Swimming Women's 4 x 100 metres Medley Relay,2016-01-01,32407,11,Silver,1259
Track and Field,Men's Shot Put,2016-01-01,32496,121,,1260
Track and Field,Women's 100 metres,2016-01-01,32506,34,,1261
Track and Field,Women's 200 metres,2016-01-01,32506,34,,1262
Track and Field,Women's 4 x 100 metres Relay,2016-01-01,32506,34,,1263
Swimming,"Swimming Men's 1,500 metres Freestyle",2016-01-01,32554,57,,1264
Swimming,Swimming Men's 10 kilometres Open Water,2016-01-01,32554,57,,1265
Track and Field,Men's 800 metres,2016-01-01,32679,90,,1266
Track and Field,"Women's 1,500 metres",2016-01-01,32707,146,,1267
Track and Field,Women's Heptathlon,2016-01-01,32710,73,Silver,1268
Track and Field,Men's 800 metres,2016-01-01,32747,60,,1269
Track and Field,Women's Triple Jump,2016-01-01,32779,195,,1270
Track and Field,Men's 400 metres,2016-01-01,32786,134,,1271
Swimming,Swimming Men's 50 metres Freestyle,2016-01-01,32793,170,,1272
Track and Field,Women's Marathon,2016-01-01,32833,84,,1273
Track and Field,Women's Marathon,2016-01-01,32852,189,,1274
Track and Field,Men's 200 metres,2016-01-01,32865,71,,1275
Track and Field,Men's 50 kilometres Walk,2016-01-01,32886,11,,1276
Track and Field,"Women's 3,000 metres Steeplechase",2016-01-01,32990,66,,1277
Swimming,Swimming Men's 50 metres Freestyle,2016-01-01,33079,195,Gold,1278
Swimming,Swimming Men's 4 x 100 metres Freestyle Relay,2016-01-01,33079,195,Gold,1279
Track and Field,"Men's 5,000 metres",2016-01-01,33089,125,,1280
Gymnastics,Gymnastics Women's Individual All-Around,2016-01-01,33120,42,,1281
Gymnastics,Gymnastics Women's Floor Exercise,2016-01-01,33120,42,,1282
Gymnastics,Gymnastics Women's Uneven Bars,2016-01-01,33120,42,,1283
Gymnastics,Gymnastics Women's Balance Beam,2016-01-01,33120,42,,1284
Track and Field,Women's Marathon,2016-01-01,33151,15,,1285
Track and Field,Men's Marathon,2016-01-01,33183,173,,1286
Track and Field,Women's Shot Put,2016-01-01,33231,199,,1287
Track and Field,Women's 100 metres,2016-01-01,33253,15,,1288
Track and Field,Men's 400 metres,2016-01-01,33288,26,,1289
Track and Field,Men's Marathon,2016-01-01,33311,61,,1290
Track and Field,Men's Marathon,2016-01-01,33323,39,,1291
Track and Field,Men's 800 metres,2016-01-01,33359,122,,1292
Track and Field,Men's High Jump,2016-01-01,33377,94,,1293
Track and Field,Men's Discus Throw,2016-01-01,33426,195,,1294
Swimming,Swimming Women's 400 metres Individual Medley,2016-01-01,33431,11,,1295
Swimming,Swimming Women's 200 metres Freestyle,2016-01-01,33450,14,,1296
Swimming,Swimming Women's 400 metres Freestyle,2016-01-01,33450,14,,1297
Swimming,Swimming Women's 800 metres Freestyle,2016-01-01,33450,14,,1298
Track and Field,Women's 800 metres,2016-01-01,33504,90,,1299
Track and Field,Men's Triple Jump,2016-01-01,33537,147,,1300
Track and Field,Women's 800 metres,2016-01-01,33575,19,,1301
Track and Field,"Men's 3,000 metres Steeplechase",2016-01-01,33607,125,,1302
Swimming,Swimming Women's 4 x 200 metres Freestyle Relay,2016-01-01,33657,67,,1303
Track and Field,Women's 200 metres,2016-01-01,33686,93,,1304
Track and Field,Women's 4 x 100 metres Relay,2016-01-01,33686,93,Silver,1305
Track and Field,Men's Hammer Throw,2016-01-01,33827,146,,1306
Gymnastics,Gymnastics Women's Team All-Around,2016-01-01,33952,40,Bronze,1307
Gymnastics,Gymnastics Women's Floor Exercise,2016-01-01,33952,40,,1308
Gymnastics,Gymnastics Women's Uneven Bars,2016-01-01,33952,40,,1309
Gymnastics,Gymnastics Women's Balance Beam,2016-01-01,33952,40,,1310
Swimming,Swimming Women's 200 metres Butterfly,2016-01-01,33997,141,,1311
Track and Field,"Men's 5,000 metres",2016-01-01,34012,73,Gold,1312
Track and Field,"Men's 10,000 metres",2016-01-01,34012,73,Gold,1313
Swimming,Swimming Men's 50 metres Freestyle,2016-01-01,34048,15,,1314
Track and Field,Women's 4 x 100 metres Relay,2016-01-01,34056,26,,1315
Track and Field,Men's Javelin Throw,2016-01-01,34124,131,,1316
Track and Field,"Men's 5,000 metres",2016-01-01,34153,73,,1317
Gymnastics,Gymnastics Women's Team All-Around,2016-01-01,34185,92,,1318
Gymnastics,Gymnastics Women's Floor Exercise,2016-01-01,34185,92,,1319
Gymnastics,Gymnastics Women's Uneven Bars,2016-01-01,34185,92,,1320
Gymnastics,Gymnastics Women's Balance Beam,2016-01-01,34185,92,,1321
Swimming,Swimming Women's 200 metres Freestyle,2016-01-01,34260,73,,1322
Track and Field,Men's 50 kilometres Walk,2016-01-01,34389,146,,1323
Track and Field,Women's 800 metres,2016-01-01,34427,67,,1324
Swimming,Swimming Men's 4 x 100 metres Freestyle Relay,2016-01-01,34467,195,Gold,1325
Track and Field,Women's 400 metres,2016-01-01,34551,195,Silver,1326
Track and Field,Women's 4 x 100 metres Relay,2016-01-01,34551,195,Gold,1327
Track and Field,Women's 4 x 400 metres Relay,2016-01-01,34551,195,Gold,1328
Track and Field,Women's Heptathlon,2016-01-01,34552,148,,1329
Track and Field,Women's Marathon,2016-01-01,34555,147,,1330
Track and Field,Men's Decathlon,2016-01-01,34559,75,,1331
Track and Field,Women's Discus Throw,2016-01-01,34605,40,,1332
Track and Field,Women's 200 metres,2016-01-01,34707,14,,1333
Gymnastics,Gymnastics Women's Individual All-Around,2016-01-01,34727,92,,1334
Gymnastics,Gymnastics Women's Team All-Around,2016-01-01,34727,92,,1335
Gymnastics,Gymnastics Women's Floor Exercise,2016-01-01,34727,92,,1336
Gymnastics,Gymnastics Women's Uneven Bars,2016-01-01,34727,92,,1337
Gymnastics,Gymnastics Women's Balance Beam,2016-01-01,34727,92,,1338
Track and Field,Men's Discus Throw,2016-01-01,34833,50,,1339
Track and Field,Men's 400 metres Hurdles,2016-01-01,34878,173,,1340
Swimming,Swimming Women's 50 metres Freestyle,2016-01-01,34928,92,,1341
Swimming,Swimming Women's 100 metres Freestyle,2016-01-01,34928,92,,1342
Swimming,Swimming Women's 4 x 100 metres Freestyle Relay,2016-01-01,34928,92,,1343
Gymnastics,Gymnastics Women's Individual All-Around,2016-01-01,34955,92,,1344
Gymnastics,Gymnastics Women's Team All-Around,2016-01-01,34955,92,,1345
Gymnastics,Gymnastics Women's Floor Exercise,2016-01-01,34955,92,,1346
Gymnastics,Gymnastics Women's Uneven Bars,2016-01-01,34955,92,,1347
Gymnastics,Gymnastics Women's Balance Beam,2016-01-01,34955,92,,1348
Track and Field,"Men's 5,000 metres",2016-01-01,35213,173,,1349
Swimming,Swimming Men's 200 metres Freestyle,2016-01-01,35296,71,,1350
Swimming,Swimming Men's 4 x 200 metres Freestyle Relay,2016-01-01,35296,71,,1351
Track and Field,Men's 100 metres,2016-01-01,35303,186,,1352
Track and Field,Men's 50 kilometres Walk,2016-01-01,35330,162,,1353
Track and Field,Men's 50 kilometres Walk,2016-01-01,35332,162,,1354
Track and Field,Men's Pole Vault,2016-01-01,35338,74,,1355
Track and Field,Men's Discus Throw,2016-01-01,35426,195,,1356
Track and Field,"Women's 3,000 metres Steeplechase",2016-01-01,35430,90,,1357
Track and Field,Women's Hammer Throw,2016-01-01,35446,146,,1358
Track and Field,"Women's 5,000 metres",2016-01-01,35473,168,,1359
Track and Field,Women's Discus Throw,2016-01-01,35520,71,,1360
Track and Field,Men's 100 metres,2016-01-01,35571,15,,1361
Track and Field,Women's Marathon,2016-01-01,35592,121,,1362
Track and Field,Women's Marathon,2016-01-01,35721,195,,1363
Swimming,Swimming Men's 100 metres Breaststroke,2016-01-01,35815,22,,1364
Swimming,Swimming Women's 200 metres Butterfly,2016-01-01,35839,195,,1365
Track and Field,Men's Triple Jump,2016-01-01,35883,130,,1366
Track and Field,"Women's 10,000 metres",2016-01-01,35897,120,,1367
Track and Field,"Men's 3,000 metres Steeplechase",2016-01-01,35936,92,,1368
Track and Field,Men's Marathon,2016-01-01,35965,71,,1369
Track and Field,Women's Heptathlon,2016-01-01,36005,193,,1370
Gymnastics,Gymnastics Men's Individual All-Around,2016-01-01,36046,198,,1371
Gymnastics,Gymnastics Men's Floor Exercise,2016-01-01,36046,198,,1372
Gymnastics,Gymnastics Men's Parallel Bars,2016-01-01,36046,198,,1373
Gymnastics,Gymnastics Men's Horizontal Bar,2016-01-01,36046,198,,1374
Gymnastics,Gymnastics Men's Rings,2016-01-01,36046,198,,1375
Gymnastics,Gymnastics Men's Pommelled Horse,2016-01-01,36046,198,,1376
Track and Field,Women's Discus Throw,2016-01-01,36048,193,,1377
Swimming,Swimming Men's 200 metres Backstroke,2016-01-01,36063,84,,1378
Track and Field,Women's 400 metres Hurdles,2016-01-01,36091,92,,1379
Track and Field,Women's 4 x 400 metres Relay,2016-01-01,36091,92,,1380
Track and Field,Women's 400 metres Hurdles,2016-01-01,36174,179,,1381
Swimming,Swimming Men's 100 metres Breaststroke,2016-01-01,36184,186,,1382
Track and Field,Men's Long Jump,2016-01-01,36204,93,,1383
Track and Field,Men's 110 metres Hurdles,2016-01-01,36211,36,,1384
Track and Field,Women's 4 x 100 metres Relay,2016-01-01,36212,93,Silver,1385
Track and Field,Women's Hammer Throw,2016-01-01,36242,50,,1386
Swimming,Swimming Women's 200 metres Freestyle,2016-01-01,36331,72,,1387
Track and Field,Men's Marathon,2016-01-01,36453,62,,1388
Track and Field,"Women's 3,000 metres Steeplechase",2016-01-01,36494,178,,1389
Gymnastics,Gymnastics Women's Individual All-Around,2016-01-01,36597,73,,1390
Gymnastics,Gymnastics Women's Team All-Around,2016-01-01,36597,73,,1391
Gymnastics,Gymnastics Women's Floor Exercise,2016-01-01,36597,73,,1392
Gymnastics,Gymnastics Women's Uneven Bars,2016-01-01,36597,73,,1393
Gymnastics,Gymnastics Women's Balance Beam,2016-01-01,36597,73,,1394
Swimming,Swimming Men's 100 metres Breaststroke,2016-01-01,36627,26,,1395
Swimming,Swimming Men's 4 x 100 metres Medley Relay,2016-01-01,36627,26,,1396
Swimming,Swimming Women's 200 metres Individual Medley,2016-01-01,36637,92,,1397
Swimming,Swimming Women's 400 metres Individual Medley,2016-01-01,36637,92,,1398
Track and Field,Men's 400 metres,2016-01-01,36669,93,,1399
Track and Field,Men's 4 x 400 metres Relay,2016-01-01,36669,93,Silver,1400
Track and Field,Women's 400 metres,2016-01-01,36677,195,,1401
Track and Field,Women's 4 x 400 metres Relay,2016-01-01,36677,195,Gold,1402
Swimming,Swimming Women's 200 metres Freestyle,2016-01-01,36785,195,,1403
Swimming,Swimming Women's 4 x 200 metres Freestyle Relay,2016-01-01,36785,195,Gold,1404
Swimming,Swimming Women's 200 metres Backstroke,2016-01-01,36785,195,,1405
Swimming,Swimming Men's 200 metres Freestyle,2016-01-01,36868,11,,1406
Swimming,Swimming Men's 4 x 200 metres Freestyle Relay,2016-01-01,36868,11,,1407
Swimming,Swimming Men's 400 metres Individual Medley,2016-01-01,36868,11,,1408
Track and Field,Women's 100 metres,2016-01-01,36870,93,Bronze,1409
Track and Field,Women's 4 x 100 metres Relay,2016-01-01,36870,93,Silver,1410
Swimming,Swimming Men's 50 metres Freestyle,2016-01-01,36893,26,,1411
Track and Field,Men's Long Jump,2016-01-01,36902,11,,1412
Track and Field,Women's High Jump,2016-01-01,36929,7,,1413
Track and Field,Men's Decathlon,2016-01-01,37036,71,,1414
Track and Field,"Women's 1,500 metres",2016-01-01,37060,147,,1415
Track and Field,"Women's 3,000 metres Steeplechase",2016-01-01,37090,195,,1416
Swimming,Swimming Women's 400 metres Freestyle,2016-01-01,37225,53,,1417
Swimming,Swimming Women's 800 metres Freestyle,2016-01-01,37225,53,,1418
Swimming,"Swimming Men's 1,500 metres Freestyle",2016-01-01,37308,193,,1419
Track and Field,Men's Javelin Throw,2016-01-01,37378,52,,1420
Swimming,Swimming Women's 100 metres Backstroke,2016-01-01,37402,40,Bronze,1421
Swimming,Swimming Women's 4 x 100 metres Medley Relay,2016-01-01,37402,40,,1422
Swimming,Swimming Men's 100 metres Butterfly,2016-01-01,37482,94,,1423
Swimming,Swimming Men's 4 x 100 metres Medley Relay,2016-01-01,37482,94,,1424
Track and Field,Men's 200 metres,2016-01-01,37489,94,,1425
Swimming,Swimming Men's 200 metres Individual Medley,2016-01-01,37490,94,,1426
Track and Field,Men's 20 kilometres Walk,2016-01-01,37517,94,,1427
Track and Field,Women's Marathon,2016-01-01,37579,94,,1428
Track and Field,Women's 200 metres,2016-01-01,37580,94,,1429
Track and Field,Men's Javelin Throw,2016-01-01,37654,195,,1430
Swimming,Swimming Women's 50 metres Freestyle,2016-01-01,37655,117,,1431
Track and Field,Men's Discus Throw,2016-01-01,37697,124,,1432
Track and Field,Men's Shot Put,2016-01-01,37878,151,,1433
Track and Field,Women's 100 metres,2016-01-01,37946,14,,1434
Track and Field,Women's 200 metres,2016-01-01,37946,14,,1435
Track and Field,Men's 800 metres,2016-01-01,37966,31,,1436
Track and Field,Men's Marathon,2016-01-01,37987,54,,1437
Track and Field,Women's 4 x 100 metres Relay,2016-01-01,37990,67,,1438
Track and Field,Women's 20 kilometres Walk,2016-01-01,38054,166,,1439
Swimming,Swimming Women's 4 x 100 metres Freestyle Relay,2016-01-01,38113,173,,1440
Swimming,Swimming Women's 4 x 200 metres Freestyle Relay,2016-01-01,38113,173,,1441
Track and Field,Women's Discus Throw,2016-01-01,38115,39,,1442
Track and Field,Men's 200 metres,2016-01-01,38188,92,,1443
Track and Field,Men's 400 metres,2016-01-01,38188,92,,1444
Track and Field,Women's 20 kilometres Walk,2016-01-01,38199,42,,1445
Track and Field,Women's Shot Put,2016-01-01,38214,71,,1446
Swimming,Swimming Women's 200 metres Freestyle,2016-01-01,38239,50,,1447
Swimming,Swimming Women's 10 kilometres Open Water,2016-01-01,38260,113,,1448
Track and Field,Women's 200 metres,2016-01-01,38291,50,,1449
Track and Field,Men's Long Jump,2016-01-01,38424,40,,1450
Track and Field,Women's Shot Put,2016-01-01,38427,40,,1451
Track and Field,Women's 200 metres,2016-01-01,38553,173,,1452
Track and Field,Men's 50 kilometres Walk,2016-01-01,38594,173,,1453
Track and Field,Men's Marathon,2016-01-01,38612,77,,1454
Track and Field,Women's 20 kilometres Walk,2016-01-01,38628,144,,1455
Swimming,Swimming Women's 50 metres Freestyle,2016-01-01,38704,148,,1456
Track and Field,Men's Decathlon,2016-01-01,38715,50,,1457
Swimming,Swimming Women's 200 metres Individual Medley,2016-01-01,38727,178,,1458
Track and Field,Men's 400 metres,2016-01-01,38753,14,,1459
Track and Field,Men's 4 x 400 metres Relay,2016-01-01,38753,14,Bronze,1460
Track and Field,Women's 100 metres,2016-01-01,38761,195,,1461
Track and Field,Women's 4 x 100 metres Relay,2016-01-01,38761,195,Gold,1462
Track and Field,"Women's 1,500 metres",2016-01-01,38935,15,,1463
Swimming,Swimming Men's 100 metres Butterfly,2016-01-01,38957,80,,1464
Track and Field,Men's 400 metres Hurdles,2016-01-01,38964,50,,1465
Swimming,Swimming Women's 100 metres Butterfly,2016-01-01,39002,131,,1466
Swimming,Swimming Women's 200 metres Butterfly,2016-01-01,39002,131,,1467
Swimming,Swimming Women's 100 metres Freestyle,2016-01-01,39004,67,,1468
Swimming,Swimming Women's 4 x 100 metres Freestyle Relay,2016-01-01,39004,67,,1469
Swimming,Swimming Women's 100 metres Butterfly,2016-01-01,39004,67,,1470
Swimming,Swimming Women's 4 x 100 metres Medley Relay,2016-01-01,39004,67,,1471
Track and Field,Men's 20 kilometres Walk,2016-01-01,39030,97,,1472
Track and Field,Men's 100 metres,2016-01-01,39035,195,Silver,1473
Track and Field,Men's 200 metres,2016-01-01,39035,195,,1474
Track and Field,Men's 4 x 100 metres Relay,2016-01-01,39035,195,,1475
Track and Field,Men's 4 x 100 metres Relay,2016-01-01,39191,195,,1476
Track and Field,Women's 4 x 400 metres Relay,2016-01-01,39213,67,,1477
Track and Field,Men's 50 kilometres Walk,2016-01-01,39253,52,,1478
Track and Field,Women's 4 x 100 metres Relay,2016-01-01,39257,40,,1479
Gymnastics,Gymnastics Women's Individual All-Around,2016-01-01,39275,9,,1480
Gymnastics,Gymnastics Women's Floor Exercise,2016-01-01,39275,9,,1481
Gymnastics,Gymnastics Women's Uneven Bars,2016-01-01,39275,9,,1482
Gymnastics,Gymnastics Women's Balance Beam,2016-01-01,39275,9,,1483
Track and Field,"Women's 10,000 metres",2016-01-01,39279,173,,1484
Swimming,Swimming Men's 200 metres Freestyle,2016-01-01,39284,140,,1485
Track and Field,"Men's 1,500 metres",2016-01-01,39286,63,,1486
Track and Field,"Men's 5,000 metres",2016-01-01,39288,63,,1487
Swimming,Swimming Women's 50 metres Freestyle,2016-01-01,39289,63,,1488
Track and Field,"Men's 5,000 metres",2016-01-01,39290,63,Bronze,1489
Track and Field,"Women's 3,000 metres Steeplechase",2016-01-01,39335,2,,1490
Track and Field,"Men's 5,000 metres",2016-01-01,39397,170,,1491
Track and Field,Men's 200 metres,2016-01-01,39437,73,,1492
Track and Field,Men's 4 x 100 metres Relay,2016-01-01,39437,73,,1493
Track and Field,Women's 400 metres,2016-01-01,39560,134,,1494
Track and Field,Women's 100 metres Hurdles,2016-01-01,39563,34,,1495
Track and Field,Women's 4 x 100 metres Relay,2016-01-01,39563,34,,1496
Track and Field,Men's 400 metres,2016-01-01,39573,80,,1497
Gymnastics,Gymnastics Men's Individual All-Around,2016-01-01,39637,51,,1498
Gymnastics,Gymnastics Men's Floor Exercise,2016-01-01,39637,51,,1499
Gymnastics,Gymnastics Men's Parallel Bars,2016-01-01,39637,51,,1500
Gymnastics,Gymnastics Men's Horizontal Bar,2016-01-01,39637,51,,1501
Gymnastics,Gymnastics Men's Rings,2016-01-01,39637,51,,1502
Gymnastics,Gymnastics Men's Pommelled Horse,2016-01-01,39637,51,,1503
Swimming,Swimming Women's 50 metres Freestyle,2016-01-01,39672,18,Bronze,1504
Swimming,Swimming Women's 100 metres Freestyle,2016-01-01,39672,18,,1505
Track and Field,"Women's 3,000 metres Steeplechase",2016-01-01,39870,15,,1506
Track and Field,Women's Triple Jump,2016-01-01,39877,195,,1507
Track and Field,Women's 4 x 400 metres Relay,2016-01-01,39921,130,,1508
Track and Field,Men's Hammer Throw,2016-01-01,39927,89,,1509
Track and Field,Men's 100 metres,2016-01-01,39950,89,,1510
Track and Field,Men's High Jump,2016-01-01,39958,180,,1511
Track and Field,Men's Marathon,2016-01-01,39970,61,,1512
Track and Field,"Women's 3,000 metres Steeplechase",2016-01-01,40054,188,,1513
Swimming,Swimming Men's 10 kilometres Open Water,2016-01-01,40104,74,Silver,1514
Track and Field,Men's 400 metres Hurdles,2016-01-01,40172,14,,1515
Track and Field,Women's Triple Jump,2016-01-01,40205,71,,1516
Track and Field,Men's 800 metres,2016-01-01,40290,73,,1517
Track and Field,Men's Shot Put,2016-01-01,40323,131,,1518
Track and Field,Men's Marathon,2016-01-01,40371,34,,1519
Swimming,Swimming Men's 4 x 100 metres Freestyle Relay,2016-01-01,40403,67,Silver,1520
Track and Field,Women's 20 kilometres Walk,2016-01-01,40485,92,,1521
Track and Field,Men's Marathon,2016-01-01,40516,42,,1522
Swimming,Swimming Women's 4 x 100 metres Freestyle Relay,2016-01-01,40536,179,,1523
Gymnastics,Gymnastics Men's Team All-Around,2016-01-01,40585,179,,1524
Gymnastics,Gymnastics Men's Floor Exercise,2016-01-01,40585,179,,1525
Gymnastics,Gymnastics Men's Horse Vault,2016-01-01,40585,179,,1526
Track and Field,Men's 100 metres,2016-01-01,40610,17,,1527
Track and Field,Men's 200 metres,2016-01-01,40610,17,,1528
Track and Field,Men's 20 kilometres Walk,2016-01-01,40626,92,,1529
Track and Field,Men's 50 kilometres Walk,2016-01-01,40626,92,,1530
Track and Field,Women's Discus Throw,2016-01-01,40676,146,,1531
Swimming,Swimming Men's 100 metres Backstroke,2016-01-01,40682,71,,1532
Swimming,Swimming Men's 200 metres Backstroke,2016-01-01,40682,71,,1533
Swimming,Swimming Men's 4 x 100 metres Medley Relay,2016-01-01,40682,71,,1534
Track and Field,Women's Javelin Throw,2016-01-01,40737,34,,1535
Swimming,Swimming Men's 100 metres Backstroke,2016-01-01,40782,151,,1536
Swimming,Swimming Men's 200 metres Backstroke,2016-01-01,40782,151,,1537
Swimming,Swimming Men's 400 metres Freestyle,2016-01-01,40839,53,,1538
Track and Field,Women's 4 x 100 metres Relay,2016-01-01,40858,67,,1539
Gymnastics,Gymnastics Men's Individual All-Around,2016-01-01,40902,67,,1540
Gymnastics,Gymnastics Men's Team All-Around,2016-01-01,40902,67,,1541
Gymnastics,Gymnastics Men's Floor Exercise,2016-01-01,40902,67,,1542
Gymnastics,Gymnastics Men's Parallel Bars,2016-01-01,40902,67,,1543
Gymnastics,Gymnastics Men's Horizontal Bar,2016-01-01,40902,67,,1544
Gymnastics,Gymnastics Men's Rings,2016-01-01,40902,67,,1545
Gymnastics,Gymnastics Men's Pommelled Horse,2016-01-01,40902,67,,1546
Track and Field,Women's Marathon,2016-01-01,40983,8,,1547
Swimming,Swimming Men's 50 metres Freestyle,2016-01-01,41196,74,,1548
Swimming,Swimming Men's 100 metres Freestyle,2016-01-01,41196,74,,1549
Swimming,Swimming Men's 4 x 100 metres Freestyle Relay,2016-01-01,41196,74,,1550
Swimming,Swimming Men's 4 x 100 metres Medley Relay,2016-01-01,41196,74,,1551
Swimming,Swimming Men's 100 metres Breaststroke,2016-01-01,41258,26,,1552
Swimming,Swimming Men's 4 x 100 metres Medley Relay,2016-01-01,41258,26,,1553
Gymnastics,Gymnastics Women's Individual All-Around,2016-01-01,41277,77,,1554
Gymnastics,Gymnastics Women's Floor Exercise,2016-01-01,41277,77,,1555
Gymnastics,Gymnastics Women's Uneven Bars,2016-01-01,41277,77,,1556
Gymnastics,Gymnastics Women's Balance Beam,2016-01-01,41277,77,,1557
Track and Field,Men's 20 kilometres Walk,2016-01-01,41300,34,,1558
Swimming,Swimming Men's 200 metres Butterfly,2016-01-01,41310,42,,1559
Track and Field,Men's 20 kilometres Walk,2016-01-01,41328,120,,1560
Track and Field,Women's 4 x 400 metres Relay,2016-01-01,41337,50,,1561
Track and Field,Men's Long Jump,2016-01-01,41356,67,,1562
Track and Field,Women's 100 metres Hurdles,2016-01-01,41358,67,,1563
Track and Field,Women's Shot Put,2016-01-01,41420,40,,1564
Track and Field,Men's Marathon,2016-01-01,41431,170,,1565
Track and Field,Women's 200 metres,2016-01-01,41442,71,,1566
Swimming,Swimming Men's 100 metres Backstroke,2016-01-01,41530,173,,1567
Swimming,Swimming Men's 200 metres Backstroke,2016-01-01,41530,173,,1568
Track and Field,Women's 20 kilometres Walk,2016-01-01,41597,120,Silver,1569
Swimming,Swimming Women's 4 x 100 metres Freestyle Relay,2016-01-01,41607,173,,1570
Track and Field,Women's 20 kilometres Walk,2016-01-01,41632,173,,1571
Gymnastics,Gymnastics Men's Floor Exercise,2016-01-01,41655,39,,1572
Gymnastics,Gymnastics Men's Horse Vault,2016-01-01,41655,39,,1573
Gymnastics,Gymnastics Men's Rings,2016-01-01,41734,19,,1574
Track and Field,Men's Marathon,2016-01-01,41743,86,,1575
Track and Field,Women's 4 x 400 metres Relay,2016-01-01,41795,93,Silver,1576
Track and Field,Men's 400 metres Hurdles,2016-01-01,41806,187,,1577
Track and Field,Men's 400 metres,2016-01-01,41810,187,,1578
Track and Field,Men's 4 x 400 metres Relay,2016-01-01,41810,187,,1579
Swimming,Swimming Women's 4 x 200 metres Freestyle Relay,2016-01-01,41957,34,Bronze,1580
Track and Field,Women's 800 metres,2016-01-01,42071,93,,1581
Swimming,Swimming Men's 100 metres Butterfly,2016-01-01,42114,202,,1582
Track and Field,Men's Discus Throw,2016-01-01,42127,86,,1583
Track and Field,Men's High Jump,2016-01-01,42158,73,,1584
Swimming,Swimming Men's 50 metres Freestyle,2016-01-01,42166,8,,1585
Swimming,Swimming Men's 100 metres Freestyle,2016-01-01,42166,8,,1586
Swimming,Swimming Men's 200 metres Freestyle,2016-01-01,42166,8,,1587
Track and Field,Women's 800 metres,2016-01-01,42192,195,,1588
Swimming,Swimming Women's 200 metres Backstroke,2016-01-01,42240,71,,1589
Swimming,Swimming Women's 50 metres Freestyle,2016-01-01,42358,81,,1590
Track and Field,Women's Marathon,2016-01-01,42377,167,,1591
Swimming,Swimming Women's 200 metres Butterfly,2016-01-01,42388,67,,1592
Swimming,Swimming Women's 400 metres Individual Medley,2016-01-01,42388,67,,1593
Swimming,Swimming Men's 100 metres Butterfly,2016-01-01,42463,8,,1594
Swimming,Swimming Men's 4 x 200 metres Freestyle Relay,2016-01-01,42475,84,,1595
Track and Field,Men's 200 metres,2016-01-01,42568,187,,1596
Swimming,Swimming Men's 100 metres Freestyle,2016-01-01,42591,152,,1597
Swimming,Swimming Men's 4 x 100 metres Freestyle Relay,2016-01-01,42591,152,,1598
Track and Field,Men's 400 metres Hurdles,2016-01-01,42631,73,,1599
Track and Field,Men's 100 metres,2016-01-01,42661,7,,1600
Track and Field,Men's 4 x 100 metres Relay,2016-01-01,42661,7,,1601
Track and Field,"Men's 1,500 metres",2016-01-01,42744,11,,1602
Track and Field,Women's 400 metres,2016-01-01,42777,92,,1603
Track and Field,Women's 4 x 400 metres Relay,2016-01-01,42777,92,,1604
Track and Field,Men's 800 metres,2016-01-01,42790,109,,1605
Track and Field,"Men's 1,500 metres",2016-01-01,42819,73,,1606
Track and Field,Men's 100 metres,2016-01-01,42861,14,,1607
Swimming,Swimming Women's 4 x 100 metres Medley Relay,2016-01-01,42961,71,,1608
Swimming,Swimming Women's 100 metres Butterfly,2016-01-01,43241,11,,1609
Swimming,Swimming Women's 200 metres Butterfly,2016-01-01,43241,11,Silver,1610
Swimming,Swimming Women's 4 x 100 metres Medley Relay,2016-01-01,43241,11,Silver,1611
Swimming,Swimming Women's 400 metres Freestyle,2016-01-01,43296,77,,1612
Swimming,Swimming Women's 800 metres Freestyle,2016-01-01,43296,77,,1613
Track and Field,Men's Javelin Throw,2016-01-01,43383,146,,1614
Track and Field,"Women's 5,000 metres",2016-01-01,43402,136,,1615
Track and Field,"Women's 10,000 metres",2016-01-01,43402,136,,1616
Track and Field,Men's Marathon,2016-01-01,43442,91,,1617
Track and Field,Women's 20 kilometres Walk,2016-01-01,43447,57,,1618
Track and Field,Women's Shot Put,2016-01-01,43480,146,,1619
Swimming,Swimming Women's 10 kilometres Open Water,2016-01-01,43485,11,,1620
Track and Field,Men's Discus Throw,2016-01-01,43523,108,,1621
Track and Field,Women's 400 metres,2016-01-01,43535,67,,1622
Track and Field,Women's 4 x 400 metres Relay,2016-01-01,43535,67,,1623
Track and Field,Women's 800 metres,2016-01-01,43600,173,,1624
Swimming,Swimming Men's 100 metres Backstroke,2016-01-01,43684,26,,1625
Swimming,Swimming Men's 4 x 100 metres Medley Relay,2016-01-01,43684,26,,1626
Track and Field,Men's 200 metres,2016-01-01,43817,189,,1627
Track and Field,Men's 4 x 100 metres Relay,2016-01-01,43817,189,,1628
Swimming,Swimming Women's 100 metres Breaststroke,2016-01-01,43898,189,,1629
Swimming,Swimming Women's 200 metres Breaststroke,2016-01-01,43898,189,,1630
Swimming,Swimming Women's 400 metres Individual Medley,2016-01-01,43898,189,,1631
Swimming,Swimming Men's 100 metres Freestyle,2016-01-01,43912,203,,1632
Swimming,Swimming Men's 100 metres Freestyle,2016-01-01,44032,129,,1633
Swimming,Swimming Women's 100 metres Backstroke,2016-01-01,44082,85,,1634
Swimming,Swimming Women's 200 metres Backstroke,2016-01-01,44082,85,,1635
Swimming,Swimming Men's 100 metres Butterfly,2016-01-01,44151,82,,1636
Swimming,Swimming Men's 100 metres Butterfly,2016-01-01,44182,120,,1637
Track and Field,"Women's 3,000 metres Steeplechase",2016-01-01,44226,189,,1638
Swimming,Swimming Men's 200 metres Freestyle,2016-01-01,44231,73,,1639
Swimming,Swimming Men's 400 metres Freestyle,2016-01-01,44231,73,,1640
Swimming,Swimming Men's 4 x 200 metres Freestyle Relay,2016-01-01,44231,73,Silver,1641
Swimming,Swimming Men's 100 metres Butterfly,2016-01-01,44231,73,,1642
Swimming,Swimming Men's 4 x 100 metres Medley Relay,2016-01-01,44231,73,Silver,1643
Track and Field,Men's Discus Throw,2016-01-01,44307,85,,1644
Track and Field,Women's 4 x 100 metres Relay,2016-01-01,44339,72,,1645
Swimming,Swimming Women's 200 metres Backstroke,2016-01-01,44380,84,,1646
Swimming,Swimming Men's 100 metres Breaststroke,2016-01-01,44410,84,,1647
Swimming,Swimming Men's 200 metres Breaststroke,2016-01-01,44410,84,,1648
Swimming,Swimming Men's 4 x 100 metres Medley Relay,2016-01-01,44410,84,,1649
Swimming,"Swimming Men's 1,500 metres Freestyle",2016-01-01,44411,84,,1650
Swimming,Swimming Men's 400 metres Individual Medley,2016-01-01,44411,84,,1651
Swimming,Swimming Men's 200 metres Freestyle,2016-01-01,44479,195,,1652
Swimming,Swimming Men's 4 x 200 metres Freestyle Relay,2016-01-01,44479,195,Gold,1653
Track and Field,Women's 100 metres,2016-01-01,44489,71,,1654
Track and Field,Women's 4 x 100 metres Relay,2016-01-01,44489,71,,1655
Swimming,Swimming Men's 100 metres Freestyle,2016-01-01,44541,63,,1656
Track and Field,Women's Marathon,2016-01-01,44542,61,,1657
Swimming,Swimming Women's 4 x 200 metres Freestyle Relay,2016-01-01,44548,67,,1658
Track and Field,Women's 100 metres,2016-01-01,44571,187,,1659
Track and Field,Women's 200 metres,2016-01-01,44571,187,,1660
Track and Field,Women's 4 x 100 metres Relay,2016-01-01,44571,187,,1661
Track and Field,Men's Discus Throw,2016-01-01,44597,89,,1662
Track and Field,Men's 100 metres,2016-01-01,44614,88,,1663
Track and Field,"Men's 10,000 metres",2016-01-01,44616,63,,1664
Swimming,Swimming Men's 400 metres Freestyle,2016-01-01,44618,51,,1665
Swimming,Swimming Men's 200 metres Freestyle,2016-01-01,44745,94,,1666
Swimming,Swimming Men's 4 x 200 metres Freestyle Relay,2016-01-01,44745,94,Bronze,1667
Swimming,Swimming Men's 200 metres Individual Medley,2016-01-01,44745,94,Silver,1668
Swimming,Swimming Men's 400 metres Individual Medley,2016-01-01,44745,94,Gold,1669
Swimming,Swimming Women's 100 metres Breaststroke,2016-01-01,44771,106,,1670
Track and Field,Women's Marathon,2016-01-01,44794,71,,1671
Track and Field,Women's Marathon,2016-01-01,44795,71,,1672
Track and Field,"Men's 3,000 metres Steeplechase",2016-01-01,44820,61,,1673
Track and Field,Men's 800 metres,2016-01-01,44851,99,,1674
Track and Field,Women's 100 metres,2016-01-01,44925,186,,1675
Swimming,Swimming Men's 200 metres Freestyle,2016-01-01,44946,179,,1676
Track and Field,Men's Triple Jump,2016-01-01,44979,196,,1677
Track and Field,Men's 4 x 400 metres Relay,2016-01-01,44993,195,Gold,1678
Track and Field,"Women's 1,500 metres",2016-01-01,45022,11,,1679
Track and Field,"Women's 10,000 metres",2016-01-01,45026,195,,1680
Swimming,Swimming Women's 50 metres Freestyle,2016-01-01,45133,73,,1681
Swimming,Swimming Women's 4 x 100 metres Medley Relay,2016-01-01,45133,73,,1682
Track and Field,"Women's 1,500 metres",2016-01-01,45216,131,,1683
Track and Field,"Women's 5,000 metres",2016-01-01,45216,131,,1684
Gymnastics,Gymnastics Men's Team All-Around,2016-01-01,45219,71,,1685
Gymnastics,Gymnastics Men's Floor Exercise,2016-01-01,45219,71,,1686
Gymnastics,Gymnastics Men's Horizontal Bar,2016-01-01,45219,71,Gold,1687
Track and Field,Men's 400 metres Hurdles,2016-01-01,45318,170,,1688
Track and Field,Men's 50 kilometres Walk,2016-01-01,45498,40,,1689
Track and Field,Women's 20 kilometres Walk,2016-01-01,45517,144,,1690
Track and Field,Men's 400 metres Hurdles,2016-01-01,45563,170,,1691
Track and Field,Men's 4 x 400 metres Relay,2016-01-01,45624,67,,1692
Track and Field,"Men's 1,500 metres",2016-01-01,45634,19,,1693
Swimming,Swimming Women's 200 metres Breaststroke,2016-01-01,45648,195,,1694
Swimming,Swimming Men's 4 x 200 metres Freestyle Relay,2016-01-01,45821,11,,1695
Swimming,Swimming Women's 4 x 100 metres Freestyle Relay,2016-01-01,45852,178,,1696
Swimming,Swimming Women's 4 x 200 metres Freestyle Relay,2016-01-01,45852,178,,1697
Swimming,Swimming Women's 100 metres Butterfly,2016-01-01,45852,178,,1698
Swimming,Swimming Women's 200 metres Individual Medley,2016-01-01,45852,178,,1699
Swimming,Swimming Women's 4 x 100 metres Medley Relay,2016-01-01,45852,178,,1700
Swimming,Swimming Women's 100 metres Breaststroke,2016-01-01,45859,178,,1701
Swimming,Swimming Women's 200 metres Breaststroke,2016-01-01,45859,178,,1702
Track and Field,Men's Shot Put,2016-01-01,45942,146,,1703
Swimming,Swimming Women's 10 kilometres Open Water,2016-01-01,46070,71,,1704
Track and Field,Men's 400 metres,2016-01-01,46110,149,,1705
Track and Field,Men's Discus Throw,2016-01-01,46126,11,,1706
Track and Field,Women's 100 metres,2016-01-01,46140,27,,1707
Swimming,Swimming Men's 50 metres Freestyle,2016-01-01,46168,117,,1708
Gymnastics,Gymnastics Women's Team All-Around,2016-01-01,46226,73,,1709
Gymnastics,Gymnastics Women's Floor Exercise,2016-01-01,46226,73,,1710
Gymnastics,Gymnastics Women's Uneven Bars,2016-01-01,46226,73,,1711
Track and Field,Men's Discus Throw,2016-01-01,46244,178,,1712
Track and Field,Men's 100 metres,2016-01-01,46259,14,,1713
Track and Field,Men's 200 metres,2016-01-01,46259,14,,1714
Track and Field,Men's Long Jump,2016-01-01,46266,195,,1715
Track and Field,Men's Discus Throw,2016-01-01,46275,71,Gold,1716
Track and Field,Men's Discus Throw,2016-01-01,46277,71,,1717
Track and Field,Men's 200 metres,2016-01-01,46294,11,,1718
Track and Field,Women's 400 metres Hurdles,2016-01-01,46346,9,,1719
Track and Field,Men's 100 metres,2016-01-01,46356,189,,1720
Track and Field,Men's 200 metres,2016-01-01,46356,189,,1721
Track and Field,Men's 4 x 100 metres Relay,2016-01-01,46356,189,,1722
Track and Field,Men's Triple Jump,2016-01-01,46397,94,,1723
Swimming,Swimming Men's 100 metres Backstroke,2016-01-01,46398,94,,1724
Swimming,Swimming Women's 200 metres Butterfly,2016-01-01,46403,94,,1725
Track and Field,Women's 200 metres,2016-01-01,46491,172,,1726
Track and Field,Women's 800 metres,2016-01-01,46501,130,,1727
Track and Field,"Women's 1,500 metres",2016-01-01,46501,130,,1728
Swimming,Swimming Women's 800 metres Freestyle,2016-01-01,46530,107,,1729
Track and Field,Women's 400 metres,2016-01-01,46542,195,,1730
Track and Field,Women's 4 x 400 metres Relay,2016-01-01,46542,195,Gold,1731
Track and Field,Women's Marathon,2016-01-01,46543,195,,1732
Track and Field,Women's Javelin Throw,2016-01-01,46582,193,,1733
Swimming,Swimming Women's 800 metres Freestyle,2016-01-01,46589,73,,1734
Swimming,Swimming Women's 4 x 200 metres Freestyle Relay,2016-01-01,46589,73,,1735
Swimming,Swimming Women's 200 metres Freestyle,2016-01-01,46637,83,,1736
Track and Field,Men's 50 kilometres Walk,2016-01-01,46648,136,,1737
Track and Field,Men's Marathon,2016-01-01,46762,73,,1738
Track and Field,Men's Marathon,2016-01-01,46764,73,,1739
Track and Field,Men's 800 metres,2016-01-01,46823,149,,1740
Track and Field,Women's Marathon,2016-01-01,46825,189,,1741
Track and Field,Men's 100 metres,2016-01-01,46861,34,,1742
Track and Field,Men's 4 x 100 metres Relay,2016-01-01,46861,34,Bronze,1743
Track and Field,Men's 110 metres Hurdles,2016-01-01,46902,103,,1744
Swimming,Swimming Men's 4 x 100 metres Freestyle Relay,2016-01-01,46926,40,,1745
Track and Field,Women's 400 metres Hurdles,2016-01-01,47033,50,,1746
Swimming,Swimming Women's 100 metres Freestyle,2016-01-01,47117,130,,1747
Swimming,Swimming Women's 200 metres Freestyle,2016-01-01,47117,130,,1748
Swimming,Swimming Women's 4 x 100 metres Freestyle Relay,2016-01-01,47117,130,,1749
Swimming,Swimming Men's 50 metres Freestyle,2016-01-01,47127,19,,1750
Track and Field,Men's 50 kilometres Walk,2016-01-01,47135,90,,1751
Gymnastics,Gymnastics Men's Individual All-Around,2016-01-01,47168,179,,1752
Gymnastics,Gymnastics Men's Team All-Around,2016-01-01,47168,179,,1753
Gymnastics,Gymnastics Men's Floor Exercise,2016-01-01,47168,179,,1754
Gymnastics,Gymnastics Men's Parallel Bars,2016-01-01,47168,179,,1755
Gymnastics,Gymnastics Men's Horizontal Bar,2016-01-01,47168,179,,1756
Gymnastics,Gymnastics Men's Rings,2016-01-01,47168,179,,1757
Gymnastics,Gymnastics Men's Pommelled Horse,2016-01-01,47168,179,,1758
Track and Field,Women's Hammer Throw,2016-01-01,47198,71,,1759
Swimming,Swimming Men's 4 x 200 metres Freestyle Relay,2016-01-01,47204,71,,1760
Swimming,Swimming Men's 400 metres Individual Medley,2016-01-01,47204,71,,1761
Track and Field,Men's Long Jump,2016-01-01,47284,71,,1762
Swimming,Swimming Men's 200 metres Individual Medley,2016-01-01,47310,71,,1763
Track and Field,Women's 400 metres Hurdles,2016-01-01,47358,52,,1764
Track and Field,Men's Decathlon,2016-01-01,47379,52,,1765
Swimming,Swimming Men's 4 x 100 metres Freestyle Relay,2016-01-01,47384,195,Gold,1766
Track and Field,Men's 20 kilometres Walk,2016-01-01,47389,84,,1767
Swimming,Swimming Women's 50 metres Freestyle,2016-01-01,47509,32,,1768
Track and Field,Men's Long Jump,2016-01-01,47578,195,Gold,1769
Swimming,Swimming Women's 50 metres Freestyle,2016-01-01,47623,67,,1770
Track and Field,Women's 20 kilometres Walk,2016-01-01,47718,147,,1771
Track and Field,Women's 100 metres,2016-01-01,47736,73,,1772
Track and Field,Women's 4 x 100 metres Relay,2016-01-01,47736,73,Bronze,1773
Track and Field,Men's Shot Put,2016-01-01,47738,27,,1774
Track and Field,Women's 100 metres,2016-01-01,47753,64,,1775
Swimming,Swimming Women's 200 metres Butterfly,2016-01-01,47781,71,,1776
Swimming,Swimming Women's 400 metres Individual Medley,2016-01-01,47781,71,,1777
Track and Field,Women's High Jump,2016-01-01,47822,193,,1778
Track and Field,Women's 800 metres,2016-01-01,47895,71,,1779
Track and Field,Men's 4 x 100 metres Relay,2016-01-01,47899,71,,1780
Gymnastics,Gymnastics Women's Individual All-Around,2016-01-01,47950,19,,1781
Gymnastics,Gymnastics Women's Team All-Around,2016-01-01,47950,19,,1782
Gymnastics,Gymnastics Women's Floor Exercise,2016-01-01,47950,19,,1783
Gymnastics,Gymnastics Women's Uneven Bars,2016-01-01,47950,19,,1784
Gymnastics,Gymnastics Women's Balance Beam,2016-01-01,47950,19,,1785
Gymnastics,Gymnastics Women's Team All-Around,2016-01-01,48041,195,Gold,1786
Gymnastics,Gymnastics Women's Floor Exercise,2016-01-01,48041,195,,1787
Gymnastics,Gymnastics Women's Balance Beam,2016-01-01,48041,195,Silver,1788
Track and Field,Women's Marathon,2016-01-01,48051,120,,1789
Track and Field,Men's 200 metres,2016-01-01,48147,120,,1790
Track and Field,Women's 20 kilometres Walk,2016-01-01,48150,77,,1791
Swimming,Swimming Women's 50 metres Freestyle,2016-01-01,48177,26,,1792
Track and Field,Men's Triple Jump,2016-01-01,48242,71,,1793
Track and Field,"Men's 3,000 metres Steeplechase",2016-01-01,48272,53,,1794
Track and Field,Men's 800 metres,2016-01-01,48291,3,,1795
Swimming,Swimming Women's 50 metres Freestyle,2016-01-01,48368,22,,1796
Track and Field,Men's 110 metres Hurdles,2016-01-01,48419,134,,1797
Gymnastics,Gymnastics Men's Pommelled Horse,2016-01-01,48442,84,,1798
Swimming,Swimming Men's 50 metres Freestyle,2016-01-01,48519,182,,1799
Track and Field,"Women's 1,500 metres",2016-01-01,48520,125,,1800
Track and Field,Women's Marathon,2016-01-01,48524,102,,1801
Track and Field,Women's 100 metres Hurdles,2016-01-01,48533,71,,1802
Track and Field,Men's Shot Put,2016-01-01,48562,195,,1803
Track and Field,"Women's 5,000 metres",2016-01-01,48635,11,,1804
Track and Field,"Women's 3,000 metres Steeplechase",2016-01-01,48635,11,,1805
Track and Field,Women's 800 metres,2016-01-01,48713,85,,1806
Swimming,Swimming Men's 400 metres Individual Medley,2016-01-01,48730,71,,1807
Swimming,Swimming Men's 10 kilometres Open Water,2016-01-01,48750,94,,1808
Gymnastics,Gymnastics Women's Team All-Around,2016-01-01,48841,67,,1809
Gymnastics,Gymnastics Women's Uneven Bars,2016-01-01,48841,67,,1810
Track and Field,Women's Hammer Throw,2016-01-01,48858,73,Bronze,1811
Track and Field,Women's Javelin Throw,2016-01-01,48874,85,,1812
Track and Field,Men's 20 kilometres Walk,2016-01-01,48904,193,,1813
Track and Field,Men's 50 kilometres Walk,2016-01-01,48904,193,,1814
Swimming,Swimming Men's 10 kilometres Open Water,2016-01-01,48935,170,,1815
Track and Field,Men's Marathon,2016-01-01,48937,41,,1816
Swimming,Swimming Men's 200 metres Freestyle,2016-01-01,48963,200,,1817
Swimming,Swimming Men's 100 metres Freestyle,2016-01-01,49019,143,,1818
Swimming,Swimming Women's 200 metres Backstroke,2016-01-01,49020,11,,1819
Track and Field,Men's Triple Jump,2016-01-01,49149,146,,1820
Track and Field,Women's 4 x 400 metres Relay,2016-01-01,49153,71,,1821
Track and Field,Women's 100 metres Hurdles,2016-01-01,49322,34,,1822
Track and Field,Women's 20 kilometres Walk,2016-01-01,49398,11,,1823
Swimming,Swimming Men's 4 x 100 metres Freestyle Relay,2016-01-01,49538,84,,1824
Track and Field,Women's Shot Put,2016-01-01,49539,193,,1825
Swimming,Swimming Women's 800 metres Freestyle,2016-01-01,49605,147,,1826
Track and Field,"Men's 1,500 metres",2016-01-01,49616,52,,1827
Track and Field,Men's Pole Vault,2016-01-01,49626,71,,1828
Track and Field,Men's Hammer Throw,2016-01-01,49669,190,,1829
Gymnastics,Gymnastics Women's Floor Exercise,2016-01-01,49742,135,,1830
Gymnastics,Gymnastics Women's Horse Vault,2016-01-01,49742,135,,1831
Track and Field,Women's 200 metres,2016-01-01,49819,92,,1832
Track and Field,Women's 100 metres,2016-01-01,49950,170,,1833
Swimming,Swimming Women's 10 kilometres Open Water,2016-01-01,49984,34,,1834
Swimming,Swimming Men's 100 metres Freestyle,2016-01-01,49991,71,,1835
Swimming,Swimming Men's 4 x 100 metres Freestyle Relay,2016-01-01,49991,71,,1836
Track and Field,Men's 200 metres,2016-01-01,50040,173,,1837
Swimming,Swimming Men's 400 metres Freestyle,2016-01-01,50055,11,Gold,1838
Swimming,"Swimming Men's 1,500 metres Freestyle",2016-01-01,50055,11,,1839
Swimming,Swimming Men's 4 x 200 metres Freestyle Relay,2016-01-01,50055,11,,1840
Track and Field,Men's Pole Vault,2016-01-01,50067,49,,1841
Swimming,Swimming Men's 200 metres Breaststroke,2016-01-01,50080,84,,1842
Swimming,Swimming Women's 100 metres Butterfly,2016-01-01,50124,94,,1843
Swimming,Swimming Women's 200 metres Butterfly,2016-01-01,50124,94,Bronze,1844
Track and Field,Men's Marathon,2016-01-01,50146,188,,1845
Swimming,Swimming Women's 4 x 200 metres Freestyle Relay,2016-01-01,50170,84,,1846
Swimming,Swimming Women's 100 metres Backstroke,2016-01-01,50170,84,Gold,1847
Swimming,Swimming Women's 200 metres Backstroke,2016-01-01,50170,84,Silver,1848
Swimming,Swimming Women's 200 metres Individual Medley,2016-01-01,50170,84,Gold,1849
Swimming,Swimming Women's 400 metres Individual Medley,2016-01-01,50170,84,Gold,1850
Track and Field,Men's Javelin Throw,2016-01-01,50176,195,,1851
Swimming,Swimming Women's 800 metres Freestyle,2016-01-01,50200,40,,1852
Track and Field,"Women's 5,000 metres",2016-01-01,50240,195,,1853
Track and Field,Men's 200 metres,2016-01-01,50271,22,,1854
Swimming,Swimming Men's 50 metres Freestyle,2016-01-01,50297,193,,1855
Swimming,Swimming Women's 100 metres Freestyle,2016-01-01,50315,202,,1856
Track and Field,Women's High Jump,2016-01-01,50337,195,,1857
Swimming,Swimming Men's 50 metres Freestyle,2016-01-01,50381,2,,1858
Track and Field,Women's 400 metres,2016-01-01,50411,146,,1859
Track and Field,Women's 4 x 400 metres Relay,2016-01-01,50411,146,,1860
Track and Field,Women's Hammer Throw,2016-01-01,50452,166,,1861
Track and Field,Men's Marathon,2016-01-01,50472,106,,1862
Track and Field,Women's 800 metres,2016-01-01,50482,166,,1863
Track and Field,Women's High Jump,2016-01-01,50496,52,,1864
Gymnastics,Gymnastics Men's Team All-Around,2016-01-01,50510,193,,1865
Gymnastics,Gymnastics Men's Floor Exercise,2016-01-01,50510,193,,1866
Gymnastics,Gymnastics Men's Parallel Bars,2016-01-01,50510,193,,1867
Gymnastics,Gymnastics Men's Horizontal Bar,2016-01-01,50510,193,,1868
Gymnastics,Gymnastics Men's Rings,2016-01-01,50510,193,,1869
Gymnastics,Gymnastics Men's Pommelled Horse,2016-01-01,50510,193,,1870
Track and Field,Men's High Jump,2016-01-01,50517,41,,1871
Track and Field,Women's Marathon,2016-01-01,50520,41,,1872
Swimming,Swimming Men's 200 metres Individual Medley,2016-01-01,50581,40,,1873
Track and Field,Women's Marathon,2016-01-01,50587,40,,1874
Track and Field,Men's Pole Vault,2016-01-01,50593,40,,1875
Track and Field,Men's Long Jump,2016-01-01,50594,40,,1876
Track and Field,Men's Javelin Throw,2016-01-01,50644,41,,1877
Track and Field,"Women's 10,000 metres",2016-01-01,50778,195,,1878
Track and Field,Men's 400 metres,2016-01-01,50806,73,,1879
Track and Field,Men's 4 x 400 metres Relay,2016-01-01,50806,73,,1880
Track and Field,"Men's 3,000 metres Steeplechase",2016-01-01,50877,34,,1881
Track and Field,Men's 400 metres Hurdles,2016-01-01,51242,179,,1882
Swimming,Swimming Men's 200 metres Individual Medley,2016-01-01,51244,58,,1883
Track and Field,Women's Javelin Throw,2016-01-01,51260,71,,1884
Swimming,Swimming Men's 400 metres Freestyle,2016-01-01,51281,131,,1885
Swimming,"Swimming Men's 1,500 metres Freestyle",2016-01-01,51281,131,,1886
Track and Field,Men's 400 metres Hurdles,2016-01-01,51416,93,,1887
Track and Field,Men's 100 metres,2016-01-01,51441,36,,1888
Track and Field,Women's 800 metres,2016-01-01,51451,136,,1889
Gymnastics,Gymnastics Women's Team All-Around,2016-01-01,51456,26,,1890
Gymnastics,Gymnastics Women's Floor Exercise,2016-01-01,51456,26,,1891
Gymnastics,Gymnastics Women's Balance Beam,2016-01-01,51456,26,,1892
Gymnastics,Gymnastics Men's Team All-Around,2016-01-01,51457,26,,1893
Gymnastics,Gymnastics Men's Floor Exercise,2016-01-01,51457,26,Silver,1894
Track and Field,Women's Marathon,2016-01-01,51459,66,,1895
Swimming,Swimming Women's 50 metres Freestyle,2016-01-01,51507,120,,1896
Track and Field,Women's Triple Jump,2016-01-01,51514,42,Gold,1897
Swimming,Swimming Women's 50 metres Freestyle,2016-01-01,51556,175,,1898
Track and Field,"Men's 5,000 metres",2016-01-01,51577,13,,1899
Track and Field,Women's Heptathlon,2016-01-01,51652,74,,1900
Swimming,Swimming Women's 200 metres Freestyle,2016-01-01,51657,94,,1901
Swimming,Swimming Women's 400 metres Freestyle,2016-01-01,51657,94,,1902
Swimming,Swimming Women's 4 x 200 metres Freestyle Relay,2016-01-01,51657,94,,1903
Swimming,Swimming Women's 100 metres Butterfly,2016-01-01,51694,173,,1904
Swimming,Swimming Women's 200 metres Butterfly,2016-01-01,51694,173,,1905
Track and Field,"Men's 1,500 metres",2016-01-01,51721,125,,1906
Track and Field,Men's 200 metres,2016-01-01,51754,94,,1907
Track and Field,Men's 4 x 100 metres Relay,2016-01-01,51754,94,Silver,1908
Track and Field,Women's Heptathlon,2016-01-01,51758,102,,1909
Swimming,Swimming Women's 50 metres Freestyle,2016-01-01,51777,94,,1910
Swimming,Swimming Women's 100 metres Freestyle,2016-01-01,51777,94,,1911
Swimming,Swimming Women's 200 metres Freestyle,2016-01-01,51777,94,,1912
Swimming,Swimming Women's 4 x 100 metres Freestyle Relay,2016-01-01,51777,94,,1913
Swimming,Swimming Women's 4 x 200 metres Freestyle Relay,2016-01-01,51777,94,,1914
Swimming,Swimming Women's 100 metres Butterfly,2016-01-01,51777,94,,1915
Swimming,Swimming Women's 4 x 100 metres Medley Relay,2016-01-01,51777,94,,1916
Track and Field,Men's 800 metres,2016-01-01,51905,76,,1917
Track and Field,Women's Marathon,2016-01-01,51948,171,,1918
Swimming,Swimming Women's 200 metres Individual Medley,2016-01-01,51995,94,,1919
Swimming,Swimming Men's 50 metres Freestyle,2016-01-01,52009,153,,1920
Track and Field,Women's Marathon,2016-01-01,52088,92,,1921
Track and Field,Women's Shot Put,2016-01-01,52091,79,,1922
Track and Field,"Women's 10,000 metres",2016-01-01,52109,195,,1923
Track and Field,"Men's 1,500 metres",2016-01-01,52116,136,,1924
Track and Field,"Men's 1,500 metres",2016-01-01,52117,136,,1925
Track and Field,"Women's 10,000 metres",2016-01-01,52134,92,,1926
Swimming,Swimming Men's 50 metres Freestyle,2016-01-01,52154,124,,1927
Track and Field,Women's Discus Throw,2016-01-01,52214,183,,1928
Swimming,Swimming Men's 50 metres Freestyle,2016-01-01,52228,101,,1929
Track and Field,Men's High Jump,2016-01-01,52259,51,,1930
Track and Field,Men's Marathon,2016-01-01,52275,151,,1931
Track and Field,Women's 4 x 400 metres Relay,2016-01-01,52284,151,,1932
Swimming,Swimming Men's 400 metres Freestyle,2016-01-01,52320,53,,1933
Swimming,"Swimming Men's 1,500 metres Freestyle",2016-01-01,52320,53,,1934
Track and Field,"Men's 5,000 metres",2016-01-01,52329,31,,1935
Track and Field,"Men's 10,000 metres",2016-01-01,52329,31,,1936
Swimming,Swimming Men's 50 metres Freestyle,2016-01-01,52332,31,,1937
Swimming,Swimming Men's 100 metres Backstroke,2016-01-01,52358,94,,1938
Swimming,Swimming Men's 200 metres Backstroke,2016-01-01,52358,94,,1939
Swimming,Swimming Men's 4 x 100 metres Medley Relay,2016-01-01,52358,94,,1940
Swimming,Swimming Men's 100 metres Butterfly,2016-01-01,52377,11,,1941
Swimming,Swimming Men's 200 metres Butterfly,2016-01-01,52377,11,,1942
Track and Field,Men's Marathon,2016-01-01,52523,94,,1943
Track and Field,Men's 50 kilometres Walk,2016-01-01,52550,147,,1944
Track and Field,Women's 400 metres Hurdles,2016-01-01,52567,110,,1945
Track and Field,Women's 200 metres,2016-01-01,52581,114,,1946
Track and Field,Men's 100 metres,2016-01-01,52588,28,,1947
Track and Field,"Men's 3,000 metres Steeplechase",2016-01-01,52592,54,,1948
Track and Field,Women's Marathon,2016-01-01,52679,94,,1949
Track and Field,Women's Long Jump,2016-01-01,52712,173,,1950
Track and Field,Women's 400 metres Hurdles,2016-01-01,52730,136,,1951
Track and Field,Women's 100 metres Hurdles,2016-01-01,52747,49,,1952
Track and Field,Men's Shot Put,2016-01-01,52795,29,,1953
Track and Field,Men's Shot Put,2016-01-01,52810,96,,1954
Track and Field,Men's High Jump,2016-01-01,52838,29,,1955
Swimming,Swimming Women's 4 x 100 metres Freestyle Relay,2016-01-01,52935,91,,1956
Swimming,Swimming Women's 100 metres Breaststroke,2016-01-01,52935,91,,1957
Swimming,Swimming Women's 200 metres Breaststroke,2016-01-01,52935,91,,1958
Swimming,Swimming Women's 100 metres Butterfly,2016-01-01,52935,91,,1959
Swimming,Swimming Men's 4 x 100 metres Freestyle Relay,2016-01-01,53007,152,,1960
Swimming,Swimming Men's 4 x 200 metres Freestyle Relay,2016-01-01,53007,152,,1961
Swimming,Swimming Men's 50 metres Freestyle,2016-01-01,53085,72,,1962
Track and Field,Women's 400 metres,2016-01-01,53145,93,Bronze,1963
Track and Field,Women's 4 x 400 metres Relay,2016-01-01,53145,93,Silver,1964
Track and Field,Women's 4 x 100 metres Relay,2016-01-01,53256,34,,1965
Swimming,Swimming Men's 400 metres Freestyle,2016-01-01,53283,195,,1966
Swimming,"Swimming Men's 1,500 metres Freestyle",2016-01-01,53283,195,Silver,1967
Track and Field,Women's Long Jump,2016-01-01,53288,11,,1968
Track and Field,Women's Triple Jump,2016-01-01,53298,146,,1969
Track and Field,"Men's 3,000 metres Steeplechase",2016-01-01,53305,195,Silver,1970
Track and Field,Men's 400 metres Hurdles,2016-01-01,53324,62,,1971
Track and Field,Women's Marathon,2016-01-01,53361,86,,1972
Swimming,Swimming Women's 4 x 200 metres Freestyle Relay,2016-01-01,53373,84,,1973
Swimming,Swimming Women's 200 metres Individual Medley,2016-01-01,53373,84,,1974
Swimming,Swimming Women's 400 metres Individual Medley,2016-01-01,53373,84,,1975
Track and Field,Men's 100 metres,2016-01-01,53430,71,,1976
Track and Field,Men's 4 x 100 metres Relay,2016-01-01,53430,71,,1977
Swimming,Swimming Women's 50 metres Freestyle,2016-01-01,53446,164,,1978
Swimming,Swimming Women's 100 metres Backstroke,2016-01-01,53450,66,,1979
Swimming,Swimming Women's 4 x 100 metres Medley Relay,2016-01-01,53450,66,,1980
Track and Field,Men's 400 metres,2016-01-01,53492,75,Silver,1981
Track and Field,Men's Marathon,2016-01-01,53526,57,,1982
Track and Field,Men's 200 metres,2016-01-01,53543,69,,1983
Swimming,Swimming Men's 400 metres Individual Medley,2016-01-01,53589,52,,1984
Track and Field,Men's Hammer Throw,2016-01-01,53599,50,,1985
Track and Field,Men's 400 metres,2016-01-01,53603,167,,1986
Track and Field,Men's 4 x 100 metres Relay,2016-01-01,53972,7,,1987
Track and Field,Men's Discus Throw,2016-01-01,54001,71,Bronze,1988
Track and Field,Women's 100 metres Hurdles,2016-01-01,54101,81,,1989
Track and Field,"Women's 3,000 metres Steeplechase",2016-01-01,54135,15,Gold,1990
Track and Field,Women's 400 metres,2016-01-01,54211,25,,1991
Track and Field,Men's 20 kilometres Walk,2016-01-01,54246,146,,1992
Track and Field,Women's 100 metres Hurdles,2016-01-01,54294,11,,1993
Swimming,Swimming Women's 4 x 100 metres Freestyle Relay,2016-01-01,54390,53,,1994
Track and Field,Women's 20 kilometres Walk,2016-01-01,54499,171,,1995
Track and Field,Women's Marathon,2016-01-01,54609,97,,1996
Track and Field,Women's 100 metres Hurdles,2016-01-01,54631,173,,1997
Gymnastics,Gymnastics Men's Individual All-Around,2016-01-01,54678,52,,1998
Gymnastics,Gymnastics Men's Floor Exercise,2016-01-01,54678,52,,1999
Gymnastics,Gymnastics Men's Parallel Bars,2016-01-01,54678,52,,2000
Gymnastics,Gymnastics Men's Horizontal Bar,2016-01-01,54678,52,,2001
Gymnastics,Gymnastics Men's Rings,2016-01-01,54678,52,,2002
Gymnastics,Gymnastics Men's Pommelled Horse,2016-01-01,54678,52,,2003
Track and Field,Women's Marathon,2016-01-01,54701,162,,2004
Track and Field,Women's 200 metres,2016-01-01,54844,39,,2005
Swimming,Swimming Women's 100 metres Breaststroke,2016-01-01,55018,156,,2006
Track and Field,Men's 200 metres,2016-01-01,55039,170,,2007
Track and Field,Men's 800 metres,2016-01-01,55052,195,,2008
Swimming,"Swimming Men's 1,500 metres Freestyle",2016-01-01,55058,53,,2009
Track and Field,Women's Marathon,2016-01-01,55067,128,,2010
Swimming,Swimming Women's 100 metres Breaststroke,2016-01-01,55209,178,,2011
Swimming,Swimming Women's 4 x 100 metres Medley Relay,2016-01-01,55209,178,,2012
Track and Field,Men's 110 metres Hurdles,2016-01-01,55289,71,,2013
Track and Field,Women's Shot Put,2016-01-01,55372,195,,2014
Track and Field,Men's 800 metres,2016-01-01,55399,86,,2015
Track and Field,Men's Hammer Throw,2016-01-01,55416,195,,2016
Track and Field,Women's Heptathlon,2016-01-01,55487,73,,2017
Swimming,"Swimming Men's 1,500 metres Freestyle",2016-01-01,55581,67,,2018
Swimming,Swimming Men's 4 x 200 metres Freestyle Relay,2016-01-01,55581,67,,2019
Track and Field,Women's High Jump,2016-01-01,55606,17,,2020
Track and Field,Women's Heptathlon,2016-01-01,55606,17,,2021
Track and Field,Men's 200 metres,2016-01-01,55626,20,,2022
Track and Field,Women's 200 metres,2016-01-01,55690,196,,2023
Swimming,Swimming Men's 50 metres Freestyle,2016-01-01,55776,69,,2024
Track and Field,Men's 4 x 400 metres Relay,2016-01-01,55899,67,,2025
Track and Field,Women's Triple Jump,2016-01-01,55932,56,,2026
Track and Field,Men's Marathon,2016-01-01,55950,182,,2027
Track and Field,Men's Pole Vault,2016-01-01,55969,67,,2028
Track and Field,Women's Long Jump,2016-01-01,56051,173,,2029
Track and Field,Men's Marathon,2016-01-01,56090,84,,2030
Track and Field,Women's 800 metres,2016-01-01,56094,146,,2031
Track and Field,Men's 110 metres Hurdles,2016-01-01,56267,81,,2032
Swimming,Swimming Women's 50 metres Freestyle,2016-01-01,56275,180,,2033
Track and Field,Women's High Jump,2016-01-01,56310,71,,2034
Swimming,Swimming Men's 50 metres Freestyle,2016-01-01,56353,146,,2035
Gymnastics,Gymnastics Women's Individual All-Around,2016-01-01,56400,146,,2036
Gymnastics,Gymnastics Women's Floor Exercise,2016-01-01,56400,146,,2037
Gymnastics,Gymnastics Women's Uneven Bars,2016-01-01,56400,146,,2038
Gymnastics,Gymnastics Women's Balance Beam,2016-01-01,56400,146,,2039
Track and Field,Men's Long Jump,2016-01-01,56409,52,,2040
Swimming,Swimming Men's 4 x 200 metres Freestyle Relay,2016-01-01,56438,170,,2041
Track and Field,Men's Marathon,2016-01-01,56465,203,,2042
Track and Field,"Men's 1,500 metres",2016-01-01,56487,125,,2043
Track and Field,Men's 110 metres Hurdles,2016-01-01,56489,34,,2044
Track and Field,Women's Long Jump,2016-01-01,56673,94,,2045
Track and Field,Women's 800 metres,2016-01-01,56733,11,,2046
Swimming,Swimming Women's 100 metres Butterfly,2016-01-01,56749,24,,2047
Swimming,Swimming Men's 400 metres Individual Medley,2016-01-01,56887,195,Silver,2048
Track and Field,Women's High Jump,2016-01-01,56907,51,,2049
Track and Field,Women's 100 metres Hurdles,2016-01-01,56926,178,,2050
Track and Field,Women's Marathon,2016-01-01,56930,170,,2051
Swimming,Swimming Men's 200 metres Individual Medley,2016-01-01,56943,102,,2052
Track and Field,Men's Marathon,2016-01-01,56954,74,,2053
Swimming,Swimming Men's 50 metres Freestyle,2016-01-01,56956,91,,2054
Swimming,Swimming Men's 100 metres Freestyle,2016-01-01,56956,91,,2055
Track and Field,Women's 100 metres,2016-01-01,57013,164,,2056
Track and Field,Men's 100 metres,2016-01-01,57014,164,,2057
Swimming,Swimming Men's 50 metres Freestyle,2016-01-01,57015,164,,2058
Track and Field,Women's 100 metres,2016-01-01,57037,179,,2059
Track and Field,Women's 200 metres,2016-01-01,57037,179,,2060
Swimming,Swimming Women's 200 metres Individual Medley,2016-01-01,57080,147,,2061
Swimming,Swimming Women's 400 metres Individual Medley,2016-01-01,57080,147,,2062
Track and Field,"Women's 5,000 metres",2016-01-01,57127,45,,2063
Track and Field,"Men's 10,000 metres",2016-01-01,57133,97,,2064
Track and Field,Men's Marathon,2016-01-01,57163,108,,2065
Swimming,Swimming Men's 200 metres Backstroke,2016-01-01,57194,94,,2066
Track and Field,Men's 400 metres,2016-01-01,57200,94,,2067
Swimming,Swimming Women's 200 metres Breaststroke,2016-01-01,57212,94,Gold,2068
Track and Field,Men's Discus Throw,2016-01-01,57280,62,,2069
Swimming,Swimming Women's 400 metres Freestyle,2016-01-01,57315,84,,2070
Swimming,Swimming Women's 800 metres Freestyle,2016-01-01,57315,84,Bronze,2071
Swimming,Swimming Women's 4 x 200 metres Freestyle Relay,2016-01-01,57315,84,,2072
Track and Field,Men's 100 metres,2016-01-01,57326,64,,2073
Swimming,Swimming Men's 400 metres Freestyle,2016-01-01,57472,189,,2074
Track and Field,Men's Marathon,2016-01-01,57504,189,,2075
Track and Field,Men's 20 kilometres Walk,2016-01-01,57665,178,,2076
Gymnastics,Gymnastics Women's Individual All-Around,2016-01-01,57668,86,,2077
Gymnastics,Gymnastics Women's Floor Exercise,2016-01-01,57668,86,,2078
Gymnastics,Gymnastics Women's Horse Vault,2016-01-01,57668,86,,2079
Gymnastics,Gymnastics Women's Uneven Bars,2016-01-01,57668,86,,2080
Gymnastics,Gymnastics Women's Balance Beam,2016-01-01,57668,86,,2081
Swimming,Swimming Men's 100 metres Breaststroke,2016-01-01,57833,179,,2082
Swimming,Swimming Men's 200 metres Breaststroke,2016-01-01,57833,179,,2083
Track and Field,Women's 100 metres,2016-01-01,57837,96,,2084
Track and Field,Women's 4 x 100 metres Relay,2016-01-01,57837,96,,2085
Track and Field,Women's 20 kilometres Walk,2016-01-01,57863,193,,2086
Track and Field,Men's Decathlon,2016-01-01,57864,193,,2087
Swimming,Swimming Women's 10 kilometres Open Water,2016-01-01,57911,58,,2088
Track and Field,Women's 100 metres,2016-01-01,57913,43,,2089
Swimming,Swimming Women's 200 metres Freestyle,2016-01-01,57955,86,,2090
Track and Field,Men's 4 x 400 metres Relay,2016-01-01,57996,94,,2091
Gymnastics,Gymnastics Men's Individual All-Around,2016-01-01,57997,94,,2092
Gymnastics,Gymnastics Men's Team All-Around,2016-01-01,57997,94,Gold,2093
Gymnastics,Gymnastics Men's Floor Exercise,2016-01-01,57997,94,,2094
Gymnastics,Gymnastics Men's Parallel Bars,2016-01-01,57997,94,,2095
Gymnastics,Gymnastics Men's Horizontal Bar,2016-01-01,57997,94,,2096
Gymnastics,Gymnastics Men's Rings,2016-01-01,57997,94,,2097
Gymnastics,Gymnastics Men's Pommelled Horse,2016-01-01,57997,94,,2098
Swimming,Swimming Men's 4 x 100 metres Freestyle Relay,2016-01-01,58019,74,,2099
Track and Field,Men's Marathon,2016-01-01,58053,128,,2100
Track and Field,Women's 20 kilometres Walk,2016-01-01,58094,86,,2101
Track and Field,Women's Shot Put,2016-01-01,58097,86,,2102
Track and Field,Men's 800 metres,2016-01-01,58177,94,,2103
Swimming,Swimming Men's 100 metres Backstroke,2016-01-01,58220,146,,2104
Swimming,Swimming Men's 200 metres Backstroke,2016-01-01,58220,146,,2105
Swimming,Swimming Men's 4 x 100 metres Medley Relay,2016-01-01,58220,146,,2106
Track and Field,"Men's 5,000 metres",2016-01-01,58227,189,,2107
Track and Field,"Men's 10,000 metres",2016-01-01,58227,189,,2108
Track and Field,"Men's 3,000 metres Steeplechase",2016-01-01,58228,189,,2109
Track and Field,Women's Hammer Throw,2016-01-01,58230,189,,2110
Track and Field,"Women's 3,000 metres Steeplechase",2016-01-01,58232,189,,2111
Track and Field,Men's Decathlon,2016-01-01,58300,71,,2112
Track and Field,"Men's 1,500 metres",2016-01-01,58359,3,,2113
Track and Field,Men's Marathon,2016-01-01,58405,195,,2114
Track and Field,Women's 100 metres,2016-01-01,58440,78,,2115
Swimming,Swimming Women's 100 metres Freestyle,2016-01-01,58452,46,,2116
Track and Field,Women's 200 metres,2016-01-01,58560,27,,2117
Track and Field,"Men's 3,000 metres Steeplechase",2016-01-01,58614,97,,2118
Swimming,Swimming Men's 200 metres Butterfly,2016-01-01,58684,84,Bronze,2119
Track and Field,Men's Pole Vault,2016-01-01,58688,195,Bronze,2120
Track and Field,"Men's 1,500 metres",2016-01-01,58765,172,,2121
Swimming,Swimming Women's 200 metres Freestyle,2016-01-01,58894,84,,2122
Swimming,Swimming Women's 400 metres Freestyle,2016-01-01,58894,84,,2123
Swimming,Swimming Women's 4 x 200 metres Freestyle Relay,2016-01-01,58894,84,,2124
Swimming,Swimming Men's 50 metres Freestyle,2016-01-01,59050,58,,2125
Track and Field,"Women's 10,000 metres",2016-01-01,59107,198,,2126
Track and Field,Women's Marathon,2016-01-01,59107,198,,2127
Track and Field,Men's 400 metres,2016-01-01,59113,15,,2128
Track and Field,Men's Marathon,2016-01-01,59191,70,,2129
Swimming,Swimming Women's 50 metres Freestyle,2016-01-01,59307,18,,2130
Track and Field,Women's Marathon,2016-01-01,59321,198,,2131
Track and Field,Men's Hammer Throw,2016-01-01,59343,198,,2132
Track and Field,Women's Javelin Throw,2016-01-01,59361,18,,2133
Swimming,Swimming Men's 200 metres Breaststroke,2016-01-01,59365,152,,2134
Track and Field,Men's Long Jump,2016-01-01,59376,70,,2135
Swimming,Swimming Men's 4 x 100 metres Freestyle Relay,2016-01-01,59430,74,,2136
Swimming,Swimming Men's 100 metres Backstroke,2016-01-01,59430,74,,2137
Swimming,Swimming Men's 200 metres Backstroke,2016-01-01,59430,74,,2138
Swimming,Swimming Men's 4 x 100 metres Medley Relay,2016-01-01,59430,74,,2139
Track and Field,Women's 200 metres,2016-01-01,59484,9,,2140
Swimming,Swimming Men's 10 kilometres Open Water,2016-01-01,59492,96,,2141
Track and Field,Women's 100 metres Hurdles,2016-01-01,59529,198,,2142
Track and Field,Men's 400 metres,2016-01-01,59539,97,,2143
Track and Field,"Women's 1,500 metres",2016-01-01,59542,97,Gold,2144
Swimming,Swimming Women's 10 kilometres Open Water,2016-01-01,59563,94,,2145
Track and Field,Women's 200 metres,2016-01-01,59648,146,,2146
Track and Field,Women's 4 x 100 metres Relay,2016-01-01,59648,146,,2147
Track and Field,"Men's 5,000 metres",2016-01-01,59655,61,,2148
Track and Field,"Men's 10,000 metres",2016-01-01,59656,61,,2149
Track and Field,Men's 200 metres,2016-01-01,59675,21,,2150
Track and Field,Men's 4 x 100 metres Relay,2016-01-01,59755,73,,2151
Track and Field,Men's Long Jump,2016-01-01,59830,171,,2152
Track and Field,Men's Triple Jump,2016-01-01,59830,171,,2153
Gymnastics,Gymnastics Men's Team All-Around,2016-01-01,59938,171,,2154
Gymnastics,Gymnastics Men's Floor Exercise,2016-01-01,59938,171,,2155
Gymnastics,Gymnastics Men's Horse Vault,2016-01-01,59938,171,,2156
Gymnastics,Gymnastics Men's Horizontal Bar,2016-01-01,59938,171,,2157
Gymnastics,Gymnastics Men's Pommelled Horse,2016-01-01,59938,171,,2158
Track and Field,Women's Marathon,2016-01-01,59964,135,,2159
Track and Field,Women's Marathon,2016-01-01,59967,135,,2160
Track and Field,Men's 20 kilometres Walk,2016-01-01,59981,171,,2161
Track and Field,Men's 50 kilometres Walk,2016-01-01,59981,171,,2162
Track and Field,Men's 100 metres,2016-01-01,60112,171,,2163
Track and Field,Women's Marathon,2016-01-01,60113,135,,2164
Swimming,Swimming Women's 200 metres Individual Medley,2016-01-01,60211,171,,2165
Track and Field,Women's Marathon,2016-01-01,60393,24,,2166
Track and Field,Men's Marathon,2016-01-01,60444,150,,2167
Track and Field,Men's 50 kilometres Walk,2016-01-01,60477,73,,2168
Swimming,Swimming Women's 100 metres Breaststroke,2016-01-01,60494,195,Gold,2169
Swimming,Swimming Women's 200 metres Breaststroke,2016-01-01,60494,195,,2170
Swimming,Swimming Women's 4 x 100 metres Medley Relay,2016-01-01,60494,195,Gold,2171
Track and Field,Men's 50 kilometres Walk,2016-01-01,60543,66,,2172
Track and Field,Women's High Jump,2016-01-01,60561,178,,2173
Track and Field,"Men's 10,000 metres",2016-01-01,60588,195,,2174
Track and Field,Men's Marathon,2016-01-01,60589,97,Gold,2175
Track and Field,Men's 800 metres,2016-01-01,60593,97,,2176
Track and Field,"Men's 3,000 metres Steeplechase",2016-01-01,60597,192,,2177
Track and Field,Men's Marathon,2016-01-01,60600,13,,2178
Track and Field,"Men's 5,000 metres",2016-01-01,60604,192,,2179
Track and Field,"Men's 1,500 metres",2016-01-01,60610,97,,2180
Track and Field,Women's Marathon,2016-01-01,60612,97,,2181
Track and Field,Men's Marathon,2016-01-01,60613,192,,2182
Track and Field,Men's Marathon,2016-01-01,60618,192,,2183
Track and Field,"Men's 3,000 metres Steeplechase",2016-01-01,60623,97,,2184
Track and Field,"Men's 3,000 metres Steeplechase",2016-01-01,60624,97,Gold,2185
Track and Field,"Men's 5,000 metres",2016-01-01,60633,192,,2186
Swimming,Swimming Men's 200 metres Backstroke,2016-01-01,60698,13,,2187
Gymnastics,Gymnastics Men's Individual All-Around,2016-01-01,60751,66,,2188
Gymnastics,Gymnastics Men's Floor Exercise,2016-01-01,60751,66,,2189
Gymnastics,Gymnastics Men's Parallel Bars,2016-01-01,60751,66,,2190
Gymnastics,Gymnastics Men's Horizontal Bar,2016-01-01,60751,66,,2191
Gymnastics,Gymnastics Men's Rings,2016-01-01,60751,66,,2192
Gymnastics,Gymnastics Men's Pommelled Horse,2016-01-01,60751,66,,2193
Track and Field,Men's Javelin Throw,2016-01-01,60777,62,,2194
Track and Field,Women's Marathon,2016-01-01,60784,15,Silver,2195
Track and Field,Men's 100 metres,2016-01-01,60790,94,,2196
Track and Field,Men's 4 x 100 metres Relay,2016-01-01,60790,94,Silver,2197
Swimming,Swimming Men's 400 metres Freestyle,2016-01-01,60794,84,,2198
Swimming,Swimming Men's 4 x 200 metres Freestyle Relay,2016-01-01,60794,84,,2199
Track and Field,Men's 400 metres,2016-01-01,60823,97,,2200
Swimming,Swimming Men's 50 metres Freestyle,2016-01-01,60826,34,,2201
Swimming,Swimming Men's 100 metres Freestyle,2016-01-01,60826,34,,2202
Swimming,Swimming Men's 4 x 100 metres Freestyle Relay,2016-01-01,60826,34,,2203
Swimming,Swimming Men's 4 x 100 metres Medley Relay,2016-01-01,60826,34,,2204
Track and Field,Men's Marathon,2016-01-01,60831,125,,2205
Track and Field,Men's 4 x 400 metres Relay,2016-01-01,60887,94,,2206
Track and Field,Men's Marathon,2016-01-01,60892,94,,2207
Track and Field,"Men's 3,000 metres Steeplechase",2016-01-01,60962,62,,2208
Track and Field,"Women's 3,000 metres Steeplechase",2016-01-01,60965,97,Silver,2209
Track and Field,Women's Hammer Throw,2016-01-01,61014,71,,2210
Swimming,Swimming Men's 4 x 200 metres Freestyle Relay,2016-01-01,61223,146,,2211
Swimming,Swimming Women's 400 metres Freestyle,2016-01-01,61279,167,,2212
Swimming,Swimming Women's 4 x 200 metres Freestyle Relay,2016-01-01,61279,167,,2213
Swimming,Swimming Women's 200 metres Butterfly,2016-01-01,61279,167,,2214
Track and Field,Women's Long Jump,2016-01-01,61312,152,,2215
Swimming,Swimming Men's 100 metres Breaststroke,2016-01-01,61326,166,,2216
Track and Field,"Women's 1,500 metres",2016-01-01,61359,71,,2217
Track and Field,Women's Heptathlon,2016-01-01,61368,52,,2218
Track and Field,Women's Hammer Throw,2016-01-01,61399,193,,2219
Swimming,Swimming Women's 4 x 200 metres Freestyle Relay,2016-01-01,61474,130,,2220
Track and Field,Women's Discus Throw,2016-01-01,61485,93,,2221
Track and Field,Men's 4 x 100 metres Relay,2016-01-01,61517,71,,2222
Track and Field,Women's Triple Jump,2016-01-01,61631,91,,2223
Track and Field,Women's 100 metres Hurdles,2016-01-01,61645,30,,2224
Swimming,Swimming Men's 4 x 100 metres Freestyle Relay,2016-01-01,61652,94,,2225
Track and Field,Men's 400 metres Hurdles,2016-01-01,61711,96,,2226
Swimming,Swimming Men's 4 x 200 metres Freestyle Relay,2016-01-01,61715,94,Bronze,2227
Swimming,Swimming Women's 400 metres Freestyle,2016-01-01,61717,39,,2228
Swimming,Swimming Women's 800 metres Freestyle,2016-01-01,61717,39,,2229
Swimming,Swimming Men's 200 metres Breaststroke,2016-01-01,61775,71,,2230
Swimming,Swimming Men's 4 x 100 metres Medley Relay,2016-01-01,61775,71,,2231
Gymnastics,Gymnastics Women's Team All-Around,2016-01-01,61812,195,Gold,2232
Gymnastics,Gymnastics Women's Uneven Bars,2016-01-01,61812,195,Silver,2233
Track and Field,Men's 400 metres Hurdles,2016-01-01,61871,97,,2234
Track and Field,"Men's 5,000 metres",2016-01-01,61875,97,,2235
Track and Field,"Men's 3,000 metres Steeplechase",2016-01-01,61876,15,,2236
Track and Field,Men's 100 metres,2016-01-01,61913,48,,2237
Track and Field,Men's 200 metres,2016-01-01,61913,48,,2238
Swimming,Swimming Men's 4 x 100 metres Freestyle Relay,2016-01-01,61923,94,,2239
Swimming,Swimming Women's 400 metres Freestyle,2016-01-01,61983,71,,2240
Swimming,Swimming Women's 800 metres Freestyle,2016-01-01,61983,71,,2241
Swimming,Swimming Women's 4 x 200 metres Freestyle Relay,2016-01-01,61983,71,,2242
Track and Field,Women's 800 metres,2016-01-01,61995,71,,2243
Swimming,Swimming Men's 50 metres Freestyle,2016-01-01,62068,44,,2244
Track and Field,Women's Javelin Throw,2016-01-01,62116,49,Gold,2245
Track and Field,Men's Shot Put,2016-01-01,62130,162,,2246
Track and Field,Women's 400 metres Hurdles,2016-01-01,62168,193,,2247
Track and Field,Men's Hammer Throw,2016-01-01,62267,18,,2248
Swimming,Swimming Women's 100 metres Breaststroke,2016-01-01,62436,83,,2249
Swimming,Swimming Women's 4 x 100 metres Medley Relay,2016-01-01,62436,83,,2250
Track and Field,Women's 4 x 100 metres Relay,2016-01-01,62520,146,,2251
Track and Field,Women's Hammer Throw,2016-01-01,62710,146,,2252
Swimming,Swimming Men's 100 metres Butterfly,2016-01-01,62715,152,,2253
Swimming,Swimming Men's 200 metres Butterfly,2016-01-01,62715,152,,2254
Swimming,Swimming Men's 4 x 100 metres Medley Relay,2016-01-01,62715,152,,2255
Track and Field,Women's 4 x 100 metres Relay,2016-01-01,62721,179,,2256
Track and Field,Men's Marathon,2016-01-01,62788,15,,2257
Track and Field,"Men's 10,000 metres",2016-01-01,62791,195,,2258
Track and Field,Men's Marathon,2016-01-01,62792,97,,2259
Track and Field,Women's Long Jump,2016-01-01,62837,193,,2260
Track and Field,Women's Marathon,2016-01-01,62842,100,,2261
Track and Field,Women's 800 metres,2016-01-01,62853,18,,2262
Swimming,Swimming Men's 4 x 100 metres Freestyle Relay,2016-01-01,62931,146,,2263
Swimming,Swimming Men's 4 x 200 metres Freestyle Relay,2016-01-01,62931,146,,2264
Swimming,Swimming Men's 100 metres Butterfly,2016-01-01,62931,146,,2265
Track and Field,Women's Javelin Throw,2016-01-01,62933,18,,2266
Swimming,Swimming Women's 50 metres Freestyle,2016-01-01,62958,12,,2267
Swimming,Swimming Men's 100 metres Breaststroke,2016-01-01,62968,94,,2268
Swimming,Swimming Men's 200 metres Breaststroke,2016-01-01,62968,94,,2269
Swimming,Swimming Men's 4 x 100 metres Medley Relay,2016-01-01,62968,94,,2270
Swimming,Swimming Men's 200 metres Freestyle,2016-01-01,63020,66,,2271
Swimming,Swimming Men's 400 metres Freestyle,2016-01-01,63020,66,,2272
Track and Field,Men's Marathon,2016-01-01,63039,167,,2273
Track and Field,"Women's 1,500 metres",2016-01-01,63105,130,,2274
Track and Field,Men's Javelin Throw,2016-01-01,63163,193,,2275
Track and Field,Women's Marathon,2016-01-01,63222,193,,2276
Track and Field,"Women's 3,000 metres Steeplechase",2016-01-01,63265,71,,2277
Gymnastics,Gymnastics Men's Individual All-Around,2016-01-01,63272,131,,2278
Gymnastics,Gymnastics Men's Floor Exercise,2016-01-01,63272,131,,2279
Gymnastics,Gymnastics Men's Horse Vault,2016-01-01,63272,131,,2280
Gymnastics,Gymnastics Men's Parallel Bars,2016-01-01,63272,131,,2281
Gymnastics,Gymnastics Men's Horizontal Bar,2016-01-01,63272,131,,2282
Gymnastics,Gymnastics Men's Rings,2016-01-01,63272,131,,2283
Gymnastics,Gymnastics Men's Pommelled Horse,2016-01-01,63272,131,,2284
Swimming,Swimming Men's 200 metres Breaststroke,2016-01-01,63287,74,,2285
Track and Field,Women's 20 kilometres Walk,2016-01-01,63373,84,,2286
Track and Field,Men's Shot Put,2016-01-01,63392,195,Silver,2287
Gymnastics,Gymnastics Women's Individual All-Around,2016-01-01,63419,84,,2288
Gymnastics,Gymnastics Women's Floor Exercise,2016-01-01,63419,84,,2289
Gymnastics,Gymnastics Women's Horse Vault,2016-01-01,63419,84,,2290
Gymnastics,Gymnastics Women's Uneven Bars,2016-01-01,63419,84,,2291
Gymnastics,Gymnastics Women's Balance Beam,2016-01-01,63419,84,,2292
Track and Field,Men's Discus Throw,2016-01-01,63428,84,,2293
Track and Field,Men's 20 kilometres Walk,2016-01-01,63443,193,,2294
Track and Field,"Men's 3,000 metres Steeplechase",2016-01-01,63502,67,,2295
Track and Field,Women's Marathon,2016-01-01,63516,146,,2296
Swimming,Swimming Men's 100 metres Freestyle,2016-01-01,63600,84,,2297
Swimming,Swimming Men's 200 metres Freestyle,2016-01-01,63600,84,,2298
Swimming,Swimming Men's 4 x 100 metres Freestyle Relay,2016-01-01,63600,84,,2299
Swimming,Swimming Men's 4 x 200 metres Freestyle Relay,2016-01-01,63600,84,,2300
Track and Field,Men's Marathon,2016-01-01,63627,146,,2301
Track and Field,Women's 100 metres Hurdles,2016-01-01,63635,146,,2302
Swimming,Swimming Men's 50 metres Freestyle,2016-01-01,63641,185,,2303
Swimming,Swimming Women's 50 metres Freestyle,2016-01-01,63643,185,,2304
Swimming,Swimming Women's 10 kilometres Open Water,2016-01-01,63749,152,,2305
Track and Field,Men's Marathon,2016-01-01,63758,96,,2306
Swimming,Swimming Men's 200 metres Freestyle,2016-01-01,63778,152,,2307
Swimming,Swimming Men's 400 metres Freestyle,2016-01-01,63778,152,,2308
Swimming,Swimming Men's 4 x 200 metres Freestyle Relay,2016-01-01,63778,152,,2309
Track and Field,Women's 100 metres,2016-01-01,63795,26,,2310
Track and Field,Women's 4 x 100 metres Relay,2016-01-01,63795,26,,2311
Track and Field,"Women's 3,000 metres Steeplechase",2016-01-01,63846,71,,2312
Track and Field,Men's 4 x 400 metres Relay,2016-01-01,63900,146,,2313
Track and Field,Men's Marathon,2016-01-01,63939,179,,2314
Swimming,Swimming Women's 200 metres Individual Medley,2016-01-01,64008,12,,2315
Track and Field,Men's 20 kilometres Walk,2016-01-01,64062,86,,2316
Track and Field,Women's Heptathlon,2016-01-01,64184,84,,2317
Track and Field,Women's 400 metres,2016-01-01,64242,105,,2318
Swimming,Swimming Women's 50 metres Freestyle,2016-01-01,64249,130,,2319
Swimming,Swimming Women's 100 metres Freestyle,2016-01-01,64249,130,,2320
Swimming,Swimming Women's 4 x 100 metres Freestyle Relay,2016-01-01,64249,130,,2321
Track and Field,Men's High Jump,2016-01-01,64291,91,,2322
Track and Field,Men's Javelin Throw,2016-01-01,64363,146,,2323
Track and Field,Women's 400 metres,2016-01-01,64422,99,,2324
Track and Field,Men's 4 x 400 metres Relay,2016-01-01,64466,146,,2325
Track and Field,Men's 800 metres,2016-01-01,64482,146,,2326
Track and Field,Women's 400 metres Hurdles,2016-01-01,64544,94,,2327
Track and Field,Men's 400 metres Hurdles,2016-01-01,64566,166,,2328
Track and Field,Men's 20 kilometres Walk,2016-01-01,64609,166,,2329
Track and Field,Women's 400 metres,2016-01-01,64634,96,,2330
Track and Field,Men's Pole Vault,2016-01-01,64638,52,,2331
Track and Field,"Women's 5,000 metres",2016-01-01,64740,130,,2332
Track and Field,"Women's 10,000 metres",2016-01-01,64740,130,,2333
Gymnastics,Gymnastics Men's Individual All-Around,2016-01-01,64787,152,,2334
Gymnastics,Gymnastics Men's Team All-Around,2016-01-01,64787,152,Silver,2335
Gymnastics,Gymnastics Men's Floor Exercise,2016-01-01,64787,152,,2336
Gymnastics,Gymnastics Men's Parallel Bars,2016-01-01,64787,152,,2337
Gymnastics,Gymnastics Men's Horizontal Bar,2016-01-01,64787,152,,2338
Gymnastics,Gymnastics Men's Rings,2016-01-01,64787,152,,2339
Gymnastics,Gymnastics Men's Pommelled Horse,2016-01-01,64787,152,,2340
Swimming,Swimming Women's 4 x 200 metres Freestyle Relay,2016-01-01,64856,71,,2341
Track and Field,Men's 50 kilometres Walk,2016-01-01,64900,86,,2342
Track and Field,Men's Discus Throw,2016-01-01,65070,62,,2343
Swimming,Swimming Men's 50 metres Freestyle,2016-01-01,65097,181,,2344
Track and Field,Men's Triple Jump,2016-01-01,65098,198,,2345
Swimming,Swimming Men's 200 metres Freestyle,2016-01-01,65147,73,,2346
Track and Field,"Men's 10,000 metres",2016-01-01,65170,192,,2347
Track and Field,"Men's 1,500 metres",2016-01-01,65488,97,,2348
Swimming,Swimming Women's 200 metres Individual Medley,2016-01-01,65538,66,,2349
Swimming,Swimming Women's 400 metres Individual Medley,2016-01-01,65538,66,,2350
Track and Field,Women's Pole Vault,2016-01-01,65541,193,,2351
Track and Field,Men's High Jump,2016-01-01,65542,195,,2352
Gymnastics,Gymnastics Women's Individual All-Around,2016-01-01,65573,193,,2353
Gymnastics,Gymnastics Women's Floor Exercise,2016-01-01,65573,193,,2354
Gymnastics,Gymnastics Women's Uneven Bars,2016-01-01,65573,193,,2355
Gymnastics,Gymnastics Women's Balance Beam,2016-01-01,65573,193,,2356
Track and Field,Men's Marathon,2016-01-01,65602,92,,2357
Track and Field,Men's Marathon,2016-01-01,65619,3,,2358
Track and Field,Men's Javelin Throw,2016-01-01,65621,62,,2359
Track and Field,Women's Javelin Throw,2016-01-01,65626,62,,2360
Track and Field,Women's High Jump,2016-01-01,65658,163,,2361
Track and Field,Men's Discus Throw,2016-01-01,65694,96,,2362
Track and Field,"Women's 5,000 metres",2016-01-01,65706,11,,2363
Track and Field,"Women's 3,000 metres Steeplechase",2016-01-01,65706,11,,2364
Swimming,Swimming Men's 100 metres Backstroke,2016-01-01,65758,67,,2365
Swimming,Swimming Men's 4 x 100 metres Medley Relay,2016-01-01,65758,67,,2366
Swimming,Swimming Women's 200 metres Butterfly,2016-01-01,65762,34,,2367
Swimming,Swimming Men's 400 metres Freestyle,2016-01-01,65770,145,,2368
Track and Field,Women's Triple Jump,2016-01-01,65831,55,,2369
Track and Field,"Men's 5,000 metres",2016-01-01,65854,195,,2370
Track and Field,"Women's 1,500 metres",2016-01-01,65856,97,,2371
Track and Field,Men's 400 metres Hurdles,2016-01-01,65938,3,,2372
Swimming,Swimming Men's 100 metres Backstroke,2016-01-01,65942,125,,2373
Track and Field,"Women's 10,000 metres",2016-01-01,65953,178,,2374
Swimming,Swimming Women's 100 metres Backstroke,2016-01-01,66006,163,,2375
Track and Field,Women's High Jump,2016-01-01,66037,73,,2376
Track and Field,Women's Discus Throw,2016-01-01,66086,73,,2377
Track and Field,"Women's 3,000 metres Steeplechase",2016-01-01,66088,34,,2378
Track and Field,Women's 100 metres,2016-01-01,66092,29,,2379
Track and Field,Women's 200 metres,2016-01-01,66092,29,,2380
Track and Field,Women's 400 metres Hurdles,2016-01-01,66130,125,,2381
Track and Field,Women's 20 kilometres Walk,2016-01-01,66175,11,,2382
Track and Field,Women's 800 metres,2016-01-01,66226,67,,2383
Track and Field,Women's 100 metres,2016-01-01,66290,57,,2384
Swimming,Swimming Women's 100 metres Backstroke,2016-01-01,66546,97,,2385
Track and Field,Men's Long Jump,2016-01-01,66612,11,,2386
Gymnastics,Gymnastics Men's Individual All-Around,2016-01-01,66690,50,,2387
Gymnastics,Gymnastics Men's Floor Exercise,2016-01-01,66690,50,,2388
Gymnastics,Gymnastics Men's Parallel Bars,2016-01-01,66690,50,,2389
Gymnastics,Gymnastics Men's Horizontal Bar,2016-01-01,66690,50,,2390
Gymnastics,Gymnastics Men's Rings,2016-01-01,66690,50,,2391
Gymnastics,Gymnastics Men's Pommelled Horse,2016-01-01,66690,50,,2392
Swimming,Swimming Men's 100 metres Backstroke,2016-01-01,66726,11,,2393
Swimming,Swimming Men's 200 metres Backstroke,2016-01-01,66726,11,Silver,2394
Swimming,Swimming Men's 4 x 100 metres Medley Relay,2016-01-01,66726,11,Bronze,2395
Gymnastics,Gymnastics Women's Individual All-Around,2016-01-01,66877,178,,2396
Gymnastics,Gymnastics Women's Floor Exercise,2016-01-01,66877,178,,2397
Gymnastics,Gymnastics Women's Uneven Bars,2016-01-01,66877,178,,2398
Gymnastics,Gymnastics Women's Balance Beam,2016-01-01,66877,178,,2399
Track and Field,Men's Long Jump,2016-01-01,66936,197,,2400
Track and Field,Women's 400 metres,2016-01-01,67017,102,,2401
Swimming,Swimming Women's 100 metres Backstroke,2016-01-01,67051,83,,2402
Swimming,Swimming Women's 200 metres Backstroke,2016-01-01,67051,83,,2403
Swimming,Swimming Women's 100 metres Breaststroke,2016-01-01,67098,66,,2404
Swimming,Swimming Women's 200 metres Breaststroke,2016-01-01,67098,66,,2405
Swimming,Swimming Women's 4 x 100 metres Medley Relay,2016-01-01,67098,66,,2406
Track and Field,Men's Shot Put,2016-01-01,67155,8,,2407
Track and Field,Men's Pole Vault,2016-01-01,67233,67,Silver,2408
Track and Field,Men's 100 metres,2016-01-01,67312,154,,2409
Track and Field,Women's Discus Throw,2016-01-01,67332,93,,2410
Track and Field,Men's 4 x 100 metres Relay,2016-01-01,67357,195,,2411
Track and Field,Men's Long Jump,2016-01-01,67357,195,,2412
Swimming,Swimming Men's 200 metres Freestyle,2016-01-01,67496,170,Silver,2413
Swimming,Swimming Men's 100 metres Butterfly,2016-01-01,67496,170,Silver,2414
Swimming,Swimming Men's 200 metres Butterfly,2016-01-01,67496,170,,2415
Gymnastics,Gymnastics Women's Individual All-Around,2016-01-01,67685,67,,2416
Gymnastics,Gymnastics Women's Team All-Around,2016-01-01,67685,67,,2417
Gymnastics,Gymnastics Women's Floor Exercise,2016-01-01,67685,67,,2418
Gymnastics,Gymnastics Women's Uneven Bars,2016-01-01,67685,67,,2419
Gymnastics,Gymnastics Women's Balance Beam,2016-01-01,67685,67,,2420
Swimming,Swimming Women's 100 metres Breaststroke,2016-01-01,67714,19,,2421
Swimming,Swimming Women's 200 metres Breaststroke,2016-01-01,67714,19,,2422
Swimming,Swimming Women's 200 metres Freestyle,2016-01-01,67746,195,Gold,2423
Swimming,Swimming Women's 400 metres Freestyle,2016-01-01,67746,195,Gold,2424
Swimming,Swimming Women's 800 metres Freestyle,2016-01-01,67746,195,Gold,2425
Swimming,Swimming Women's 4 x 100 metres Freestyle Relay,2016-01-01,67746,195,Silver,2426
Swimming,Swimming Women's 4 x 200 metres Freestyle Relay,2016-01-01,67746,195,Gold,2427
Gymnastics,Gymnastics Men's Pommelled Horse,2016-01-01,67816,41,,2428
Track and Field,Women's 20 kilometres Walk,2016-01-01,67829,171,,2429
Gymnastics,Gymnastics Women's Individual All-Around,2016-01-01,67862,171,,2430
Gymnastics,Gymnastics Women's Floor Exercise,2016-01-01,67862,171,,2431
Gymnastics,Gymnastics Women's Uneven Bars,2016-01-01,67862,171,,2432
Gymnastics,Gymnastics Women's Balance Beam,2016-01-01,67862,171,,2433
Swimming,Swimming Men's 200 metres Breaststroke,2016-01-01,67936,41,,2434
Track and Field,Women's 20 kilometres Walk,2016-01-01,67989,171,,2435
Track and Field,Women's Marathon,2016-01-01,68051,90,,2436
Gymnastics,Gymnastics Men's Team All-Around,2016-01-01,68109,171,,2437
Gymnastics,Gymnastics Men's Floor Exercise,2016-01-01,68109,171,,2438
Gymnastics,Gymnastics Men's Parallel Bars,2016-01-01,68109,171,,2439
Gymnastics,Gymnastics Men's Horizontal Bar,2016-01-01,68109,171,,2440
Gymnastics,Gymnastics Men's Rings,2016-01-01,68109,171,,2441
Gymnastics,Gymnastics Men's Pommelled Horse,2016-01-01,68109,171,,2442
Track and Field,Men's 100 metres,2016-01-01,68354,104,,2443
Track and Field,Men's 200 metres,2016-01-01,68354,104,,2444
Track and Field,Women's Marathon,2016-01-01,68399,193,,2445
Track and Field,"Men's 5,000 metres",2016-01-01,68527,159,,2446
Track and Field,Men's 100 metres,2016-01-01,68535,6,,2447
Track and Field,Men's 100 metres,2016-01-01,68610,67,,2448
Track and Field,Men's 200 metres,2016-01-01,68610,67,Bronze,2449
Swimming,Swimming Men's 100 metres Butterfly,2016-01-01,68632,193,,2450
Track and Field,Men's 4 x 400 metres Relay,2016-01-01,68665,42,,2451
Track and Field,Women's Shot Put,2016-01-01,68668,42,,2452
Track and Field,Men's 400 metres,2016-01-01,68695,187,,2453
Track and Field,Men's 4 x 400 metres Relay,2016-01-01,68695,187,,2454
Swimming,Swimming Men's 4 x 100 metres Freestyle Relay,2016-01-01,68790,92,,2455
Track and Field,Women's Shot Put,2016-01-01,68827,18,,2456
Track and Field,Men's 200 metres,2016-01-01,68831,170,,2457
Gymnastics,Gymnastics Men's Individual All-Around,2016-01-01,68935,50,,2458
Gymnastics,Gymnastics Men's Floor Exercise,2016-01-01,68935,50,,2459
Gymnastics,Gymnastics Men's Parallel Bars,2016-01-01,68935,50,,2460
Gymnastics,Gymnastics Men's Horizontal Bar,2016-01-01,68935,50,,2461
Gymnastics,Gymnastics Men's Rings,2016-01-01,68935,50,,2462
Gymnastics,Gymnastics Men's Pommelled Horse,2016-01-01,68935,50,,2463
Swimming,Swimming Women's 200 metres Individual Medley,2016-01-01,68941,67,,2464
Swimming,Swimming Women's 400 metres Individual Medley,2016-01-01,68941,67,,2465
Track and Field,Men's 400 metres,2016-01-01,68951,50,,2466
Track and Field,Men's 4 x 400 metres Relay,2016-01-01,68951,50,,2467
Swimming,Swimming Women's 100 metres Breaststroke,2016-01-01,69033,176,,2468
Track and Field,Men's Triple Jump,2016-01-01,69036,121,,2469
Track and Field,Women's High Jump,2016-01-01,69116,193,,2470
Track and Field,Men's 4 x 400 metres Relay,2016-01-01,69154,73,,2471
Track and Field,Women's Hammer Throw,2016-01-01,69169,93,,2472
Track and Field,Women's Marathon,2016-01-01,69179,146,,2473
Track and Field,Men's 800 metres,2016-01-01,69183,146,,2474
Track and Field,Women's 100 metres Hurdles,2016-01-01,69268,141,,2475
Gymnastics,Gymnastics Men's Team All-Around,2016-01-01,69285,195,,2476
Gymnastics,Gymnastics Men's Parallel Bars,2016-01-01,69285,195,Silver,2477
Gymnastics,Gymnastics Men's Horizontal Bar,2016-01-01,69285,195,Silver,2478
Gymnastics,Gymnastics Men's Pommelled Horse,2016-01-01,69285,195,,2479
Swimming,Swimming Men's 100 metres Backstroke,2016-01-01,69352,40,,2480
Swimming,Swimming Men's 200 metres Backstroke,2016-01-01,69352,40,,2481
Track and Field,Women's Pole Vault,2016-01-01,69439,40,,2482
Track and Field,Women's Javelin Throw,2016-01-01,69441,40,,2483
Swimming,Swimming Men's 100 metres Breaststroke,2016-01-01,69518,40,,2484
Swimming,Swimming Men's 200 metres Breaststroke,2016-01-01,69518,40,,2485
Swimming,Swimming Men's 4 x 100 metres Medley Relay,2016-01-01,69518,40,,2486
Track and Field,Women's Triple Jump,2016-01-01,69521,40,,2487
Swimming,Swimming Men's 100 metres Butterfly,2016-01-01,69594,40,,2488
Swimming,Swimming Men's 200 metres Butterfly,2016-01-01,69594,40,,2489
Swimming,Swimming Men's 4 x 100 metres Medley Relay,2016-01-01,69594,40,,2490
Track and Field,Women's 800 metres,2016-01-01,69602,193,,2491
Track and Field,Women's 4 x 100 metres Relay,2016-01-01,69625,40,,2492
Track and Field,Women's High Jump,2016-01-01,69642,70,,2493
Track and Field,Women's High Jump,2016-01-01,69691,146,,2494
Swimming,Swimming Men's 4 x 200 metres Freestyle Relay,2016-01-01,69717,53,,2495
Swimming,Swimming Men's 50 metres Freestyle,2016-01-01,69787,112,,2496
Gymnastics,Gymnastics Men's Individual All-Around,2016-01-01,69842,18,,2497
Gymnastics,Gymnastics Men's Floor Exercise,2016-01-01,69842,18,,2498
Gymnastics,Gymnastics Men's Parallel Bars,2016-01-01,69842,18,,2499
Gymnastics,Gymnastics Men's Horizontal Bar,2016-01-01,69842,18,,2500
Gymnastics,Gymnastics Men's Rings,2016-01-01,69842,18,,2501
Gymnastics,Gymnastics Men's Pommelled Horse,2016-01-01,69842,18,,2502
Track and Field,Men's Marathon,2016-01-01,69854,63,Silver,2503
Gymnastics,Gymnastics Men's Individual All-Around,2016-01-01,69955,40,,2504
Gymnastics,Gymnastics Men's Team All-Around,2016-01-01,69955,40,Bronze,2505
Gymnastics,Gymnastics Men's Floor Exercise,2016-01-01,69955,40,,2506
Gymnastics,Gymnastics Men's Parallel Bars,2016-01-01,69955,40,,2507
Gymnastics,Gymnastics Men's Horizontal Bar,2016-01-01,69955,40,,2508
Gymnastics,Gymnastics Men's Rings,2016-01-01,69955,40,,2509
Gymnastics,Gymnastics Men's Pommelled Horse,2016-01-01,69955,40,,2510
Swimming,Swimming Women's 50 metres Freestyle,2016-01-01,69986,41,,2511
Swimming,Swimming Men's 4 x 100 metres Freestyle Relay,2016-01-01,70009,40,,2512
Swimming,Swimming Women's 4 x 100 metres Freestyle Relay,2016-01-01,70098,178,,2513
Track and Field,Women's 800 metres,2016-01-01,70172,178,,2514
Track and Field,Men's Hammer Throw,2016-01-01,70320,92,,2515
Track and Field,Men's 20 kilometres Walk,2016-01-01,70332,71,,2516
Track and Field,Women's 400 metres Hurdles,2016-01-01,70335,146,,2517
Track and Field,Men's Pole Vault,2016-01-01,70457,146,,2518
Swimming,Swimming Women's 100 metres Backstroke,2016-01-01,70490,166,,2519
Swimming,Swimming Women's 100 metres Butterfly,2016-01-01,70490,166,,2520
Swimming,Swimming Men's 400 metres Individual Medley,2016-01-01,70496,73,,2521
Swimming,Swimming Men's 400 metres Individual Medley,2016-01-01,70498,195,,2522
Track and Field,Women's Triple Jump,2016-01-01,70537,96,,2523
Track and Field,Women's 20 kilometres Walk,2016-01-01,70582,40,Gold,2524
Track and Field,Women's Javelin Throw,2016-01-01,70637,40,,2525
Track and Field,Women's Hammer Throw,2016-01-01,70644,40,,2526
Swimming,Swimming Women's 50 metres Freestyle,2016-01-01,70654,40,,2527
Gymnastics,Gymnastics Men's Team All-Around,2016-01-01,70677,40,Bronze,2528
Gymnastics,Gymnastics Men's Floor Exercise,2016-01-01,70677,40,,2529
Gymnastics,Gymnastics Men's Rings,2016-01-01,70677,40,,2530
Swimming,Swimming Women's 200 metres Backstroke,2016-01-01,70679,40,,2531
Swimming,Swimming Men's 50 metres Freestyle,2016-01-01,70712,66,,2532
Swimming,Swimming Men's 100 metres Freestyle,2016-01-01,70712,66,,2533
Swimming,Swimming Men's 200 metres Individual Medley,2016-01-01,70854,73,,2534
Track and Field,Women's Marathon,2016-01-01,70900,108,,2535
Swimming,Swimming Men's 200 metres Freestyle,2016-01-01,70922,152,,2536
Swimming,Swimming Men's 4 x 200 metres Freestyle Relay,2016-01-01,70922,152,,2537
Swimming,Swimming Men's 4 x 200 metres Freestyle Relay,2016-01-01,70965,195,Gold,2538
Swimming,Swimming Men's 200 metres Individual Medley,2016-01-01,70965,195,,2539
Track and Field,"Women's 1,500 metres",2016-01-01,71067,150,,2540
Track and Field,Women's 4 x 400 metres Relay,2016-01-01,71088,193,,2541
Track and Field,Women's 800 metres,2016-01-01,71113,150,,2542
Track and Field,Men's Hammer Throw,2016-01-01,71167,166,,2543
Track and Field,Women's Long Jump,2016-01-01,71183,88,,2544
Track and Field,Men's 4 x 400 metres Relay,2016-01-01,71216,199,,2545
Track and Field,Women's 20 kilometres Walk,2016-01-01,71299,26,,2546
Track and Field,Women's 100 metres,2016-01-01,71307,35,,2547
Gymnastics,Gymnastics Women's Individual All-Around,2016-01-01,71382,199,,2548
Gymnastics,Gymnastics Women's Floor Exercise,2016-01-01,71382,199,,2549
Gymnastics,Gymnastics Women's Uneven Bars,2016-01-01,71382,199,,2550
Gymnastics,Gymnastics Women's Balance Beam,2016-01-01,71382,199,,2551
Track and Field,Men's 800 metres,2016-01-01,71405,173,,2552
Track and Field,Men's 50 kilometres Walk,2016-01-01,71412,59,,2553
Track and Field,Men's 20 kilometres Walk,2016-01-01,71419,42,,2554
Track and Field,Men's 20 kilometres Walk,2016-01-01,71436,173,,2555
Track and Field,Men's 50 kilometres Walk,2016-01-01,71436,173,,2556
Track and Field,Women's Shot Put,2016-01-01,71471,50,,2557
Track and Field,Men's 110 metres Hurdles,2016-01-01,71758,196,,2558
Swimming,Swimming Women's 50 metres Freestyle,2016-01-01,71777,152,,2559
Swimming,Swimming Women's 100 metres Freestyle,2016-01-01,71777,152,,2560
Swimming,Swimming Women's 4 x 100 metres Freestyle Relay,2016-01-01,71777,152,,2561
Swimming,Swimming Women's 100 metres Butterfly,2016-01-01,71777,152,,2562
Track and Field,"Women's 3,000 metres Steeplechase",2016-01-01,71879,136,,2563
Track and Field,Women's Javelin Throw,2016-01-01,71909,40,,2564
Track and Field,Women's 20 kilometres Walk,2016-01-01,71922,40,Bronze,2565
Swimming,Swimming Women's 100 metres Butterfly,2016-01-01,71926,40,,2566
Swimming,Swimming Women's 4 x 100 metres Medley Relay,2016-01-01,71926,40,,2567
Track and Field,Women's 200 metres,2016-01-01,72060,71,,2568
Track and Field,Women's 4 x 100 metres Relay,2016-01-01,72060,71,,2569
Track and Field,Women's Marathon,2016-01-01,72139,62,,2570
Track and Field,Women's Marathon,2016-01-01,72140,62,,2571
Track and Field,Women's Marathon,2016-01-01,72141,62,,2572
Track and Field,Women's 800 metres,2016-01-01,72165,86,,2573
Track and Field,Women's 4 x 400 metres Relay,2016-01-01,72165,86,,2574
Swimming,Swimming Women's 100 metres Breaststroke,2016-01-01,72381,192,,2575
Track and Field,Women's Long Jump,2016-01-01,72384,193,,2576
Track and Field,Women's 800 metres,2016-01-01,72432,193,,2577
Swimming,Swimming Women's 100 metres Breaststroke,2016-01-01,72486,85,,2578
Swimming,Swimming Women's 200 metres Breaststroke,2016-01-01,72486,85,,2579
Track and Field,Women's Marathon,2016-01-01,72538,123,,2580
Track and Field,Women's Marathon,2016-01-01,72579,32,,2581
Track and Field,Men's 20 kilometres Walk,2016-01-01,72584,18,,2582
Swimming,Swimming Women's 200 metres Freestyle,2016-01-01,72670,26,,2583
Swimming,Swimming Women's 4 x 100 metres Freestyle Relay,2016-01-01,72670,26,,2584
Swimming,Swimming Women's 4 x 200 metres Freestyle Relay,2016-01-01,72670,26,,2585
Swimming,Swimming Men's 100 metres Butterfly,2016-01-01,72900,26,,2586
Track and Field,Men's Marathon,2016-01-01,72925,144,,2587
Track and Field,Women's 100 metres Hurdles,2016-01-01,72939,26,,2588
Swimming,Swimming Women's 200 metres Freestyle,2016-01-01,73094,34,,2589
Swimming,Swimming Women's 400 metres Freestyle,2016-01-01,73094,34,,2590
Swimming,Swimming Women's 800 metres Freestyle,2016-01-01,73094,34,,2591
Swimming,Swimming Women's 4 x 200 metres Freestyle Relay,2016-01-01,73094,34,Bronze,2592
Swimming,Swimming Men's 4 x 100 metres Freestyle Relay,2016-01-01,73126,151,,2593
Track and Field,Women's 20 kilometres Walk,2016-01-01,73165,84,,2594
Track and Field,Women's 100 metres,2016-01-01,73221,195,,2595
Track and Field,Women's 4 x 100 metres Relay,2016-01-01,73221,195,Gold,2596
Track and Field,Women's Long Jump,2016-01-01,73221,195,Gold,2597
Track and Field,Women's 100 metres,2016-01-01,73279,134,,2598
Track and Field,Women's 4 x 100 metres Relay,2016-01-01,73279,134,,2599
Swimming,Swimming Men's 100 metres Freestyle,2016-01-01,73370,144,,2600
Track and Field,"Women's 1,500 metres",2016-01-01,73391,90,,2601
Track and Field,Women's 100 metres,2016-01-01,73392,4,,2602
Track and Field,Men's 400 metres Hurdles,2016-01-01,73412,62,,2603
Track and Field,"Women's 1,500 metres",2016-01-01,73427,92,,2604
Swimming,Swimming Men's 100 metres Freestyle,2016-01-01,73445,92,,2605
Swimming,Swimming Men's 4 x 100 metres Freestyle Relay,2016-01-01,73453,11,Bronze,2606
Track and Field,Men's 400 metres,2016-01-01,73509,38,,2607
Track and Field,Men's Triple Jump,2016-01-01,73537,86,,2608
Track and Field,Men's Hammer Throw,2016-01-01,73570,58,,2609
Swimming,Swimming Men's 200 metres Individual Medley,2016-01-01,73600,11,,2610
Swimming,Swimming Men's 400 metres Individual Medley,2016-01-01,73600,11,,2611
Swimming,Swimming Men's 100 metres Backstroke,2016-01-01,73667,131,,2612
Swimming,Swimming Men's 200 metres Backstroke,2016-01-01,73667,131,,2613
Swimming,Swimming Women's 4 x 100 metres Freestyle Relay,2016-01-01,73683,34,Bronze,2614
Track and Field,Women's 400 metres Hurdles,2016-01-01,73726,97,,2615
Swimming,Swimming Men's 200 metres Freestyle,2016-01-01,73737,146,,2616
Swimming,Swimming Men's 4 x 100 metres Freestyle Relay,2016-01-01,73737,146,,2617
Swimming,Swimming Men's 4 x 200 metres Freestyle Relay,2016-01-01,73737,146,,2618
Swimming,Swimming Men's 4 x 100 metres Medley Relay,2016-01-01,73737,146,,2619
Track and Field,Men's 50 kilometres Walk,2016-01-01,73741,166,,2620
Track and Field,Men's Shot Put,2016-01-01,73758,146,,2621
Track and Field,Women's Triple Jump,2016-01-01,73835,66,,2622
Track and Field,Men's 800 metres,2016-01-01,73857,3,Silver,2623
Track and Field,"Men's 1,500 metres",2016-01-01,73857,3,Silver,2624
Track and Field,Men's Marathon,2016-01-01,73901,45,,2625
Swimming,Swimming Men's 200 metres Individual Medley,2016-01-01,73908,152,,2626
Track and Field,Men's Marathon,2016-01-01,73936,182,,2627
Track and Field,Men's 400 metres,2016-01-01,73939,25,,2628
Track and Field,Men's 4 x 400 metres Relay,2016-01-01,73939,25,,2629
Track and Field,Women's Pole Vault,2016-01-01,73945,52,,2630
Swimming,Swimming Men's 50 metres Freestyle,2016-01-01,73963,65,,2631
Track and Field,Women's Pole Vault,2016-01-01,73978,92,,2632
Swimming,Swimming Men's 10 kilometres Open Water,2016-01-01,74000,199,,2633
Swimming,Swimming Men's 4 x 200 metres Freestyle Relay,2016-01-01,74120,67,,2634
Track and Field,Women's Javelin Throw,2016-01-01,74177,195,,2635
Track and Field,Women's Hammer Throw,2016-01-01,74224,18,,2636
Track and Field,Women's Triple Jump,2016-01-01,74261,147,,2637
Track and Field,Women's 400 metres,2016-01-01,74266,133,,2638
Swimming,Swimming Women's 50 metres Freestyle,2016-01-01,74276,125,,2639
Track and Field,"Men's 1,500 metres",2016-01-01,74290,97,,2640
Swimming,Swimming Men's 50 metres Freestyle,2016-01-01,74294,67,Silver,2641
Swimming,Swimming Men's 4 x 100 metres Freestyle Relay,2016-01-01,74294,67,Silver,2642
Track and Field,Women's 800 metres,2016-01-01,74320,37,,2643
Track and Field,Men's 200 metres,2016-01-01,74387,92,,2644
Track and Field,Men's Javelin Throw,2016-01-01,74526,66,,2645
Swimming,Swimming Women's 50 metres Freestyle,2016-01-01,74639,195,Silver,2646
Swimming,Swimming Women's 100 metres Freestyle,2016-01-01,74639,195,Gold,2647
Swimming,Swimming Women's 4 x 100 metres Freestyle Relay,2016-01-01,74639,195,Silver,2648
Swimming,Swimming Women's 4 x 100 metres Medley Relay,2016-01-01,74639,195,Gold,2649
Track and Field,Men's Long Jump,2016-01-01,74652,170,Silver,2650
Swimming,Swimming Men's 200 metres Breaststroke,2016-01-01,74675,40,,2651
Gymnastics,Gymnastics Women's Team All-Around,2016-01-01,74678,40,Bronze,2652
Gymnastics,Gymnastics Women's Floor Exercise,2016-01-01,74678,40,,2653
Track and Field,Men's 4 x 400 metres Relay,2016-01-01,74679,25,,2654
Swimming,Swimming Women's 200 metres Butterfly,2016-01-01,74713,26,,2655
Swimming,Swimming Women's 200 metres Individual Medley,2016-01-01,74713,26,,2656
Swimming,Swimming Women's 400 metres Individual Medley,2016-01-01,74713,26,,2657
Gymnastics,Gymnastics Men's Horizontal Bar,2016-01-01,74717,74,,2658
Swimming,Swimming Women's 100 metres Butterfly,2016-01-01,74735,26,,2659
Track and Field,"Women's 10,000 metres",2016-01-01,74783,34,,2660
Track and Field,Women's Marathon,2016-01-01,74783,34,,2661
Swimming,Swimming Women's 100 metres Freestyle,2016-01-01,74902,150,,2662
Swimming,Swimming Women's 100 metres Butterfly,2016-01-01,74902,150,,2663
Swimming,Swimming Women's 4 x 200 metres Freestyle Relay,2016-01-01,74950,195,Gold,2664
Swimming,Swimming Women's 200 metres Individual Medley,2016-01-01,74950,195,,2665
Swimming,Swimming Men's 4 x 100 metres Medley Relay,2016-01-01,74964,108,,2666
Track and Field,Men's Hammer Throw,2016-01-01,74965,121,,2667
Track and Field,Women's Hammer Throw,2016-01-01,74966,121,,2668
Track and Field,Women's Hammer Throw,2016-01-01,74967,121,,2669
Track and Field,Women's Marathon,2016-01-01,74990,102,,2670
Track and Field,Men's Marathon,2016-01-01,75001,172,,2671
Gymnastics,Gymnastics Men's Individual All-Around,2016-01-01,75010,26,,2672
Gymnastics,Gymnastics Men's Team All-Around,2016-01-01,75010,26,,2673
Gymnastics,Gymnastics Men's Floor Exercise,2016-01-01,75010,26,Bronze,2674
Gymnastics,Gymnastics Men's Parallel Bars,2016-01-01,75010,26,,2675
Gymnastics,Gymnastics Men's Horizontal Bar,2016-01-01,75010,26,,2676
Gymnastics,Gymnastics Men's Rings,2016-01-01,75010,26,,2677
Gymnastics,Gymnastics Men's Pommelled Horse,2016-01-01,75010,26,,2678
Swimming,Swimming Men's 400 metres Individual Medley,2016-01-01,75055,92,,2679
Track and Field,Men's 4 x 100 metres Relay,2016-01-01,75112,26,,2680
Track and Field,Men's Pole Vault,2016-01-01,75371,11,,2681
Track and Field,Men's 20 kilometres Walk,2016-01-01,75516,173,,2682
Track and Field,"Women's 3,000 metres Steeplechase",2016-01-01,75555,173,,2683
Swimming,Swimming Men's 4 x 200 metres Freestyle Relay,2016-01-01,75645,173,,2684
Track and Field,Men's 100 metres,2016-01-01,75657,130,,2685
Track and Field,Men's 200 metres,2016-01-01,75657,130,,2686
Swimming,Swimming Men's 4 x 100 metres Freestyle Relay,2016-01-01,75683,173,,2687
Track and Field,"Women's 1,500 metres",2016-01-01,75698,195,,2688
Track and Field,Women's Marathon,2016-01-01,75703,143,,2689
Track and Field,Men's Triple Jump,2016-01-01,75782,50,,2690
Track and Field,Men's Discus Throw,2016-01-01,75788,173,,2691
Swimming,Swimming Men's 100 metres Butterfly,2016-01-01,75791,77,,2692
Track and Field,Men's 200 metres,2016-01-01,75846,56,,2693
Track and Field,Men's 4 x 100 metres Relay,2016-01-01,75846,56,,2694
Track and Field,Men's 110 metres Hurdles,2016-01-01,75874,67,,2695
Track and Field,Women's Long Jump,2016-01-01,75890,26,,2696
Track and Field,Women's Discus Throw,2016-01-01,75891,26,,2697
Gymnastics,Gymnastics Women's Individual All-Around,2016-01-01,75893,147,,2698
Gymnastics,Gymnastics Women's Floor Exercise,2016-01-01,75893,147,,2699
Gymnastics,Gymnastics Women's Uneven Bars,2016-01-01,75893,147,,2700
Gymnastics,Gymnastics Women's Balance Beam,2016-01-01,75893,147,,2701
Swimming,Swimming Men's 100 metres Butterfly,2016-01-01,75896,26,,2702
Swimming,Swimming Men's 4 x 100 metres Medley Relay,2016-01-01,75896,26,,2703
Track and Field,"Women's 1,500 metres",2016-01-01,75905,184,,2704
Track and Field,Women's Shot Put,2016-01-01,75934,84,Bronze,2705
Track and Field,"Men's 3,000 metres Steeplechase",2016-01-01,75948,173,,2706
Swimming,Swimming Men's 200 metres Freestyle,2016-01-01,76087,7,,2707
Track and Field,Men's 800 metres,2016-01-01,76107,25,,2708
Swimming,Swimming Women's 4 x 200 metres Freestyle Relay,2016-01-01,76112,92,,2709
Track and Field,Men's 400 metres,2016-01-01,76125,52,,2710
Track and Field,"Women's 10,000 metres",2016-01-01,76136,100,,2711
Track and Field,Men's High Jump,2016-01-01,76167,34,,2712
Track and Field,"Men's 3,000 metres Steeplechase",2016-01-01,76201,3,,2713
Swimming,Swimming Women's 100 metres Backstroke,2016-01-01,76218,34,Bronze,2714
Swimming,Swimming Women's 4 x 100 metres Medley Relay,2016-01-01,76218,34,,2715
Track and Field,Women's 4 x 400 metres Relay,2016-01-01,76226,73,Bronze,2716
Track and Field,Men's Long Jump,2016-01-01,76243,50,,2717
Track and Field,Women's Marathon,2016-01-01,76271,112,,2718
Track and Field,Men's 50 kilometres Walk,2016-01-01,76278,108,,2719
Track and Field,Men's Marathon,2016-01-01,76286,8,,2720
Track and Field,Men's 100 metres,2016-01-01,76331,105,,2721
Track and Field,Men's 200 metres,2016-01-01,76331,105,,2722
Track and Field,Men's Javelin Throw,2016-01-01,76343,62,,2723
Track and Field,Men's 800 metres,2016-01-01,76405,11,,2724
Track and Field,"Men's 1,500 metres",2016-01-01,76405,11,,2725
Track and Field,Women's 800 metres,2016-01-01,76410,109,,2726
Track and Field,Men's 4 x 400 metres Relay,2016-01-01,76433,14,Bronze,2727
Swimming,Swimming Men's 200 metres Freestyle,2016-01-01,76444,188,,2728
Swimming,Swimming Men's 400 metres Freestyle,2016-01-01,76444,188,,2729
Swimming,Swimming Men's 200 metres Individual Medley,2016-01-01,76444,188,,2730
Swimming,Swimming Men's 100 metres Breaststroke,2016-01-01,76479,183,,2731
Track and Field,Women's Marathon,2016-01-01,76500,49,,2732
Track and Field,Men's 200 metres,2016-01-01,76530,177,,2733
Swimming,Swimming Men's 4 x 200 metres Freestyle Relay,2016-01-01,76551,94,Bronze,2734
Swimming,Swimming Women's 50 metres Freestyle,2016-01-01,76585,94,,2735
Swimming,Swimming Women's 4 x 100 metres Freestyle Relay,2016-01-01,76585,94,,2736
Track and Field,Men's 20 kilometres Walk,2016-01-01,76595,94,,2737
Track and Field,Men's 400 metres Hurdles,2016-01-01,76623,94,,2738
Track and Field,"Men's 1,500 metres",2016-01-01,76673,131,,2739
Track and Field,Men's 4 x 400 metres Relay,2016-01-01,76682,93,Silver,2740
Swimming,Swimming Men's 100 metres Breaststroke,2016-01-01,76732,66,,2741
Swimming,Swimming Men's 200 metres Breaststroke,2016-01-01,76732,66,,2742
Swimming,Swimming Women's 4 x 100 metres Freestyle Relay,2016-01-01,76738,178,,2743
Swimming,Swimming Women's 4 x 200 metres Freestyle Relay,2016-01-01,76738,178,,2744
Track and Field,Women's Shot Put,2016-01-01,76880,29,,2745
Track and Field,Men's Decathlon,2016-01-01,76987,67,Silver,2746
Track and Field,Women's 200 metres,2016-01-01,76989,71,,2747
Track and Field,Women's 4 x 100 metres Relay,2016-01-01,76989,71,,2748
Track and Field,Women's Marathon,2016-01-01,77045,12,,2749
Track and Field,Women's Marathon,2016-01-01,77127,18,,2750
Track and Field,Men's Discus Throw,2016-01-01,77152,146,Silver,2751
Track and Field,Men's 800 metres,2016-01-01,77207,37,,2752
Track and Field,Women's Triple Jump,2016-01-01,77213,33,,2753
Track and Field,Men's 800 metres,2016-01-01,77245,34,,2754
Swimming,Swimming Women's 200 metres Breaststroke,2016-01-01,77257,34,,2755
Track and Field,Women's Pole Vault,2016-01-01,77314,131,Bronze,2756
Track and Field,"Women's 5,000 metres",2016-01-01,77348,73,,2757
Track and Field,Women's 4 x 400 metres Relay,2016-01-01,77390,195,Gold,2758
Track and Field,Men's Hammer Throw,2016-01-01,77425,195,,2759
Track and Field,Men's 400 metres,2016-01-01,77475,93,,2760
Track and Field,Men's 4 x 400 metres Relay,2016-01-01,77475,93,Silver,2761
Track and Field,"Men's 5,000 metres",2016-01-01,77504,11,,2762
Swimming,Swimming Men's 50 metres Freestyle,2016-01-01,77505,11,,2763
Swimming,Swimming Men's 100 metres Freestyle,2016-01-01,77505,11,,2764
Swimming,Swimming Men's 4 x 100 metres Freestyle Relay,2016-01-01,77505,11,Bronze,2765
Swimming,Swimming Men's 4 x 100 metres Medley Relay,2016-01-01,77505,11,Bronze,2766
Gymnastics,Gymnastics Women's Individual All-Around,2016-01-01,77583,131,,2767
Gymnastics,Gymnastics Women's Floor Exercise,2016-01-01,77583,131,,2768
Gymnastics,Gymnastics Women's Horse Vault,2016-01-01,77583,131,,2769
Gymnastics,Gymnastics Women's Uneven Bars,2016-01-01,77583,131,,2770
Gymnastics,Gymnastics Women's Balance Beam,2016-01-01,77583,131,,2771
Swimming,Swimming Men's 100 metres Breaststroke,2016-01-01,77669,85,,2772
Swimming,Swimming Men's 200 metres Breaststroke,2016-01-01,77669,85,,2773
Swimming,Swimming Men's 200 metres Freestyle,2016-01-01,77714,11,,2774
Swimming,Swimming Men's 400 metres Freestyle,2016-01-01,77714,11,,2775
Swimming,Swimming Men's 4 x 200 metres Freestyle Relay,2016-01-01,77714,11,,2776
Swimming,Swimming Women's 200 metres Freestyle,2016-01-01,77716,11,Bronze,2777
Swimming,Swimming Women's 4 x 100 metres Freestyle Relay,2016-01-01,77716,11,Gold,2778
Swimming,Swimming Women's 4 x 200 metres Freestyle Relay,2016-01-01,77716,11,Silver,2779
Swimming,Swimming Women's 100 metres Butterfly,2016-01-01,77716,11,,2780
Swimming,Swimming Women's 4 x 100 metres Medley Relay,2016-01-01,77716,11,Silver,2781
Swimming,Swimming Women's 100 metres Breaststroke,2016-01-01,77721,11,,2782
Swimming,Swimming Women's 200 metres Breaststroke,2016-01-01,77721,11,,2783
Swimming,Swimming Women's 4 x 100 metres Medley Relay,2016-01-01,77721,11,Silver,2784
Track and Field,Women's 400 metres Hurdles,2016-01-01,77759,187,,2785
Track and Field,Women's 400 metres Hurdles,2016-01-01,77782,195,,2786
Track and Field,Women's 4 x 400 metres Relay,2016-01-01,77784,93,Silver,2787
Track and Field,Men's 110 metres Hurdles,2016-01-01,77819,93,Gold,2788
Swimming,"Swimming Men's 1,500 metres Freestyle",2016-01-01,77830,11,,2789
Swimming,Swimming Women's 400 metres Individual Medley,2016-01-01,77856,11,,2790
Swimming,Swimming Women's 50 metres Freestyle,2016-01-01,77863,56,,2791
Track and Field,"Men's 10,000 metres",2016-01-01,77914,11,,2792
Track and Field,Women's High Jump,2016-01-01,77939,195,,2793
Track and Field,Women's 400 metres,2016-01-01,77942,93,,2794
Track and Field,Women's 4 x 400 metres Relay,2016-01-01,77942,93,Silver,2795
Track and Field,Men's 4 x 400 metres Relay,2016-01-01,77950,195,Gold,2796
Track and Field,"Men's 5,000 metres",2016-01-01,77983,195,,2797
Track and Field,"Men's 1,500 metres",2016-01-01,78013,173,,2798
Track and Field,"Men's 5,000 metres",2016-01-01,78013,173,,2799
Swimming,Swimming Women's 50 metres Freestyle,2016-01-01,78037,26,,2800
Swimming,Swimming Women's 100 metres Freestyle,2016-01-01,78037,26,,2801
Swimming,Swimming Women's 4 x 100 metres Freestyle Relay,2016-01-01,78037,26,,2802
Swimming,Swimming Women's 100 metres Backstroke,2016-01-01,78037,26,,2803
Swimming,Swimming Men's 400 metres Individual Medley,2016-01-01,78224,107,,2804
Track and Field,Women's Pole Vault,2016-01-01,78259,178,,2805
Swimming,Swimming Women's 100 metres Breaststroke,2016-01-01,78267,195,Bronze,2806
Swimming,Swimming Women's 4 x 100 metres Medley Relay,2016-01-01,78267,195,Gold,2807
Swimming,Swimming Women's 100 metres Breaststroke,2016-01-01,78271,108,,2808
Track and Field,Men's 100 metres,2016-01-01,78317,48,,2809
Track and Field,"Men's 3,000 metres Steeplechase",2016-01-01,78347,67,Bronze,2810
Swimming,Swimming Men's 50 metres Freestyle,2016-01-01,78366,74,,2811
Swimming,Swimming Men's 4 x 100 metres Freestyle Relay,2016-01-01,78366,74,,2812
Track and Field,Women's Marathon,2016-01-01,78398,144,,2813
Swimming,Swimming Men's 100 metres Breaststroke,2016-01-01,78401,197,,2814
Track and Field,Men's Hammer Throw,2016-01-01,78432,52,,2815
Track and Field,Women's Long Jump,2016-01-01,78451,189,,2816
Swimming,"Swimming Men's 1,500 metres Freestyle",2016-01-01,78491,188,,2817
Swimming,Swimming Men's 10 kilometres Open Water,2016-01-01,78491,188,,2818
Gymnastics,Gymnastics Women's Individual All-Around,2016-01-01,78508,152,,2819
Gymnastics,Gymnastics Women's Team All-Around,2016-01-01,78508,152,Silver,2820
Gymnastics,Gymnastics Women's Floor Exercise,2016-01-01,78508,152,,2821
Gymnastics,Gymnastics Women's Uneven Bars,2016-01-01,78508,152,,2822
Gymnastics,Gymnastics Women's Balance Beam,2016-01-01,78508,152,,2823
Track and Field,Women's Heptathlon,2016-01-01,78512,193,,2824
Track and Field,Women's 4 x 400 metres Relay,2016-01-01,78514,193,,2825
Swimming,Swimming Men's 400 metres Freestyle,2016-01-01,78518,26,,2826
Swimming,Swimming Men's 4 x 200 metres Freestyle Relay,2016-01-01,78518,26,,2827
Track and Field,Women's 20 kilometres Walk,2016-01-01,78531,195,,2828
Swimming,Swimming Men's 100 metres Freestyle,2016-01-01,78553,132,,2829
Track and Field,Men's 200 metres,2016-01-01,78557,50,,2830
Track and Field,Men's 4 x 100 metres Relay,2016-01-01,78557,50,,2831
Track and Field,Men's Pole Vault,2016-01-01,78565,67,,2832
Gymnastics,Gymnastics Women's Team All-Around,2016-01-01,78679,92,,2833
Gymnastics,Gymnastics Women's Floor Exercise,2016-01-01,78679,92,,2834
Gymnastics,Gymnastics Women's Balance Beam,2016-01-01,78679,92,,2835
Track and Field,Men's 200 metres,2016-01-01,78719,71,,2836
Swimming,Swimming Women's 200 metres Backstroke,2016-01-01,78776,71,,2837
Swimming,Swimming Women's 4 x 100 metres Medley Relay,2016-01-01,78776,71,,2838
Track and Field,Women's 20 kilometres Walk,2016-01-01,78787,67,,2839
Gymnastics,Gymnastics Men's Pommelled Horse,2016-01-01,78859,9,,2840
Swimming,Swimming Women's 100 metres Freestyle,2016-01-01,78895,2,,2841
Track and Field,Women's 100 metres Hurdles,2016-01-01,78917,42,,2842
Track and Field,Men's Marathon,2016-01-01,78944,74,,2843
Track and Field,Men's 200 metres,2016-01-01,78964,195,,2844
Track and Field,Men's 400 metres,2016-01-01,78964,195,Bronze,2845
Track and Field,Men's 4 x 400 metres Relay,2016-01-01,78964,195,Gold,2846
Track and Field,"Men's 3,000 metres Steeplechase",2016-01-01,78998,173,,2847
Track and Field,Men's Marathon,2016-01-01,79015,61,,2848
Track and Field,Men's Shot Put,2016-01-01,79025,24,,2849
Swimming,Swimming Men's 4 x 100 metres Freestyle Relay,2016-01-01,79112,67,Silver,2850
Swimming,Swimming Men's 100 metres Butterfly,2016-01-01,79112,67,,2851
Track and Field,Men's Marathon,2016-01-01,79150,92,,2852
Swimming,"Swimming Men's 1,500 metres Freestyle",2016-01-01,79223,170,,2853
Swimming,Swimming Men's 400 metres Individual Medley,2016-01-01,79225,170,,2854
Swimming,Swimming Men's 4 x 100 metres Freestyle Relay,2016-01-01,79258,67,Silver,2855
Swimming,Swimming Women's 50 metres Freestyle,2016-01-01,79259,109,,2856
Swimming,Swimming Women's 100 metres Freestyle,2016-01-01,79259,109,,2857
Swimming,Swimming Women's 100 metres Butterfly,2016-01-01,79266,47,,2858
Track and Field,Men's 4 x 400 metres Relay,2016-01-01,79284,199,,2859
Track and Field,Women's 20 kilometres Walk,2016-01-01,79447,195,,2860
Swimming,Swimming Men's 400 metres Freestyle,2016-01-01,79454,52,,2861
Swimming,"Swimming Men's 1,500 metres Freestyle",2016-01-01,79454,52,,2862
Track and Field,Women's Javelin Throw,2016-01-01,79460,11,,2863
Swimming,Swimming Men's 100 metres Freestyle,2016-01-01,79541,67,,2864
Swimming,Swimming Men's 4 x 100 metres Freestyle Relay,2016-01-01,79541,67,Silver,2865
Swimming,Swimming Men's 4 x 100 metres Medley Relay,2016-01-01,79541,67,,2866
Track and Field,Men's 50 kilometres Walk,2016-01-01,79554,151,,2867
Track and Field,Women's 200 metres,2016-01-01,79570,167,,2868
Track and Field,Men's Shot Put,2016-01-01,79571,49,,2869
Track and Field,Women's Long Jump,2016-01-01,79575,71,,2870
Track and Field,Women's 400 metres,2016-01-01,79658,96,,2871
Track and Field,Women's 4 x 400 metres Relay,2016-01-01,79696,151,,2872
Gymnastics,Gymnastics Men's Individual All-Around,2016-01-01,79722,195,,2873
Gymnastics,Gymnastics Men's Team All-Around,2016-01-01,79722,195,,2874
Gymnastics,Gymnastics Men's Floor Exercise,2016-01-01,79722,195,,2875
Gymnastics,Gymnastics Men's Parallel Bars,2016-01-01,79722,195,,2876
Gymnastics,Gymnastics Men's Horizontal Bar,2016-01-01,79722,195,,2877
Gymnastics,Gymnastics Men's Rings,2016-01-01,79722,195,,2878
Gymnastics,Gymnastics Men's Pommelled Horse,2016-01-01,79722,195,,2879
Track and Field,Men's Discus Throw,2016-01-01,79757,19,,2880
Swimming,Swimming Women's 4 x 200 metres Freestyle Relay,2016-01-01,79812,73,,2881
Swimming,Swimming Women's 200 metres Individual Medley,2016-01-01,79812,73,,2882
Swimming,Swimming Women's 400 metres Individual Medley,2016-01-01,79812,73,,2883
Swimming,Swimming Men's 100 metres Breaststroke,2016-01-01,79881,195,Bronze,2884
Swimming,Swimming Men's 4 x 100 metres Medley Relay,2016-01-01,79881,195,Gold,2885
Gymnastics,Gymnastics Women's Floor Exercise,2016-01-01,79911,11,,2886
Gymnastics,Gymnastics Women's Uneven Bars,2016-01-01,79911,11,,2887
Track and Field,Men's Hammer Throw,2016-01-01,79925,73,,2888
Track and Field,Women's 400 metres,2016-01-01,79938,14,Gold,2889
Track and Field,Women's Heptathlon,2016-01-01,79945,195,,2890
Track and Field,"Men's 10,000 metres",2016-01-01,79957,73,,2891
Gymnastics,Gymnastics Women's Balance Beam,2016-01-01,79967,74,,2892
Swimming,Swimming Men's 400 metres Freestyle,2016-01-01,80002,73,,2893
Swimming,"Swimming Men's 1,500 metres Freestyle",2016-01-01,80002,73,,2894
Swimming,Swimming Men's 4 x 200 metres Freestyle Relay,2016-01-01,80002,73,Silver,2895
Track and Field,"Men's 3,000 metres Steeplechase",2016-01-01,80003,34,,2896
Track and Field,Men's 4 x 100 metres Relay,2016-01-01,80204,93,Gold,2897
Track and Field,Women's 20 kilometres Walk,2016-01-01,80257,59,,2898
Track and Field,Women's Marathon,2016-01-01,80264,29,,2899
Swimming,Swimming Women's 50 metres Freestyle,2016-01-01,80324,139,,2900
Track and Field,Women's Javelin Throw,2016-01-01,80412,11,,2901
Track and Field,Women's 400 metres,2016-01-01,80424,11,,2902
Track and Field,Women's 4 x 400 metres Relay,2016-01-01,80424,11,,2903
Track and Field,"Women's 3,000 metres Steeplechase",2016-01-01,80440,11,,2904
Track and Field,Men's 200 metres,2016-01-01,80442,73,,2905
Gymnastics,Gymnastics Women's Team All-Around,2016-01-01,80569,94,,2906
Gymnastics,Gymnastics Women's Floor Exercise,2016-01-01,80569,94,,2907
Gymnastics,Gymnastics Women's Horse Vault,2016-01-01,80569,94,,2908
Swimming,Swimming Women's 200 metres Freestyle,2016-01-01,80658,92,,2909
Swimming,Swimming Women's 400 metres Freestyle,2016-01-01,80658,92,,2910
Swimming,Swimming Women's 4 x 200 metres Freestyle Relay,2016-01-01,80658,92,,2911
Swimming,Swimming Men's 50 metres Freestyle,2016-01-01,80667,9,,2912
Swimming,Swimming Women's 4 x 200 metres Freestyle Relay,2016-01-01,80767,94,,2913
Track and Field,Men's Marathon,2016-01-01,80826,136,,2914
Swimming,Swimming Men's 100 metres Freestyle,2016-01-01,80863,126,,2915
Track and Field,Women's Long Jump,2016-01-01,80867,71,,2916
Track and Field,Men's 800 metres,2016-01-01,80906,58,,2917
Track and Field,"Women's 1,500 metres",2016-01-01,80909,54,,2918
Track and Field,"Men's 5,000 metres",2016-01-01,80916,169,,2919
Swimming,Swimming Women's 50 metres Freestyle,2016-01-01,80921,43,,2920
Swimming,Swimming Men's 50 metres Freestyle,2016-01-01,80932,175,,2921
Track and Field,Men's 100 metres,2016-01-01,80949,160,,2922
Track and Field,Women's 4 x 400 metres Relay,2016-01-01,80976,71,,2923
Track and Field,Men's Triple Jump,2016-01-01,81060,170,,2924
Track and Field,"Men's 10,000 metres",2016-01-01,81061,170,,2925
Gymnastics,Gymnastics Women's Individual All-Around,2016-01-01,81064,166,,2926
Gymnastics,Gymnastics Women's Floor Exercise,2016-01-01,81064,166,,2927
Gymnastics,Gymnastics Women's Uneven Bars,2016-01-01,81064,166,,2928
Gymnastics,Gymnastics Women's Balance Beam,2016-01-01,81064,166,,2929
Track and Field,Men's Marathon,2016-01-01,81145,8,,2930
Swimming,Swimming Women's 50 metres Freestyle,2016-01-01,81238,84,,2931
Track and Field,Men's 50 kilometres Walk,2016-01-01,81443,42,,2932
Track and Field,Women's Long Jump,2016-01-01,81454,173,,2933
Track and Field,Women's 400 metres Hurdles,2016-01-01,81467,34,,2934
Track and Field,Women's 4 x 400 metres Relay,2016-01-01,81467,34,,2935
Track and Field,Men's Marathon,2016-01-01,81616,91,,2936
Track and Field,Men's Marathon,2016-01-01,81737,89,,2937
Track and Field,Women's 100 metres Hurdles,2016-01-01,81742,26,,2938
Track and Field,Women's 200 metres,2016-01-01,81768,148,,2939
Swimming,Swimming Women's 100 metres Breaststroke,2016-01-01,81841,52,,2940
Swimming,Swimming Women's 200 metres Breaststroke,2016-01-01,81841,52,,2941
Swimming,Swimming Women's 4 x 100 metres Medley Relay,2016-01-01,81841,52,,2942
Track and Field,Women's Marathon,2016-01-01,81918,147,,2943
Gymnastics,Gymnastics Women's Individual All-Around,2016-01-01,81946,120,,2944
Gymnastics,Gymnastics Women's Floor Exercise,2016-01-01,81946,120,,2945
Gymnastics,Gymnastics Women's Horse Vault,2016-01-01,81946,120,,2946
Gymnastics,Gymnastics Women's Uneven Bars,2016-01-01,81946,120,,2947
Gymnastics,Gymnastics Women's Balance Beam,2016-01-01,81946,120,,2948
Swimming,Swimming Men's 100 metres Butterfly,2016-01-01,82020,11,,2949
Swimming,Swimming Men's 200 metres Butterfly,2016-01-01,82020,11,,2950
Swimming,Swimming Men's 4 x 100 metres Medley Relay,2016-01-01,82020,11,Bronze,2951
Gymnastics,Gymnastics Men's Floor Exercise,2016-01-01,82043,34,,2952
Gymnastics,Gymnastics Men's Horse Vault,2016-01-01,82043,34,,2953
Gymnastics,Gymnastics Men's Rings,2016-01-01,82043,34,,2954
Track and Field,Men's 50 kilometres Walk,2016-01-01,82136,94,,2955
Track and Field,Men's 400 metres Hurdles,2016-01-01,82190,66,,2956
Swimming,Swimming Men's 50 metres Freestyle,2016-01-01,82221,152,,2957
Swimming,Swimming Men's 100 metres Freestyle,2016-01-01,82221,152,,2958
Swimming,Swimming Men's 4 x 100 metres Freestyle Relay,2016-01-01,82221,152,,2959
Swimming,Swimming Men's 4 x 100 metres Medley Relay,2016-01-01,82221,152,,2960
Track and Field,Women's Pole Vault,2016-01-01,82271,195,Silver,2961
Track and Field,Women's Pole Vault,2016-01-01,82396,179,,2962
Swimming,Swimming Women's 50 metres Freestyle,2016-01-01,82424,182,,2963
Swimming,Swimming Men's 50 metres Freestyle,2016-01-01,82562,133,,2964
Track and Field,Women's 400 metres Hurdles,2016-01-01,82576,180,,2965
Track and Field,"Men's 1,500 metres",2016-01-01,82578,54,,2966
Track and Field,Men's Hammer Throw,2016-01-01,82628,89,,2967
Swimming,Swimming Women's 50 metres Freestyle,2016-01-01,82648,133,,2968
Track and Field,Men's 800 metres,2016-01-01,82708,5,,2969
Track and Field,Men's Shot Put,2016-01-01,82737,134,,2970
Track and Field,"Women's 3,000 metres Steeplechase",2016-01-01,82743,53,,2971
Track and Field,"Men's 10,000 metres",2016-01-01,82843,97,,2972
Track and Field,Women's 400 metres Hurdles,2016-01-01,82900,195,Gold,2973
Track and Field,Women's 400 metres,2016-01-01,82927,34,,2974
Track and Field,Women's 4 x 400 metres Relay,2016-01-01,82927,34,,2975
Track and Field,"Women's 1,500 metres",2016-01-01,82929,73,,2976
Track and Field,Women's Marathon,2016-01-01,82951,153,,2977
Track and Field,Women's 800 metres,2016-01-01,82952,96,,2978
Swimming,Swimming Women's 4 x 200 metres Freestyle Relay,2016-01-01,83024,152,,2979
Swimming,Swimming Women's 10 kilometres Open Water,2016-01-01,83041,67,,2980
Track and Field,Women's 4 x 400 metres Relay,2016-01-01,83105,71,,2981
Track and Field,Women's Discus Throw,2016-01-01,83127,71,,2982
Track and Field,"Men's 3,000 metres Steeplechase",2016-01-01,83176,73,,2983
Track and Field,Men's 50 kilometres Walk,2016-01-01,83268,170,,2984
Track and Field,"Men's 5,000 metres",2016-01-01,83279,97,,2985
Gymnastics,Gymnastics Men's Individual All-Around,2016-01-01,83365,151,,2986
Gymnastics,Gymnastics Men's Floor Exercise,2016-01-01,83365,151,,2987
Gymnastics,Gymnastics Men's Horse Vault,2016-01-01,83365,151,,2988
Gymnastics,Gymnastics Men's Parallel Bars,2016-01-01,83365,151,,2989
Gymnastics,Gymnastics Men's Horizontal Bar,2016-01-01,83365,151,,2990
Gymnastics,Gymnastics Men's Rings,2016-01-01,83365,151,,2991
Gymnastics,Gymnastics Men's Pommelled Horse,2016-01-01,83365,151,,2992
Track and Field,Men's 200 metres,2016-01-01,83386,170,,2993
Track and Field,Women's 400 metres,2016-01-01,83397,202,,2994
Gymnastics,Gymnastics Women's Individual All-Around,2016-01-01,83418,94,,2995
Gymnastics,Gymnastics Women's Team All-Around,2016-01-01,83418,94,,2996
Gymnastics,Gymnastics Women's Floor Exercise,2016-01-01,83418,94,,2997
Gymnastics,Gymnastics Women's Uneven Bars,2016-01-01,83418,94,,2998
Gymnastics,Gymnastics Women's Balance Beam,2016-01-01,83418,94,,2999
Track and Field,"Men's 5,000 metres",2016-01-01,83460,94,,3000
Track and Field,"Men's 10,000 metres",2016-01-01,83460,94,,3001
Swimming,Swimming Men's 100 metres Breaststroke,2016-01-01,83472,73,,3002
Track and Field,Women's Pole Vault,2016-01-01,83478,26,,3003
Swimming,Swimming Women's 50 metres Freestyle,2016-01-01,83481,91,,3004
Swimming,Swimming Women's 100 metres Freestyle,2016-01-01,83481,91,,3005
Swimming,Swimming Women's 4 x 100 metres Freestyle Relay,2016-01-01,83481,91,,3006
Track and Field,Men's Triple Jump,2016-01-01,83485,42,,3007
Swimming,Swimming Men's 100 metres Breaststroke,2016-01-01,83487,42,,3008
Swimming,Swimming Men's 200 metres Breaststroke,2016-01-01,83487,42,,3009
Track and Field,Men's 800 metres,2016-01-01,83514,195,Bronze,3010
Swimming,Swimming Men's 100 metres Backstroke,2016-01-01,83545,195,Gold,3011
Swimming,Swimming Men's 200 metres Backstroke,2016-01-01,83545,195,Gold,3012
Swimming,Swimming Men's 4 x 100 metres Medley Relay,2016-01-01,83545,195,Gold,3013
Track and Field,Women's Pole Vault,2016-01-01,83617,66,,3014
Track and Field,"Men's 1,500 metres",2016-01-01,83639,192,,3015
Swimming,Swimming Women's 50 metres Freestyle,2016-01-01,83650,116,,3016
Track and Field,Women's 400 metres,2016-01-01,83655,169,,3017
Track and Field,Men's Marathon,2016-01-01,83689,189,,3018
Swimming,Swimming Men's 100 metres Breaststroke,2016-01-01,83714,198,,3019
Gymnastics,Gymnastics Women's Individual All-Around,2016-01-01,83715,152,Bronze,3020
Gymnastics,Gymnastics Women's Team All-Around,2016-01-01,83715,152,Silver,3021
Gymnastics,Gymnastics Women's Floor Exercise,2016-01-01,83715,152,,3022
Gymnastics,Gymnastics Women's Uneven Bars,2016-01-01,83715,152,Gold,3023
Gymnastics,Gymnastics Women's Balance Beam,2016-01-01,83715,152,,3024
Track and Field,Men's Marathon,2016-01-01,83744,192,,3025
Track and Field,Men's 100 metres,2016-01-01,83805,203,,3026
Track and Field,Women's 800 metres,2016-01-01,83877,127,,3027
Track and Field,Women's 20 kilometres Walk,2016-01-01,83929,193,,3028
Gymnastics,Gymnastics Women's Team All-Around,2016-01-01,83932,19,,3029
Gymnastics,Gymnastics Women's Floor Exercise,2016-01-01,83932,19,,3030
Gymnastics,Gymnastics Women's Balance Beam,2016-01-01,83932,19,,3031
Track and Field,Men's High Jump,2016-01-01,83991,18,,3032
Gymnastics,Gymnastics Men's Team All-Around,2016-01-01,84014,195,,3033
Gymnastics,Gymnastics Men's Floor Exercise,2016-01-01,84014,195,,3034
Gymnastics,Gymnastics Men's Rings,2016-01-01,84014,195,,3035
Gymnastics,Gymnastics Men's Pommelled Horse,2016-01-01,84014,195,Bronze,3036
Track and Field,Men's Marathon,2016-01-01,84049,19,,3037
Track and Field,Men's Marathon,2016-01-01,84114,130,,3038
Gymnastics,Gymnastics Men's Individual All-Around,2016-01-01,84138,152,,3039
Gymnastics,Gymnastics Men's Team All-Around,2016-01-01,84138,152,Silver,3040
Gymnastics,Gymnastics Men's Floor Exercise,2016-01-01,84138,152,,3041
Gymnastics,Gymnastics Men's Horse Vault,2016-01-01,84138,152,,3042
Gymnastics,Gymnastics Men's Parallel Bars,2016-01-01,84138,152,,3043
Gymnastics,Gymnastics Men's Horizontal Bar,2016-01-01,84138,152,,3044
Gymnastics,Gymnastics Men's Rings,2016-01-01,84138,152,,3045
Gymnastics,Gymnastics Men's Pommelled Horse,2016-01-01,84138,152,,3046
Swimming,"Swimming Men's 1,500 metres Freestyle",2016-01-01,84187,166,,3047
Swimming,Swimming Men's 400 metres Individual Medley,2016-01-01,84187,166,,3048
Swimming,Swimming Men's 10 kilometres Open Water,2016-01-01,84187,166,,3049
Swimming,Swimming Men's 400 metres Freestyle,2016-01-01,84215,8,,3050
Swimming,"Swimming Men's 1,500 metres Freestyle",2016-01-01,84215,8,,3051
Track and Field,Women's Marathon,2016-01-01,84219,128,,3052
Track and Field,"Men's 5,000 metres",2016-01-01,84227,127,,3053
Track and Field,Women's 800 metres,2016-01-01,84258,192,,3054
Track and Field,Men's Decathlon,2016-01-01,84301,94,,3055
Swimming,Swimming Men's 50 metres Freestyle,2016-01-01,84307,94,,3056
Swimming,Swimming Men's 100 metres Freestyle,2016-01-01,84307,94,,3057
Swimming,Swimming Men's 4 x 100 metres Freestyle Relay,2016-01-01,84307,94,,3058
Swimming,Swimming Men's 4 x 100 metres Medley Relay,2016-01-01,84307,94,,3059
Swimming,Swimming Women's 200 metres Individual Medley,2016-01-01,84441,171,,3060
Track and Field,Women's Heptathlon,2016-01-01,84463,67,,3061
Track and Field,Women's 200 metres,2016-01-01,84470,86,,3062
Track and Field,Women's 800 metres,2016-01-01,84494,192,,3063
Track and Field,Women's 400 metres,2016-01-01,84591,15,,3064
Swimming,Swimming Men's 200 metres Breaststroke,2016-01-01,84617,89,,3065
Swimming,Swimming Women's 50 metres Freestyle,2016-01-01,84630,152,,3066
Swimming,Swimming Women's 4 x 100 metres Freestyle Relay,2016-01-01,84630,152,,3067
Track and Field,Women's 20 kilometres Walk,2016-01-01,84631,188,,3068
Swimming,Swimming Men's 50 metres Freestyle,2016-01-01,84647,37,,3069
Track and Field,Men's 50 kilometres Walk,2016-01-01,84748,120,,3070
Track and Field,Women's Marathon,2016-01-01,84788,173,,3071
Track and Field,Men's Hammer Throw,2016-01-01,84850,181,Gold,3072
Track and Field,Men's Marathon,2016-01-01,84923,203,,3073
Track and Field,Men's 400 metres Hurdles,2016-01-01,84925,161,,3074
Swimming,Swimming Women's 50 metres Freestyle,2016-01-01,84926,161,,3075
Track and Field,"Men's 5,000 metres",2016-01-01,84931,97,,3076
Track and Field,Women's 100 metres,2016-01-01,84948,177,,3077
Swimming,Swimming Women's 4 x 100 metres Freestyle Relay,2016-01-01,84965,195,Silver,3078
Swimming,Swimming Women's 4 x 200 metres Freestyle Relay,2016-01-01,84971,11,Silver,3079
Track and Field,Men's Shot Put,2016-01-01,85030,34,,3080
Track and Field,Women's 100 metres,2016-01-01,85141,73,,3081
Track and Field,Women's 4 x 100 metres Relay,2016-01-01,85141,73,Bronze,3082
Track and Field,Women's 400 metres Hurdles,2016-01-01,85166,170,,3083
Track and Field,Women's 200 metres,2016-01-01,85193,11,,3084
Track and Field,Women's Marathon,2016-01-01,85313,165,,3085
Swimming,Swimming Women's 100 metres Butterfly,2016-01-01,85314,51,,3086
Track and Field,Men's Triple Jump,2016-01-01,85370,18,,3087
Track and Field,Men's Discus Throw,2016-01-01,85371,193,,3088
Track and Field,Women's 100 metres,2016-01-01,85405,6,,3089
Track and Field,Women's Long Jump,2016-01-01,85413,34,,3090
Track and Field,Women's Marathon,2016-01-01,85444,179,,3091
Swimming,Swimming Women's 200 metres Freestyle,2016-01-01,85478,130,,3092
Swimming,Swimming Women's 4 x 200 metres Freestyle Relay,2016-01-01,85478,130,,3093
Swimming,Swimming Women's 10 kilometres Open Water,2016-01-01,85527,147,,3094
Swimming,Swimming Men's 200 metres Butterfly,2016-01-01,85543,91,,3095
Swimming,Swimming Men's 200 metres Individual Medley,2016-01-01,85543,91,,3096
Swimming,Swimming Men's 400 metres Individual Medley,2016-01-01,85543,91,,3097
Track and Field,Men's 4 x 400 metres Relay,2016-01-01,85554,14,Bronze,3098
Track and Field,Women's Pole Vault,2016-01-01,85560,34,,3099
Track and Field,Women's Pole Vault,2016-01-01,85575,34,,3100
Track and Field,Women's 100 metres Hurdles,2016-01-01,85616,66,,3101
Swimming,Swimming Women's 200 metres Individual Medley,2016-01-01,85670,11,,3102
Gymnastics,Gymnastics Men's Individual All-Around,2016-01-01,85712,71,,3103
Gymnastics,Gymnastics Men's Team All-Around,2016-01-01,85712,71,,3104
Gymnastics,Gymnastics Men's Floor Exercise,2016-01-01,85712,71,,3105
Gymnastics,Gymnastics Men's Parallel Bars,2016-01-01,85712,71,,3106
Gymnastics,Gymnastics Men's Horizontal Bar,2016-01-01,85712,71,,3107
Gymnastics,Gymnastics Men's Rings,2016-01-01,85712,71,,3108
Gymnastics,Gymnastics Men's Pommelled Horse,2016-01-01,85712,71,,3109
Track and Field,Men's 20 kilometres Walk,2016-01-01,85719,200,,3110
Swimming,Swimming Women's 400 metres Freestyle,2016-01-01,85721,200,,3111
Swimming,Swimming Women's 200 metres Individual Medley,2016-01-01,85721,200,,3112
Swimming,Swimming Women's 400 metres Individual Medley,2016-01-01,85721,200,,3113
Track and Field,Women's 400 metres,2016-01-01,85726,200,,3114
Track and Field,Women's 400 metres Hurdles,2016-01-01,85726,200,,3115
Swimming,Swimming Men's 50 metres Freestyle,2016-01-01,85772,161,,3116
Swimming,Swimming Women's 100 metres Breaststroke,2016-01-01,85864,34,,3117
Swimming,Swimming Women's 4 x 100 metres Medley Relay,2016-01-01,85864,34,,3118
Swimming,Swimming Women's 4 x 100 metres Freestyle Relay,2016-01-01,86020,53,,3119
Swimming,Swimming Women's 100 metres Backstroke,2016-01-01,86020,53,,3120
Swimming,Swimming Women's 4 x 100 metres Medley Relay,2016-01-01,86020,53,Bronze,3121
Track and Field,Men's Marathon,2016-01-01,86164,31,,3122
Track and Field,Women's Pole Vault,2016-01-01,86223,66,,3123
Swimming,Swimming Men's 100 metres Freestyle,2016-01-01,86283,29,,3124
Swimming,Swimming Men's 50 metres Freestyle,2016-01-01,86449,40,,3125
Swimming,Swimming Men's 100 metres Freestyle,2016-01-01,86449,40,,3126
Swimming,Swimming Men's 4 x 100 metres Freestyle Relay,2016-01-01,86449,40,,3127
Swimming,Swimming Men's 4 x 100 metres Medley Relay,2016-01-01,86449,40,,3128
Swimming,Swimming Men's 50 metres Freestyle,2016-01-01,86525,114,,3129
Track and Field,Men's Marathon,2016-01-01,86594,31,,3130
Track and Field,Women's 800 metres,2016-01-01,86595,31,Silver,3131
Track and Field,Women's Marathon,2016-01-01,86612,103,,3132
Track and Field,Men's 200 metres,2016-01-01,86626,97,,3133
Track and Field,"Men's 5,000 metres",2016-01-01,86634,104,,3134
Track and Field,Men's 4 x 400 metres Relay,2016-01-01,86636,25,,3135
Track and Field,Men's Marathon,2016-01-01,86637,104,,3136
Swimming,Swimming Women's 100 metres Freestyle,2016-01-01,86697,6,,3137
Track and Field,Women's Hammer Throw,2016-01-01,87189,193,,3138
Track and Field,Men's 20 kilometres Walk,2016-01-01,87218,146,,3139
Track and Field,Men's Hammer Throw,2016-01-01,87235,146,Bronze,3140
Track and Field,Men's 400 metres Hurdles,2016-01-01,87252,94,,3141
Track and Field,Women's 4 x 400 metres Relay,2016-01-01,87284,67,,3142
Swimming,Swimming Women's 100 metres Butterfly,2016-01-01,87290,74,,3143
Track and Field,Women's 20 kilometres Walk,2016-01-01,87292,74,,3144
Track and Field,Women's 400 metres Hurdles,2016-01-01,87300,93,,3145
Track and Field,"Women's 10,000 metres",2016-01-01,87304,31,,3146
Track and Field,Men's 50 kilometres Walk,2016-01-01,87356,195,,3147
Track and Field,Men's Marathon,2016-01-01,87385,62,,3148
Track and Field,Women's Heptathlon,2016-01-01,87436,195,,3149
Track and Field,Women's Marathon,2016-01-01,87452,203,,3150
Track and Field,Men's Marathon,2016-01-01,87477,203,,3151
Track and Field,"Women's 10,000 metres",2016-01-01,87518,153,,3152
Track and Field,Men's Marathon,2016-01-01,87586,170,,3153
Track and Field,Women's Javelin Throw,2016-01-01,87732,71,,3154
Track and Field,"Women's 5,000 metres",2016-01-01,87792,97,Silver,3155
Track and Field,Women's Shot Put,2016-01-01,87796,193,,3156
Track and Field,"Women's 5,000 metres",2016-01-01,87855,34,,3157
Swimming,Swimming Women's 4 x 200 metres Freestyle Relay,2016-01-01,87890,73,,3158
Swimming,Swimming Women's 200 metres Individual Medley,2016-01-01,87890,73,Silver,3159
Swimming,Swimming Women's 4 x 100 metres Medley Relay,2016-01-01,87890,73,,3160
Track and Field,Men's 200 metres,2016-01-01,87988,134,,3161
Swimming,Swimming Women's 800 metres Freestyle,2016-01-01,87996,167,,3162
Swimming,Swimming Women's 4 x 200 metres Freestyle Relay,2016-01-01,87996,167,,3163
Track and Field,Women's 200 metres,2016-01-01,88015,15,,3164
Track and Field,Men's 200 metres,2016-01-01,88034,134,,3165
Track and Field,Women's Heptathlon,2016-01-01,88075,71,,3166
Track and Field,Men's 110 metres Hurdles,2016-01-01,88087,50,,3167
Track and Field,"Women's 3,000 metres Steeplechase",2016-01-01,88089,90,,3168
Track and Field,Women's 100 metres Hurdles,2016-01-01,88107,73,,3169
Track and Field,Men's Pole Vault,2016-01-01,88172,94,,3170
Track and Field,Women's 400 metres Hurdles,2016-01-01,88187,134,,3171
Track and Field,Men's 100 metres,2016-01-01,88209,134,,3172
Track and Field,Men's 100 metres,2016-01-01,88210,149,,3173
Track and Field,Men's 200 metres,2016-01-01,88210,149,,3174
Track and Field,"Men's 1,500 metres",2016-01-01,88229,73,,3175
Track and Field,Women's 400 metres,2016-01-01,88316,73,,3176
Track and Field,Women's 4 x 400 metres Relay,2016-01-01,88316,73,Bronze,3177
Track and Field,Men's 50 kilometres Walk,2016-01-01,88346,66,,3178
Track and Field,Men's 50 kilometres Walk,2016-01-01,88365,120,,3179
Track and Field,Women's 20 kilometres Walk,2016-01-01,88397,94,,3180
Track and Field,Women's 100 metres,2016-01-01,88404,134,,3181
Track and Field,Women's 200 metres,2016-01-01,88404,134,,3182
Track and Field,Women's 4 x 100 metres Relay,2016-01-01,88404,134,,3183
Track and Field,Men's Triple Jump,2016-01-01,88445,134,,3184
Swimming,Swimming Women's 10 kilometres Open Water,2016-01-01,88461,26,Bronze,3185
Track and Field,Women's 4 x 400 metres Relay,2016-01-01,88474,195,Gold,3186
Track and Field,Women's Discus Throw,2016-01-01,88481,134,,3187
Track and Field,Women's 100 metres,2016-01-01,88502,136,,3188
Track and Field,Women's High Jump,2016-01-01,88533,193,,3189
Track and Field,Men's Long Jump,2016-01-01,88541,173,,3190
Track and Field,Women's Shot Put,2016-01-01,88546,134,,3191
Track and Field,Men's Triple Jump,2016-01-01,88585,134,,3192
Swimming,Swimming Women's 10 kilometres Open Water,2016-01-01,88600,84,,3193
Track and Field,Men's Marathon,2016-01-01,88645,193,,3194
Swimming,Swimming Women's 100 metres Freestyle,2016-01-01,88651,34,Gold,3195
Swimming,Swimming Women's 4 x 100 metres Freestyle Relay,2016-01-01,88651,34,Bronze,3196
Swimming,Swimming Women's 4 x 200 metres Freestyle Relay,2016-01-01,88651,34,Bronze,3197
Swimming,Swimming Women's 100 metres Butterfly,2016-01-01,88651,34,Silver,3198
Swimming,Swimming Women's 4 x 100 metres Medley Relay,2016-01-01,88651,34,,3199
Track and Field,Women's 400 metres,2016-01-01,88700,193,,3200
Swimming,Swimming Women's 100 metres Freestyle,2016-01-01,88727,26,,3201
Swimming,Swimming Women's 200 metres Freestyle,2016-01-01,88727,26,,3202
Swimming,Swimming Women's 4 x 100 metres Freestyle Relay,2016-01-01,88727,26,,3203
Swimming,Swimming Women's 4 x 200 metres Freestyle Relay,2016-01-01,88727,26,,3204
Swimming,Swimming Women's 4 x 100 metres Medley Relay,2016-01-01,88727,26,,3205
Gymnastics,Gymnastics Women's Team All-Around,2016-01-01,88729,26,,3206
Gymnastics,Gymnastics Women's Uneven Bars,2016-01-01,88729,26,,3207
Swimming,Swimming Men's 100 metres Freestyle,2016-01-01,88731,26,,3208
Swimming,Swimming Men's 4 x 100 metres Freestyle Relay,2016-01-01,88731,26,,3209
Swimming,Swimming Men's 4 x 200 metres Freestyle Relay,2016-01-01,88731,26,,3210
Track and Field,Women's Marathon,2016-01-01,88769,39,,3211
Swimming,Swimming Men's 10 kilometres Open Water,2016-01-01,88788,67,Bronze,3212
Swimming,Swimming Men's 100 metres Breaststroke,2016-01-01,88821,75,,3213
Gymnastics,Gymnastics Women's Team All-Around,2016-01-01,88918,34,,3214
Gymnastics,Gymnastics Women's Floor Exercise,2016-01-01,88918,34,,3215
Gymnastics,Gymnastics Women's Horse Vault,2016-01-01,88918,34,,3216
Track and Field,Men's 400 metres,2016-01-01,89070,146,,3217
Track and Field,Men's 4 x 400 metres Relay,2016-01-01,89070,146,,3218
Swimming,Swimming Women's 200 metres Individual Medley,2016-01-01,89089,198,,3219
Swimming,Swimming Women's 400 metres Individual Medley,2016-01-01,89089,198,,3220
Track and Field,Women's 400 metres,2016-01-01,89096,134,,3221
Track and Field,"Women's 5,000 metres",2016-01-01,89169,94,,3222
Track and Field,Men's High Jump,2016-01-01,89174,71,,3223
Track and Field,Women's Pole Vault,2016-01-01,89198,147,,3224
Track and Field,Women's 4 x 400 metres Relay,2016-01-01,89216,73,Bronze,3225
Gymnastics,Gymnastics Women's Individual All-Around,2016-01-01,89229,34,,3226
Gymnastics,Gymnastics Women's Team All-Around,2016-01-01,89229,34,,3227
Gymnastics,Gymnastics Women's Floor Exercise,2016-01-01,89229,34,,3228
Gymnastics,Gymnastics Women's Uneven Bars,2016-01-01,89229,34,,3229
Gymnastics,Gymnastics Women's Balance Beam,2016-01-01,89229,34,,3230
Track and Field,Women's 20 kilometres Walk,2016-01-01,89248,170,,3231
Track and Field,Men's Triple Jump,2016-01-01,89301,151,,3232
Swimming,Swimming Men's 50 metres Freestyle,2016-01-01,89313,134,,3233
Swimming,Swimming Women's 200 metres Freestyle,2016-01-01,89314,152,,3234
Swimming,Swimming Women's 400 metres Freestyle,2016-01-01,89314,152,,3235
Swimming,Swimming Women's 800 metres Freestyle,2016-01-01,89314,152,,3236
Swimming,Swimming Women's 4 x 200 metres Freestyle Relay,2016-01-01,89314,152,,3237
Gymnastics,Gymnastics Women's Individual All-Around,2016-01-01,89321,90,,3238
Gymnastics,Gymnastics Women's Floor Exercise,2016-01-01,89321,90,,3239
Gymnastics,Gymnastics Women's Uneven Bars,2016-01-01,89321,90,,3240
Gymnastics,Gymnastics Women's Balance Beam,2016-01-01,89321,90,,3241
Track and Field,Women's Triple Jump,2016-01-01,89439,195,,3242
Track and Field,Women's Marathon,2016-01-01,89440,42,,3243
Gymnastics,Gymnastics Women's Individual All-Around,2016-01-01,89525,144,,3244
Gymnastics,Gymnastics Women's Floor Exercise,2016-01-01,89525,144,,3245
Gymnastics,Gymnastics Women's Uneven Bars,2016-01-01,89525,144,,3246
Gymnastics,Gymnastics Women's Balance Beam,2016-01-01,89525,144,,3247
Swimming,Swimming Men's 4 x 100 metres Freestyle Relay,2016-01-01,89532,92,,3248
Track and Field,Men's Marathon,2016-01-01,89541,199,,3249
Track and Field,Women's 20 kilometres Walk,2016-01-01,89542,120,,3250
Track and Field,Men's Discus Throw,2016-01-01,89549,42,,3251
Track and Field,Men's 110 metres Hurdles,2016-01-01,89553,173,Silver,3252
Track and Field,"Men's 5,000 metres",2016-01-01,89562,71,,3253
Track and Field,Women's 20 kilometres Walk,2016-01-01,89601,77,,3254
Swimming,Swimming Men's 4 x 100 metres Freestyle Relay,2016-01-01,89617,173,,3255
Swimming,Swimming Men's 4 x 100 metres Freestyle Relay,2016-01-01,89618,173,,3256
Track and Field,"Men's 5,000 metres",2016-01-01,89684,94,,3257
Track and Field,"Men's 10,000 metres",2016-01-01,89684,94,,3258
Track and Field,Women's 4 x 100 metres Relay,2016-01-01,89695,134,,3259
Track and Field,Women's Heptathlon,2016-01-01,89696,134,,3260
Swimming,Swimming Men's 200 metres Breaststroke,2016-01-01,89725,193,,3261
Track and Field,Women's 800 metres,2016-01-01,89767,73,,3262
Swimming,Swimming Women's 50 metres Freestyle,2016-01-01,89774,58,,3263
Swimming,Swimming Women's 100 metres Butterfly,2016-01-01,89774,58,,3264
Track and Field,Men's Triple Jump,2016-01-01,89780,189,,3265
Track and Field,"Men's 10,000 metres",2016-01-01,89867,144,,3266
Swimming,Swimming Women's 50 metres Freestyle,2016-01-01,90004,53,,3267
Swimming,Swimming Women's 100 metres Freestyle,2016-01-01,90004,53,,3268
Swimming,Swimming Women's 100 metres Butterfly,2016-01-01,90004,53,,3269
Swimming,Swimming Women's 4 x 100 metres Medley Relay,2016-01-01,90004,53,Bronze,3270
Swimming,Swimming Women's 50 metres Freestyle,2016-01-01,90075,30,,3271
Track and Field,Men's 100 metres,2016-01-01,90091,125,,3272
Track and Field,Men's 400 metres,2016-01-01,90139,133,,3273
Swimming,Swimming Women's 400 metres Freestyle,2016-01-01,90179,34,,3274
Swimming,Swimming Women's 4 x 200 metres Freestyle Relay,2016-01-01,90179,34,Bronze,3275
Swimming,Swimming Women's 400 metres Individual Medley,2016-01-01,90179,34,,3276
Track and Field,Women's 100 metres,2016-01-01,90249,72,,3277
Track and Field,Women's 4 x 100 metres Relay,2016-01-01,90249,72,,3278
Track and Field,"Men's 1,500 metres",2016-01-01,90296,189,,3279
Track and Field,Men's Marathon,2016-01-01,90297,189,,3280
Track and Field,Women's Javelin Throw,2016-01-01,90335,102,,3281
Track and Field,Men's Marathon,2016-01-01,90412,144,,3282
Track and Field,Men's Marathon,2016-01-01,90421,144,,3283
Swimming,Swimming Men's 100 metres Breaststroke,2016-01-01,90447,11,,3284
Swimming,Swimming Men's 4 x 100 metres Medley Relay,2016-01-01,90447,11,Bronze,3285
Track and Field,Men's 800 metres,2016-01-01,90519,26,,3286
Track and Field,Men's Marathon,2016-01-01,90642,135,,3287
Swimming,Swimming Men's 200 metres Butterfly,2016-01-01,90675,152,,3288
Track and Field,Women's 100 metres,2016-01-01,90698,42,,3289
Track and Field,Men's 200 metres,2016-01-01,90706,82,,3290
Track and Field,Women's Javelin Throw,2016-01-01,90721,102,,3291
Track and Field,Women's 200 metres,2016-01-01,90758,170,,3292
Track and Field,Women's 400 metres,2016-01-01,90758,170,,3293
Track and Field,Men's 20 kilometres Walk,2016-01-01,90822,120,,3294
Swimming,Swimming Men's 100 metres Breaststroke,2016-01-01,90854,11,,3295
Track and Field,Women's 20 kilometres Walk,2016-01-01,90875,92,,3296
Track and Field,Men's 400 metres,2016-01-01,90888,42,,3297
Track and Field,Men's 4 x 400 metres Relay,2016-01-01,90888,42,,3298
Track and Field,Women's High Jump,2016-01-01,90904,108,,3299
Swimming,"Swimming Men's 1,500 metres Freestyle",2016-01-01,90906,92,Gold,3300
Track and Field,Men's 100 metres,2016-01-01,91001,110,,3301
Track and Field,Women's Triple Jump,2016-01-01,91143,151,,3302
Swimming,Swimming Women's 200 metres Backstroke,2016-01-01,91162,92,,3303
Track and Field,Women's 100 metres,2016-01-01,91219,51,,3304
Track and Field,Women's 200 metres,2016-01-01,91219,51,,3305
Track and Field,Women's Triple Jump,2016-01-01,91223,74,,3306
Track and Field,Men's 20 kilometres Walk,2016-01-01,91234,74,,3307
Track and Field,Men's 50 kilometres Walk,2016-01-01,91234,74,,3308
Track and Field,Women's Marathon,2016-01-01,91280,84,,3309
Swimming,Swimming Men's 10 kilometres Open Water,2016-01-01,91285,84,,3310
Track and Field,"Women's 10,000 metres",2016-01-01,91290,74,,3311
Track and Field,Women's Marathon,2016-01-01,91380,57,,3312
Track and Field,Men's Discus Throw,2016-01-01,91384,51,,3313
Track and Field,Men's 50 kilometres Walk,2016-01-01,91464,171,,3314
Swimming,Swimming Women's 200 metres Butterfly,2016-01-01,91547,171,,3315
Gymnastics,Gymnastics Men's Individual All-Around,2016-01-01,91573,171,,3316
Gymnastics,Gymnastics Men's Team All-Around,2016-01-01,91573,171,,3317
Gymnastics,Gymnastics Men's Floor Exercise,2016-01-01,91573,171,,3318
Gymnastics,Gymnastics Men's Parallel Bars,2016-01-01,91573,171,,3319
Gymnastics,Gymnastics Men's Horizontal Bar,2016-01-01,91573,171,,3320
Gymnastics,Gymnastics Men's Rings,2016-01-01,91573,171,,3321
Gymnastics,Gymnastics Men's Pommelled Horse,2016-01-01,91573,171,,3322
Swimming,Swimming Men's 100 metres Freestyle,2016-01-01,91620,171,,3323
Swimming,Swimming Men's 200 metres Freestyle,2016-01-01,91620,171,,3324
Swimming,Swimming Men's 400 metres Freestyle,2016-01-01,91620,171,,3325
Track and Field,Men's Hammer Throw,2016-01-01,91787,84,,3326
Track and Field,Men's 50 kilometres Walk,2016-01-01,91820,66,,3327
Track and Field,Women's 200 metres,2016-01-01,91848,138,,3328
Track and Field,Women's 20 kilometres Walk,2016-01-01,91879,173,,3329
Gymnastics,Gymnastics Women's Team All-Around,2016-01-01,91887,152,Silver,3330
Gymnastics,Gymnastics Women's Horse Vault,2016-01-01,91887,152,Silver,3331
Track and Field,Women's 20 kilometres Walk,2016-01-01,91959,102,,3332
Track and Field,Women's 4 x 400 metres Relay,2016-01-01,91960,151,,3333
Swimming,Swimming Women's 200 metres Freestyle,2016-01-01,91971,82,,3334
Track and Field,Women's High Jump,2016-01-01,92107,11,,3335
Gymnastics,Gymnastics Men's Individual All-Around,2016-01-01,92122,170,,3336
Gymnastics,Gymnastics Men's Floor Exercise,2016-01-01,92122,170,,3337
Gymnastics,Gymnastics Men's Parallel Bars,2016-01-01,92122,170,,3338
Gymnastics,Gymnastics Men's Horizontal Bar,2016-01-01,92122,170,,3339
Gymnastics,Gymnastics Men's Rings,2016-01-01,92122,170,,3340
Gymnastics,Gymnastics Men's Pommelled Horse,2016-01-01,92122,170,,3341
Track and Field,Women's Javelin Throw,2016-01-01,92125,195,,3342
Track and Field,Men's Marathon,2016-01-01,92179,26,,3343
Track and Field,Men's 4 x 100 metres Relay,2016-01-01,92188,130,,3344
Track and Field,"Women's 10,000 metres",2016-01-01,92276,73,,3345
Gymnastics,Gymnastics Men's Individual All-Around,2016-01-01,92389,13,,3346
Gymnastics,Gymnastics Men's Floor Exercise,2016-01-01,92389,13,,3347
Gymnastics,Gymnastics Men's Parallel Bars,2016-01-01,92389,13,,3348
Gymnastics,Gymnastics Men's Horizontal Bar,2016-01-01,92389,13,,3349
Gymnastics,Gymnastics Men's Rings,2016-01-01,92389,13,,3350
Gymnastics,Gymnastics Men's Pommelled Horse,2016-01-01,92389,13,,3351
Swimming,Swimming Women's 10 kilometres Open Water,2016-01-01,92413,73,,3352
Track and Field,Men's Javelin Throw,2016-01-01,92481,11,,3353
Swimming,Swimming Men's 100 metres Breaststroke,2016-01-01,92529,73,Gold,3354
Swimming,Swimming Men's 4 x 100 metres Medley Relay,2016-01-01,92529,73,Silver,3355
Swimming,Swimming Men's 200 metres Backstroke,2016-01-01,92531,195,,3356
Swimming,Swimming Women's 10 kilometres Open Water,2016-01-01,92552,52,,3357
Track and Field,Women's 100 metres Hurdles,2016-01-01,92640,136,,3358
Swimming,Swimming Women's 100 metres Breaststroke,2016-01-01,92669,53,,3359
Swimming,Swimming Women's 200 metres Breaststroke,2016-01-01,92669,53,,3360
Swimming,Swimming Women's 4 x 100 metres Medley Relay,2016-01-01,92669,53,Bronze,3361
Track and Field,Women's 400 metres Hurdles,2016-01-01,92714,92,,3362
Swimming,Swimming Women's 200 metres Freestyle,2016-01-01,92854,92,,3363
Swimming,Swimming Women's 4 x 100 metres Freestyle Relay,2016-01-01,92854,92,,3364
Swimming,Swimming Women's 4 x 200 metres Freestyle Relay,2016-01-01,92854,92,,3365
Swimming,Swimming Women's 4 x 100 metres Medley Relay,2016-01-01,92854,92,,3366
Track and Field,Men's 4 x 400 metres Relay,2016-01-01,92879,50,,3367
Track and Field,"Men's 3,000 metres Steeplechase",2016-01-01,92947,199,,3368
Track and Field,Women's Pole Vault,2016-01-01,92960,90,,3369
Swimming,Swimming Men's 200 metres Butterfly,2016-01-01,93126,173,,3370
Track and Field,Women's Marathon,2016-01-01,93132,8,,3371
Swimming,Swimming Men's 4 x 200 metres Freestyle Relay,2016-01-01,93178,26,,3372
Swimming,Swimming Men's 200 metres Individual Medley,2016-01-01,93218,26,,3373
Gymnastics,Gymnastics Women's Individual All-Around,2016-01-01,93269,173,,3374
Gymnastics,Gymnastics Women's Floor Exercise,2016-01-01,93269,173,,3375
Gymnastics,Gymnastics Women's Uneven Bars,2016-01-01,93269,173,,3376
Gymnastics,Gymnastics Women's Balance Beam,2016-01-01,93269,173,,3377
Swimming,Swimming Men's 100 metres Freestyle,2016-01-01,93332,56,,3378
Track and Field,Women's Marathon,2016-01-01,93367,120,,3379
Swimming,Swimming Women's 10 kilometres Open Water,2016-01-01,93385,199,,3380
Track and Field,Women's 20 kilometres Walk,2016-01-01,93386,57,,3381
Track and Field,Men's Marathon,2016-01-01,93395,50,,3382
Track and Field,Women's Discus Throw,2016-01-01,93411,50,,3383
Track and Field,Women's Discus Throw,2016-01-01,93475,49,Gold,3384
Track and Field,Men's 4 x 400 metres Relay,2016-01-01,93481,42,,3385
Swimming,Swimming Women's 10 kilometres Open Water,2016-01-01,93608,167,,3386
Swimming,Swimming Men's 100 metres Breaststroke,2016-01-01,93635,178,,3387
Swimming,Swimming Men's 200 metres Breaststroke,2016-01-01,93635,178,,3388
Track and Field,Men's Marathon,2016-01-01,93678,92,,3389
Track and Field,Women's Marathon,2016-01-01,93691,124,,3390
Track and Field,Women's 100 metres Hurdles,2016-01-01,93731,74,,3391
Track and Field,Women's 100 metres,2016-01-01,93741,185,,3392
Swimming,Swimming Men's 200 metres Breaststroke,2016-01-01,94022,100,,3393
Gymnastics,Gymnastics Men's Rings,2016-01-01,94094,74,Gold,3394
Track and Field,Men's Marathon,2016-01-01,94104,198,,3395
Track and Field,Women's Triple Jump,2016-01-01,94132,29,,3396
Track and Field,Women's 800 metres,2016-01-01,94270,131,,3397
Track and Field,Men's Shot Put,2016-01-01,94316,24,,3398
Swimming,Swimming Women's 4 x 100 metres Freestyle Relay,2016-01-01,94322,92,,3399
Track and Field,Men's Marathon,2016-01-01,94370,71,,3400
Track and Field,Women's Marathon,2016-01-01,94380,170,,3401
Gymnastics,Gymnastics Men's Parallel Bars,2016-01-01,94381,200,,3402
Gymnastics,Gymnastics Women's Horse Vault,2016-01-01,94390,200,,3403
Gymnastics,Gymnastics Women's Balance Beam,2016-01-01,94390,200,,3404
Swimming,Swimming Women's 100 metres Breaststroke,2016-01-01,94398,113,,3405
Swimming,Swimming Men's 4 x 100 metres Freestyle Relay,2016-01-01,94406,195,Gold,3406
Swimming,Swimming Men's 4 x 200 metres Freestyle Relay,2016-01-01,94406,195,Gold,3407
Swimming,Swimming Men's 100 metres Butterfly,2016-01-01,94406,195,Silver,3408
Swimming,Swimming Men's 200 metres Butterfly,2016-01-01,94406,195,Gold,3409
Swimming,Swimming Men's 200 metres Individual Medley,2016-01-01,94406,195,Gold,3410
Swimming,Swimming Men's 4 x 100 metres Medley Relay,2016-01-01,94406,195,Gold,3411
Track and Field,"Men's 1,500 metres",2016-01-01,94424,34,,3412
Track and Field,Women's 100 metres,2016-01-01,94426,73,,3413
Track and Field,Women's 4 x 100 metres Relay,2016-01-01,94426,73,Bronze,3414
Swimming,Swimming Women's 50 metres Freestyle,2016-01-01,94449,27,,3415
Track and Field,Men's 100 metres,2016-01-01,94512,202,,3416
Track and Field,Women's 100 metres,2016-01-01,94524,101,,3417
Swimming,Swimming Women's 200 metres Individual Medley,2016-01-01,94638,34,,3418
Swimming,Swimming Women's 400 metres Individual Medley,2016-01-01,94638,34,,3419
Track and Field,Men's Marathon,2016-01-01,94664,57,,3420
Track and Field,Women's 800 metres,2016-01-01,94703,151,,3421
Track and Field,"Women's 1,500 metres",2016-01-01,94703,151,,3422
Swimming,Swimming Men's 4 x 100 metres Freestyle Relay,2016-01-01,94713,195,Gold,3423
Track and Field,Men's 4 x 400 metres Relay,2016-01-01,94776,146,,3424
Swimming,Swimming Women's 4 x 100 metres Medley Relay,2016-01-01,94837,66,,3425
Track and Field,Women's 100 metres Hurdles,2016-01-01,94870,96,,3426
Track and Field,Men's 200 metres,2016-01-01,94941,14,,3427
Track and Field,Women's Marathon,2016-01-01,94965,199,,3428
Swimming,Swimming Men's 100 metres Butterfly,2016-01-01,94991,142,,3429
Track and Field,Men's 200 metres,2016-01-01,94992,142,,3430
Swimming,Swimming Men's 400 metres Individual Medley,2016-01-01,95013,6,,3431
Track and Field,Men's 20 kilometres Walk,2016-01-01,95022,57,,3432
Swimming,Swimming Women's 4 x 200 metres Freestyle Relay,2016-01-01,95024,167,,3433
Swimming,Swimming Women's 50 metres Freestyle,2016-01-01,95042,112,,3434
Swimming,Swimming Women's 400 metres Freestyle,2016-01-01,95044,199,,3435
Swimming,Swimming Women's 800 metres Freestyle,2016-01-01,95044,199,,3436
Swimming,Swimming Women's 200 metres Butterfly,2016-01-01,95044,199,,3437
Track and Field,Women's 100 metres,2016-01-01,95060,71,,3438
Track and Field,Women's 4 x 100 metres Relay,2016-01-01,95060,71,,3439
Swimming,Swimming Men's 200 metres Backstroke,2016-01-01,95072,42,,3440
Swimming,Swimming Women's 200 metres Butterfly,2016-01-01,95169,92,,3441
Track and Field,Men's Javelin Throw,2016-01-01,95232,66,,3442
Swimming,Swimming Men's 200 metres Breaststroke,2016-01-01,95296,92,,3443
Track and Field,Women's Pole Vault,2016-01-01,95351,148,,3444
Track and Field,Women's 100 metres Hurdles,2016-01-01,95495,193,,3445
Track and Field,Men's Triple Jump,2016-01-01,95501,18,,3446
Track and Field,Women's Pole Vault,2016-01-01,95515,130,,3447
Swimming,Swimming Men's 100 metres Backstroke,2016-01-01,95532,195,Bronze,3448
Swimming,Swimming Men's 4 x 100 metres Medley Relay,2016-01-01,95532,195,Gold,3449
Track and Field,Men's 20 kilometres Walk,2016-01-01,95694,71,,3450
Track and Field,Men's 50 kilometres Walk,2016-01-01,95694,71,,3451
Track and Field,Women's 100 metres,2016-01-01,95704,193,,3452
Track and Field,Women's 200 metres,2016-01-01,95704,193,,3453
Track and Field,Women's 4 x 100 metres Relay,2016-01-01,95704,193,,3454
Swimming,Swimming Men's 100 metres Backstroke,2016-01-01,95809,146,,3455
Swimming,Swimming Women's 200 metres Butterfly,2016-01-01,95830,92,,3456
Track and Field,Women's Marathon,2016-01-01,95852,100,,3457
Track and Field,Men's Marathon,2016-01-01,95908,90,,3458
Track and Field,Women's 20 kilometres Walk,2016-01-01,96016,77,,3459
Gymnastics,Gymnastics Women's Floor Exercise,2016-01-01,96044,151,,3460
Gymnastics,Gymnastics Women's Balance Beam,2016-01-01,96044,151,,3461
Swimming,Swimming Men's 400 metres Individual Medley,2016-01-01,96049,173,,3462
Swimming,Swimming Women's 50 metres Freestyle,2016-01-01,96058,10,,3463
Swimming,Swimming Men's 10 kilometres Open Water,2016-01-01,96103,11,,3464
Swimming,Swimming Men's 4 x 100 metres Freestyle Relay,2016-01-01,96158,152,,3465
Track and Field,Women's 100 metres Hurdles,2016-01-01,96162,18,,3466
Swimming,Swimming Women's 100 metres Freestyle,2016-01-01,96203,152,,3467
Swimming,Swimming Women's 200 metres Freestyle,2016-01-01,96203,152,,3468
Swimming,Swimming Women's 4 x 100 metres Freestyle Relay,2016-01-01,96203,152,,3469
Swimming,Swimming Women's 4 x 200 metres Freestyle Relay,2016-01-01,96203,152,,3470
Swimming,Swimming Women's 4 x 100 metres Medley Relay,2016-01-01,96203,152,,3471
Track and Field,Women's 100 metres,2016-01-01,96227,146,,3472
Track and Field,Women's 4 x 100 metres Relay,2016-01-01,96227,146,,3473
Track and Field,Men's 110 metres Hurdles,2016-01-01,96315,195,,3474
Track and Field,Women's 100 metres Hurdles,2016-01-01,96323,73,,3475
Track and Field,Men's 110 metres Hurdles,2016-01-01,96330,50,,3476
Swimming,"Swimming Men's 1,500 metres Freestyle",2016-01-01,96437,152,,3477
Swimming,Swimming Men's 400 metres Freestyle,2016-01-01,96459,67,,3478
Swimming,Swimming Men's 4 x 200 metres Freestyle Relay,2016-01-01,96459,67,,3479
Track and Field,"Women's 10,000 metres",2016-01-01,96483,73,,3480
Swimming,Swimming Men's 100 metres Freestyle,2016-01-01,96525,32,,3481
Track and Field,Women's Discus Throw,2016-01-01,96584,67,,3482
Track and Field,Women's 4 x 400 metres Relay,2016-01-01,96597,86,,3483
Track and Field,Women's Triple Jump,2016-01-01,96603,50,,3484
Track and Field,Women's 100 metres,2016-01-01,96610,193,,3485
Track and Field,Women's 4 x 100 metres Relay,2016-01-01,96610,193,,3486
Track and Field,Men's 4 x 100 metres Relay,2016-01-01,96614,93,Gold,3487
Track and Field,Men's 110 metres Hurdles,2016-01-01,96685,73,,3488
Swimming,Swimming Men's 200 metres Butterfly,2016-01-01,96730,86,,3489
Track and Field,Women's 200 metres,2016-01-01,96737,195,,3490
Track and Field,"Women's 3,000 metres Steeplechase",2016-01-01,96785,93,,3491
Swimming,Swimming Men's 200 metres Breaststroke,2016-01-01,96858,195,Silver,3492
Swimming,Swimming Women's 50 metres Freestyle,2016-01-01,96875,186,,3493
Track and Field,Women's Hammer Throw,2016-01-01,96938,195,,3494
Swimming,Swimming Men's 100 metres Breaststroke,2016-01-01,96995,152,,3495
Track and Field,Women's Long Jump,2016-01-01,97038,170,,3496
Track and Field,Women's Long Jump,2016-01-01,97120,73,,3497
Track and Field,Men's Marathon,2016-01-01,97124,121,,3498
Track and Field,Women's 20 kilometres Walk,2016-01-01,97175,193,,3499
Track and Field,Women's 200 metres,2016-01-01,97198,181,,3500
Track and Field,Men's High Jump,2016-01-01,97229,193,,3501
Swimming,Swimming Men's 50 metres Freestyle,2016-01-01,97233,73,,3502
Swimming,Swimming Men's 100 metres Freestyle,2016-01-01,97233,73,,3503
Track and Field,Men's Marathon,2016-01-01,97301,18,,3504
Track and Field,Women's 800 metres,2016-01-01,97318,193,,3505
Track and Field,Men's High Jump,2016-01-01,97325,71,,3506
Track and Field,Women's Pole Vault,2016-01-01,97361,52,,3507
Swimming,Swimming Men's 4 x 200 metres Freestyle Relay,2016-01-01,97444,173,,3508
Track and Field,Men's Pole Vault,2016-01-01,97458,102,,3509
Swimming,Swimming Men's 100 metres Butterfly,2016-01-01,97481,84,,3510
Swimming,Swimming Men's 4 x 100 metres Medley Relay,2016-01-01,97481,84,,3511
Track and Field,Men's Triple Jump,2016-01-01,97509,93,,3512
Track and Field,Women's 20 kilometres Walk,2016-01-01,97536,86,,3513
Track and Field,Women's 400 metres,2016-01-01,97643,166,,3514
Track and Field,Men's 4 x 400 metres Relay,2016-01-01,97647,86,,3515
Track and Field,"Women's 3,000 metres Steeplechase",2016-01-01,97683,18,,3516
Swimming,Swimming Men's 100 metres Butterfly,2016-01-01,97735,87,,3517
Track and Field,Women's 20 kilometres Walk,2016-01-01,97767,40,,3518
Swimming,Swimming Men's 400 metres Freestyle,2016-01-01,97787,40,,3519
Swimming,"Swimming Men's 1,500 metres Freestyle",2016-01-01,97787,40,,3520
Swimming,Swimming Women's 100 metres Butterfly,2016-01-01,97809,165,,3521
Swimming,Swimming Men's 100 metres Backstroke,2016-01-01,97810,165,,3522
Swimming,Swimming Men's 100 metres Butterfly,2016-01-01,97810,165,,3523
Swimming,Swimming Men's 200 metres Butterfly,2016-01-01,97810,165,,3524
Track and Field,"Women's 3,000 metres Steeplechase",2016-01-01,97895,195,,3525
Track and Field,Women's 100 metres Hurdles,2016-01-01,97914,148,,3526
Swimming,Swimming Men's 100 metres Breaststroke,2016-01-01,97919,90,,3527
Swimming,Swimming Men's 200 metres Breaststroke,2016-01-01,97919,90,,3528
Swimming,Swimming Men's 50 metres Freestyle,2016-01-01,97951,23,,3529
Swimming,Swimming Men's 50 metres Freestyle,2016-01-01,97958,199,,3530
Swimming,Swimming Men's 100 metres Freestyle,2016-01-01,97958,199,,3531
Swimming,Swimming Men's 200 metres Freestyle,2016-01-01,97958,199,,3532
Swimming,Swimming Men's 400 metres Freestyle,2016-01-01,97958,199,,3533
Swimming,Swimming Women's 400 metres Freestyle,2016-01-01,97968,59,,3534
Track and Field,Men's 50 kilometres Walk,2016-01-01,97994,23,,3535
Track and Field,Women's Marathon,2016-01-01,97995,23,,3536
Track and Field,Men's 50 kilometres Walk,2016-01-01,98004,77,,3537
Swimming,Swimming Women's 100 metres Freestyle,2016-01-01,98053,111,,3538
Track and Field,Men's 50 kilometres Walk,2016-01-01,98096,84,,3539
Swimming,Swimming Men's 10 kilometres Open Water,2016-01-01,98142,131,,3540
Gymnastics,Gymnastics Men's Team All-Around,2016-01-01,98155,193,,3541
Gymnastics,Gymnastics Men's Floor Exercise,2016-01-01,98155,193,,3542
Gymnastics,Gymnastics Men's Horse Vault,2016-01-01,98155,193,,3543
Gymnastics,Gymnastics Men's Horizontal Bar,2016-01-01,98155,193,,3544
Gymnastics,Gymnastics Men's Rings,2016-01-01,98155,193,,3545
Swimming,Swimming Men's 100 metres Freestyle,2016-01-01,98219,151,,3546
Swimming,Swimming Men's 4 x 100 metres Freestyle Relay,2016-01-01,98219,151,,3547
Track and Field,Women's High Jump,2016-01-01,98244,198,,3548
Track and Field,"Men's 1,500 metres",2016-01-01,98301,201,,3549
Swimming,Swimming Women's 100 metres Backstroke,2016-01-01,98334,174,,3550
Swimming,Swimming Men's 50 metres Freestyle,2016-01-01,98365,16,,3551
Track and Field,Men's 400 metres Hurdles,2016-01-01,98376,3,,3552
Gymnastics,Gymnastics Women's Individual All-Around,2016-01-01,98437,195,Silver,3553
Gymnastics,Gymnastics Women's Team All-Around,2016-01-01,98437,195,Gold,3554
Gymnastics,Gymnastics Women's Floor Exercise,2016-01-01,98437,195,Silver,3555
Gymnastics,Gymnastics Women's Uneven Bars,2016-01-01,98437,195,,3556
Gymnastics,Gymnastics Women's Balance Beam,2016-01-01,98437,195,,3557
Track and Field,Women's Shot Put,2016-01-01,98451,89,,3558
Track and Field,Women's Marathon,2016-01-01,98463,174,,3559
Track and Field,Men's 4 x 400 metres Relay,2016-01-01,98476,86,,3560
Track and Field,Women's 4 x 100 metres Relay,2016-01-01,98499,96,,3561
Swimming,Swimming Men's 100 metres Butterfly,2016-01-01,98535,111,,3562
Track and Field,Men's Marathon,2016-01-01,98548,86,,3563
Track and Field,Women's Marathon,2016-01-01,98573,182,,3564
Track and Field,Men's 4 x 400 metres Relay,2016-01-01,98635,199,,3565
Track and Field,Men's Marathon,2016-01-01,98690,104,,3566
Track and Field,Women's Marathon,2016-01-01,98703,148,,3567
Track and Field,Men's Marathon,2016-01-01,98735,120,,3568
Track and Field,Men's Javelin Throw,2016-01-01,98804,174,,3569
Swimming,Swimming Women's 100 metres Freestyle,2016-01-01,98864,29,,3570
Swimming,Swimming Women's 200 metres Freestyle,2016-01-01,98864,29,,3571
Swimming,Swimming Men's 400 metres Freestyle,2016-01-01,98933,71,,3572
Swimming,Swimming Men's 4 x 200 metres Freestyle Relay,2016-01-01,98933,71,,3573
Swimming,Swimming Men's 100 metres Backstroke,2016-01-01,98937,108,,3574
Swimming,Swimming Men's 200 metres Backstroke,2016-01-01,98937,108,,3575
Swimming,Swimming Men's 4 x 100 metres Medley Relay,2016-01-01,98937,108,,3576
Swimming,"Swimming Men's 1,500 metres Freestyle",2016-01-01,99057,84,,3577
Track and Field,Women's Javelin Throw,2016-01-01,99091,167,,3578
Track and Field,Women's Heptathlon,2016-01-01,99094,71,,3579
Track and Field,Men's 20 kilometres Walk,2016-01-01,99280,77,,3580
Track and Field,Women's 400 metres,2016-01-01,99325,151,,3581
Track and Field,Women's 4 x 400 metres Relay,2016-01-01,99325,151,,3582
Track and Field,Men's 50 kilometres Walk,2016-01-01,99361,11,,3583
Track and Field,Women's 20 kilometres Walk,2016-01-01,99444,84,,3584
Track and Field,Women's Long Jump,2016-01-01,99538,195,Silver,3585
Track and Field,"Women's 3,000 metres Steeplechase",2016-01-01,99616,71,,3586
Swimming,Swimming Men's 10 kilometres Open Water,2016-01-01,99671,71,,3587
Swimming,Swimming Men's 100 metres Backstroke,2016-01-01,99690,170,,3588
Swimming,Swimming Men's 4 x 100 metres Medley Relay,2016-01-01,99690,170,,3589
Swimming,Swimming Women's 100 metres Freestyle,2016-01-01,99889,197,,3590
Track and Field,Women's Marathon,2016-01-01,99907,74,,3591
Track and Field,Women's Pole Vault,2016-01-01,99922,40,,3592
Track and Field,Men's 50 kilometres Walk,2016-01-01,99966,42,,3593
Track and Field,Men's 4 x 100 metres Relay,2016-01-01,99972,67,,3594
Track and Field,Men's Pole Vault,2016-01-01,99995,167,,3595
Track and Field,Women's Marathon,2016-01-01,100008,19,,3596
Swimming,Swimming Women's 100 metres Breaststroke,2016-01-01,100018,73,,3597
Swimming,Swimming Women's 200 metres Breaststroke,2016-01-01,100018,73,,3598
Swimming,Swimming Men's 4 x 200 metres Freestyle Relay,2016-01-01,100032,73,Silver,3599
Track and Field,Men's 800 metres,2016-01-01,100045,166,,3600
Track and Field,Women's 20 kilometres Walk,2016-01-01,100047,96,,3601
Track and Field,Men's 100 metres,2016-01-01,100140,71,,3602
Track and Field,Men's 200 metres,2016-01-01,100140,71,,3603
Track and Field,Men's 4 x 100 metres Relay,2016-01-01,100140,71,,3604
Track and Field,Women's 100 metres Hurdles,2016-01-01,100143,179,,3605
Track and Field,Men's Triple Jump,2016-01-01,100161,50,,3606
Swimming,Swimming Men's 400 metres Freestyle,2016-01-01,100174,70,,3607
Track and Field,Men's 20 kilometres Walk,2016-01-01,100181,131,,3608
Track and Field,Men's 50 kilometres Walk,2016-01-01,100181,131,,3609
Gymnastics,Gymnastics Men's Horse Vault,2016-01-01,100351,135,Gold,3610
Swimming,Swimming Women's 200 metres Breaststroke,2016-01-01,100374,102,,3611
Track and Field,Men's Marathon,2016-01-01,100379,147,,3612
Track and Field,Men's Shot Put,2016-01-01,100501,93,,3613
Track and Field,Men's 50 kilometres Walk,2016-01-01,100735,26,,3614
Track and Field,Women's 4 x 100 metres Relay,2016-01-01,100741,193,,3615
Track and Field,Women's Marathon,2016-01-01,100777,74,,3616
Track and Field,Women's 20 kilometres Walk,2016-01-01,100784,92,,3617
Gymnastics,Gymnastics Men's Individual All-Around,2016-01-01,100836,130,,3618
Gymnastics,Gymnastics Men's Team All-Around,2016-01-01,100836,130,,3619
Gymnastics,Gymnastics Men's Floor Exercise,2016-01-01,100836,130,,3620
Gymnastics,Gymnastics Men's Parallel Bars,2016-01-01,100836,130,,3621
Gymnastics,Gymnastics Men's Horizontal Bar,2016-01-01,100836,130,,3622
Gymnastics,Gymnastics Men's Rings,2016-01-01,100836,130,,3623
Gymnastics,Gymnastics Men's Pommelled Horse,2016-01-01,100836,130,,3624
Track and Field,Men's 110 metres Hurdles,2016-01-01,100853,93,,3625
Track and Field,"Men's 5,000 metres",2016-01-01,100876,129,,3626
Track and Field,Men's 800 metres,2016-01-01,100883,73,,3627
Track and Field,"Men's 5,000 metres",2016-01-01,100913,71,,3628
Track and Field,Men's 800 metres,2016-01-01,101004,11,,3629
Track and Field,Men's 110 metres Hurdles,2016-01-01,101033,162,,3630
Track and Field,Men's Marathon,2016-01-01,101035,162,,3631
Swimming,Swimming Women's 800 metres Freestyle,2016-01-01,101041,84,,3632
Swimming,Swimming Women's 10 kilometres Open Water,2016-01-01,101041,84,,3633
Track and Field,Men's 110 metres Hurdles,2016-01-01,101114,42,,3634
Track and Field,Men's High Jump,2016-01-01,101120,120,,3635
Track and Field,Women's 100 metres,2016-01-01,101123,42,,3636
Swimming,Swimming Women's 100 metres Freestyle,2016-01-01,101158,143,,3637
Swimming,Swimming Men's 100 metres Butterfly,2016-01-01,101178,92,,3638
Gymnastics,Gymnastics Women's Team All-Around,2016-01-01,101196,92,,3639
Gymnastics,Gymnastics Women's Uneven Bars,2016-01-01,101196,92,,3640
Track and Field,Women's Discus Throw,2016-01-01,101273,67,Silver,3641
Track and Field,Men's 400 metres,2016-01-01,101292,195,,3642
Track and Field,Men's 4 x 400 metres Relay,2016-01-01,101292,195,Gold,3643
Swimming,Swimming Men's 4 x 100 metres Freestyle Relay,2016-01-01,101298,11,Bronze,3644
Track and Field,Women's Javelin Throw,2016-01-01,101308,11,,3645
Swimming,Swimming Women's 50 metres Freestyle,2016-01-01,101322,7,,3646
Swimming,"Swimming Men's 1,500 metres Freestyle",2016-01-01,101332,46,,3647
Track and Field,Men's High Jump,2016-01-01,101381,195,,3648
Track and Field,"Men's 10,000 metres",2016-01-01,101388,131,,3649
Track and Field,"Men's 5,000 metres",2016-01-01,101419,11,,3650
Track and Field,Men's 400 metres Hurdles,2016-01-01,101421,195,,3651
Swimming,Swimming Women's 800 metres Freestyle,2016-01-01,101435,131,,3652
Track and Field,Men's Javelin Throw,2016-01-01,101452,11,,3653
Track and Field,"Women's 10,000 metres",2016-01-01,101531,147,,3654
Track and Field,Men's Marathon,2016-01-01,101540,26,,3655
Track and Field,Women's 20 kilometres Walk,2016-01-01,101608,151,,3656
Track and Field,Men's 400 metres Hurdles,2016-01-01,101628,73,,3657
Track and Field,Men's 4 x 100 metres Relay,2016-01-01,101632,195,,3658
Track and Field,Men's 200 metres,2016-01-01,101660,34,,3659
Track and Field,Men's 4 x 100 metres Relay,2016-01-01,101660,34,Bronze,3660
Gymnastics,Gymnastics Men's Team All-Around,2016-01-01,101678,67,,3661
Gymnastics,Gymnastics Men's Parallel Bars,2016-01-01,101678,67,,3662
Gymnastics,Gymnastics Men's Horizontal Bar,2016-01-01,101678,67,,3663
Gymnastics,Gymnastics Men's Rings,2016-01-01,101678,67,,3664
Gymnastics,Gymnastics Men's Pommelled Horse,2016-01-01,101678,67,,3665
Swimming,Swimming Men's 200 metres Individual Medley,2016-01-01,101680,26,,3666
Track and Field,Women's 800 metres,2016-01-01,101734,197,,3667
Track and Field,"Men's 1,500 metres",2016-01-01,101747,132,,3668
Track and Field,Men's 20 kilometres Walk,2016-01-01,101815,23,,3669
Track and Field,Men's 800 metres,2016-01-01,101841,42,,3670
Track and Field,Women's Hammer Throw,2016-01-01,101850,199,,3671
Track and Field,Women's Heptathlon,2016-01-01,101863,50,,3672
Gymnastics,Gymnastics Women's Team All-Around,2016-01-01,101945,34,,3673
Gymnastics,Gymnastics Women's Horse Vault,2016-01-01,101945,34,,3674
Gymnastics,Gymnastics Women's Uneven Bars,2016-01-01,101945,34,,3675
Gymnastics,Gymnastics Women's Balance Beam,2016-01-01,101945,34,,3676
Track and Field,Men's 4 x 100 metres Relay,2016-01-01,101954,154,,3677
Track and Field,Men's Marathon,2016-01-01,101997,18,,3678
Track and Field,Men's Javelin Throw,2016-01-01,102024,71,Gold,3679
Track and Field,Women's Triple Jump,2016-01-01,102089,199,Silver,3680
Track and Field,Women's 100 metres Hurdles,2016-01-01,102132,71,,3681
Track and Field,Men's 100 metres,2016-01-01,102165,14,,3682
Track and Field,Women's 100 metres Hurdles,2016-01-01,102175,195,Gold,3683
Track and Field,Women's Pole Vault,2016-01-01,102182,71,,3684
Swimming,"Swimming Men's 1,500 metres Freestyle",2016-01-01,102220,193,,3685
Track and Field,Men's Shot Put,2016-01-01,102230,26,,3686
Track and Field,Men's 800 metres,2016-01-01,102237,34,,3687
Swimming,Swimming Women's 100 metres Breaststroke,2016-01-01,102238,62,,3688
Track and Field,Women's 400 metres Hurdles,2016-01-01,102258,96,,3689
Track and Field,"Women's 10,000 metres",2016-01-01,102329,120,,3690
Track and Field,Women's Marathon,2016-01-01,102330,39,,3691
Swimming,Swimming Women's 4 x 200 metres Freestyle Relay,2016-01-01,102388,26,,3692
Track and Field,Men's 400 metres,2016-01-01,102439,73,,3693
Track and Field,Men's 4 x 400 metres Relay,2016-01-01,102439,73,,3694
Track and Field,"Men's 5,000 metres",2016-01-01,102463,15,,3695
Track and Field,Women's 200 metres,2016-01-01,102505,26,,3696
Track and Field,Men's Discus Throw,2016-01-01,102546,157,,3697
Track and Field,Men's High Jump,2016-01-01,102749,158,,3698
Track and Field,Women's High Jump,2016-01-01,102781,92,,3699
Track and Field,Women's Long Jump,2016-01-01,102828,151,,3700
Track and Field,Men's 800 metres,2016-01-01,102886,15,,3701
Track and Field,Men's 800 metres,2016-01-01,102888,97,,3702
Track and Field,"Women's 3,000 metres Steeplechase",2016-01-01,102890,97,,3703
Swimming,Swimming Men's 4 x 200 metres Freestyle Relay,2016-01-01,102980,170,,3704
Swimming,Swimming Men's 200 metres Butterfly,2016-01-01,102980,170,,3705
Swimming,Swimming Men's 400 metres Individual Medley,2016-01-01,102980,170,,3706
Track and Field,"Women's 1,500 metres",2016-01-01,103025,195,,3707
Track and Field,Men's 800 metres,2016-01-01,103085,170,,3708
Track and Field,Women's 400 metres,2016-01-01,103188,11,,3709
Track and Field,Women's 4 x 400 metres Relay,2016-01-01,103188,11,,3710
Swimming,Swimming Women's 4 x 100 metres Freestyle Relay,2016-01-01,103225,34,Bronze,3711
Swimming,Swimming Women's 4 x 200 metres Freestyle Relay,2016-01-01,103225,34,Bronze,3712
Swimming,Swimming Women's 4 x 100 metres Medley Relay,2016-01-01,103225,34,,3713
Swimming,Swimming Women's 100 metres Backstroke,2016-01-01,103265,96,,3714
Track and Field,Men's 800 metres,2016-01-01,103274,97,Gold,3715
Track and Field,Men's 800 metres,2016-01-01,103288,167,,3716
Swimming,Swimming Women's 50 metres Freestyle,2016-01-01,103328,25,,3717
Swimming,Swimming Men's 10 kilometres Open Water,2016-01-01,103342,92,,3718
Track and Field,Men's Marathon,2016-01-01,103379,42,,3719
Track and Field,Men's 4 x 100 metres Relay,2016-01-01,103386,50,,3720
Track and Field,Women's Javelin Throw,2016-01-01,103394,42,,3721
Track and Field,Men's 50 kilometres Walk,2016-01-01,103408,42,,3722
Track and Field,Men's 50 kilometres Walk,2016-01-01,103460,102,,3723
Swimming,Swimming Women's 4 x 200 metres Freestyle Relay,2016-01-01,103490,195,Gold,3724
Track and Field,"Men's 10,000 metres",2016-01-01,103528,195,,3725
Track and Field,Men's Marathon,2016-01-01,103528,195,Bronze,3726
Track and Field,Men's Marathon,2016-01-01,103592,193,,3727
Track and Field,Men's 400 metres,2016-01-01,103597,14,,3728
Track and Field,Men's 4 x 400 metres Relay,2016-01-01,103597,14,Bronze,3729
Track and Field,Women's 400 metres Hurdles,2016-01-01,103616,93,,3730
Track and Field,Men's 4 x 400 metres Relay,2016-01-01,103640,26,,3731
Track and Field,Men's Long Jump,2016-01-01,103686,73,Bronze,3732
Track and Field,Men's 100 metres,2016-01-01,103720,98,,3733
Track and Field,Men's Javelin Throw,2016-01-01,103723,66,,3734
Track and Field,Women's 200 metres,2016-01-01,103760,190,,3735
Swimming,Swimming Men's 10 kilometres Open Water,2016-01-01,103801,195,,3736
Swimming,Swimming Men's 50 metres Freestyle,2016-01-01,103802,90,,3737
Swimming,Swimming Men's 100 metres Freestyle,2016-01-01,103802,90,,3738
Swimming,Swimming Men's 100 metres Backstroke,2016-01-01,103802,90,,3739
Swimming,Swimming Men's 100 metres Backstroke,2016-01-01,103877,152,,3740
Swimming,Swimming Men's 200 metres Backstroke,2016-01-01,103877,152,Bronze,3741
Swimming,Swimming Men's 4 x 100 metres Medley Relay,2016-01-01,103877,152,,3742
Track and Field,Women's Triple Jump,2016-01-01,103888,96,Bronze,3743
Track and Field,Women's Pole Vault,2016-01-01,103927,71,,3744
Track and Field,Men's Marathon,2016-01-01,103943,188,,3745
Track and Field,Men's 100 metres,2016-01-01,103958,114,,3746
Swimming,Swimming Men's 100 metres Backstroke,2016-01-01,104028,92,,3747
Swimming,Swimming Men's 4 x 100 metres Medley Relay,2016-01-01,104028,92,,3748
Track and Field,Women's Heptathlon,2016-01-01,104130,62,,3749
Track and Field,Men's Marathon,2016-01-01,104135,3,,3750
Track and Field,"Women's 1,500 metres",2016-01-01,104155,63,,3751
Swimming,Swimming Men's 100 metres Butterfly,2016-01-01,104160,152,,3752
Swimming,Swimming Men's 4 x 100 metres Medley Relay,2016-01-01,104160,152,,3753
Track and Field,"Women's 10,000 metres",2016-01-01,104176,194,,3754
Track and Field,Men's 4 x 100 metres Relay,2016-01-01,104222,189,,3755
Track and Field,Men's 100 metres,2016-01-01,104231,72,,3756
Track and Field,Women's Hammer Throw,2016-01-01,104239,52,,3757
Track and Field,Women's Long Jump,2016-01-01,104290,178,,3758
Swimming,Swimming Men's 50 metres Freestyle,2016-01-01,104322,3,,3759
Swimming,Swimming Men's 100 metres Freestyle,2016-01-01,104322,3,,3760
Track and Field,"Women's 3,000 metres Steeplechase",2016-01-01,104323,111,,3761
Track and Field,Women's Hammer Throw,2016-01-01,104330,189,,3762
Track and Field,Men's 200 metres,2016-01-01,104360,136,,3763
Track and Field,"Women's 10,000 metres",2016-01-01,104382,97,,3764
Swimming,Swimming Men's 200 metres Butterfly,2016-01-01,104486,94,Silver,3765
Swimming,Swimming Women's 100 metres Backstroke,2016-01-01,104487,94,,3766
Swimming,Swimming Women's 200 metres Backstroke,2016-01-01,104487,94,,3767
Swimming,Swimming Women's 4 x 100 metres Medley Relay,2016-01-01,104487,94,,3768
Track and Field,Women's Triple Jump,2016-01-01,104588,193,,3769
Track and Field,Women's 400 metres,2016-01-01,104641,162,,3770
Track and Field,Men's 20 kilometres Walk,2016-01-01,104656,120,,3771
Track and Field,Men's 50 kilometres Walk,2016-01-01,104663,199,,3772
Track and Field,Men's Decathlon,2016-01-01,104884,62,,3773
Track and Field,Men's Long Jump,2016-01-01,104929,170,,3774
Swimming,Swimming Women's 100 metres Backstroke,2016-01-01,104947,49,,3775
Swimming,Swimming Women's 200 metres Backstroke,2016-01-01,104947,49,,3776
Swimming,Swimming Women's 400 metres Individual Medley,2016-01-01,104947,49,,3777
Swimming,Swimming Women's 50 metres Freestyle,2016-01-01,104952,115,,3778
Swimming,Swimming Men's 100 metres Breaststroke,2016-01-01,104982,74,,3779
Swimming,Swimming Men's 200 metres Breaststroke,2016-01-01,104982,74,,3780
Swimming,Swimming Men's 4 x 100 metres Medley Relay,2016-01-01,104982,74,,3781
Track and Field,Men's Discus Throw,2016-01-01,104985,89,,3782
Track and Field,Men's 400 metres,2016-01-01,105024,97,,3783
Track and Field,Women's 200 metres,2016-01-01,105056,130,,3784
Track and Field,Women's 4 x 100 metres Relay,2016-01-01,105056,130,,3785
Track and Field,Women's Discus Throw,2016-01-01,105060,11,,3786
Track and Field,Women's Marathon,2016-01-01,105064,73,,3787
Swimming,"Swimming Men's 1,500 metres Freestyle",2016-01-01,105209,173,,3788
Swimming,Swimming Men's 4 x 200 metres Freestyle Relay,2016-01-01,105209,173,,3789
Track and Field,Women's 20 kilometres Walk,2016-01-01,105215,120,,3790
Track and Field,Women's 200 metres,2016-01-01,105217,56,,3791
Swimming,Swimming Men's 200 metres Freestyle,2016-01-01,105265,121,,3792
Track and Field,Women's High Jump,2016-01-01,105289,66,,3793
Track and Field,Men's Triple Jump,2016-01-01,105393,14,,3794
Track and Field,Men's 400 metres,2016-01-01,105430,91,,3795
Swimming,Swimming Women's 50 metres Freestyle,2016-01-01,105444,44,,3796
Swimming,Swimming Men's 100 metres Butterfly,2016-01-01,105479,18,,3797
Swimming,Swimming Women's 50 metres Freestyle,2016-01-01,105485,80,,3798
Swimming,Swimming Women's 50 metres Freestyle,2016-01-01,105535,67,,3799
Swimming,Swimming Women's 4 x 100 metres Freestyle Relay,2016-01-01,105535,67,,3800
Track and Field,Women's Marathon,2016-01-01,105546,26,,3801
Swimming,Swimming Men's 4 x 100 metres Freestyle Relay,2016-01-01,105551,26,,3802
Track and Field,Women's 800 metres,2016-01-01,105597,92,,3803
Swimming,Swimming Men's 200 metres Individual Medley,2016-01-01,105613,147,,3804
Swimming,Swimming Men's 400 metres Individual Medley,2016-01-01,105613,147,,3805
Swimming,Swimming Men's 4 x 100 metres Freestyle Relay,2016-01-01,105624,26,,3806
Track and Field,"Women's 3,000 metres Steeplechase",2016-01-01,105632,26,,3807
Track and Field,Men's 400 metres,2016-01-01,105640,56,,3808
Track and Field,Men's 4 x 400 metres Relay,2016-01-01,105640,56,,3809
Track and Field,Women's 100 metres,2016-01-01,105655,26,,3810
Track and Field,Women's 4 x 100 metres Relay,2016-01-01,105655,26,,3811
Swimming,Swimming Men's 4 x 100 metres Freestyle Relay,2016-01-01,105666,92,,3812
Track and Field,Men's 50 kilometres Walk,2016-01-01,105716,57,,3813
Gymnastics,Gymnastics Women's Individual All-Around,2016-01-01,105727,26,,3814
Gymnastics,Gymnastics Women's Team All-Around,2016-01-01,105727,26,,3815
Gymnastics,Gymnastics Women's Floor Exercise,2016-01-01,105727,26,,3816
Gymnastics,Gymnastics Women's Uneven Bars,2016-01-01,105727,26,,3817
Gymnastics,Gymnastics Women's Balance Beam,2016-01-01,105727,26,,3818
Track and Field,Women's 4 x 400 metres Relay,2016-01-01,105773,11,,3819
Track and Field,Women's Triple Jump,2016-01-01,105849,173,,3820
Track and Field,Men's Marathon,2016-01-01,105916,94,,3821
Gymnastics,Gymnastics Men's Individual All-Around,2016-01-01,105918,26,,3822
Gymnastics,Gymnastics Men's Team All-Around,2016-01-01,105918,26,,3823
Gymnastics,Gymnastics Men's Floor Exercise,2016-01-01,105918,26,,3824
Gymnastics,Gymnastics Men's Horse Vault,2016-01-01,105918,26,,3825
Gymnastics,Gymnastics Men's Parallel Bars,2016-01-01,105918,26,,3826
Gymnastics,Gymnastics Men's Horizontal Bar,2016-01-01,105918,26,,3827
Gymnastics,Gymnastics Men's Rings,2016-01-01,105918,26,,3828
Gymnastics,Gymnastics Men's Pommelled Horse,2016-01-01,105918,26,,3829
Track and Field,Women's Shot Put,2016-01-01,106138,195,,3830
Track and Field,Men's 50 kilometres Walk,2016-01-01,106187,162,,3831
Swimming,Swimming Women's 200 metres Freestyle,2016-01-01,106188,34,,3832
Swimming,Swimming Women's 4 x 200 metres Freestyle Relay,2016-01-01,106188,34,Bronze,3833
Track and Field,Men's 20 kilometres Walk,2016-01-01,106214,108,,3834
Swimming,Swimming Women's 50 metres Freestyle,2016-01-01,106310,37,,3835
Swimming,Swimming Men's 50 metres Freestyle,2016-01-01,106326,30,,3836
Track and Field,Men's Pole Vault,2016-01-01,106334,94,,3837
Swimming,"Swimming Men's 1,500 metres Freestyle",2016-01-01,106346,146,,3838
Track and Field,Women's Long Jump,2016-01-01,106354,73,,3839
Track and Field,Men's Hammer Throw,2016-01-01,106355,47,,3840
Gymnastics,Gymnastics Women's Individual All-Around,2016-01-01,106401,85,,3841
Gymnastics,Gymnastics Women's Floor Exercise,2016-01-01,106401,85,,3842
Gymnastics,Gymnastics Women's Uneven Bars,2016-01-01,106401,85,,3843
Gymnastics,Gymnastics Women's Balance Beam,2016-01-01,106401,85,,3844
Track and Field,Men's 20 kilometres Walk,2016-01-01,106420,188,,3845
Track and Field,Women's 400 metres Hurdles,2016-01-01,106494,52,,3846
Track and Field,Women's Heptathlon,2016-01-01,106542,71,,3847
Gymnastics,Gymnastics Women's Team All-Around,2016-01-01,106553,71,,3848
Gymnastics,Gymnastics Women's Floor Exercise,2016-01-01,106553,71,,3849
Gymnastics,Gymnastics Women's Balance Beam,2016-01-01,106553,71,,3850
Gymnastics,Gymnastics Women's Individual All-Around,2016-01-01,106646,71,,3851
Gymnastics,Gymnastics Women's Team All-Around,2016-01-01,106646,71,,3852
Gymnastics,Gymnastics Women's Floor Exercise,2016-01-01,106646,71,,3853
Gymnastics,Gymnastics Women's Uneven Bars,2016-01-01,106646,71,Bronze,3854
Gymnastics,Gymnastics Women's Balance Beam,2016-01-01,106646,71,,3855
Track and Field,Women's High Jump,2016-01-01,106750,155,,3856
Track and Field,Men's Pole Vault,2016-01-01,106759,71,,3857
Track and Field,Women's Marathon,2016-01-01,106770,71,,3858
Track and Field,Women's 100 metres,2016-01-01,106907,130,,3859
Track and Field,Women's 200 metres,2016-01-01,106907,130,Silver,3860
Track and Field,Women's 4 x 100 metres Relay,2016-01-01,106907,130,,3861
Track and Field,"Women's 3,000 metres Steeplechase",2016-01-01,106999,179,,3862
Swimming,Swimming Women's 4 x 200 metres Freestyle Relay,2016-01-01,107165,71,,3863
Swimming,Swimming Women's 4 x 100 metres Freestyle Relay,2016-01-01,107185,195,Silver,3864
Swimming,Swimming Women's 4 x 200 metres Freestyle Relay,2016-01-01,107185,195,Gold,3865
Swimming,Swimming Men's 100 metres Freestyle,2016-01-01,107436,165,,3866
Swimming,Swimming Men's 100 metres Butterfly,2016-01-01,107436,165,Gold,3867
Swimming,Swimming Men's 200 metres Freestyle,2016-01-01,107519,10,,3868
Track and Field,Women's 100 metres Hurdles,2016-01-01,107570,12,,3869
Swimming,Swimming Men's 100 metres Breaststroke,2016-01-01,107644,76,,3870
Swimming,Swimming Men's 200 metres Freestyle,2016-01-01,107763,157,,3871
Track and Field,Women's Shot Put,2016-01-01,107834,71,,3872
Swimming,Swimming Men's 4 x 200 metres Freestyle Relay,2016-01-01,107924,130,,3873
Track and Field,"Women's 10,000 metres",2016-01-01,107988,170,,3874
Swimming,Swimming Men's 100 metres Freestyle,2016-01-01,107993,73,,3875
Swimming,Swimming Men's 4 x 200 metres Freestyle Relay,2016-01-01,107993,73,Silver,3876
Swimming,Swimming Men's 4 x 100 metres Medley Relay,2016-01-01,107993,73,Silver,3877
Track and Field,Women's 400 metres Hurdles,2016-01-01,108023,47,,3878
Track and Field,Women's 100 metres Hurdles,2016-01-01,108080,20,,3879
Track and Field,Women's 100 metres,2016-01-01,108097,65,,3880
Track and Field,Men's Marathon,2016-01-01,108098,90,,3881
Swimming,Swimming Women's 200 metres Breaststroke,2016-01-01,108105,8,,3882
Swimming,Swimming Women's 200 metres Breaststroke,2016-01-01,108114,84,,3883
Track and Field,"Men's 3,000 metres Steeplechase",2016-01-01,108125,63,,3884
Track and Field,"Women's 5,000 metres",2016-01-01,108132,34,,3885
Track and Field,Women's 4 x 100 metres Relay,2016-01-01,108181,130,,3886
Swimming,Swimming Women's 100 metres Backstroke,2016-01-01,108198,11,,3887
Swimming,Swimming Women's 200 metres Backstroke,2016-01-01,108198,11,,3888
Swimming,Swimming Women's 4 x 100 metres Medley Relay,2016-01-01,108198,11,Silver,3889
Swimming,Swimming Women's 200 metres Freestyle,2016-01-01,108212,52,,3890
Swimming,Swimming Women's 4 x 100 metres Medley Relay,2016-01-01,108212,52,,3891
Swimming,Swimming Women's 4 x 200 metres Freestyle Relay,2016-01-01,108241,167,,3892
Swimming,Swimming Women's 50 metres Freestyle,2016-01-01,108302,21,,3893
Gymnastics,Gymnastics Women's Individual All-Around,2016-01-01,108365,71,,3894
Gymnastics,Gymnastics Women's Team All-Around,2016-01-01,108365,71,,3895
Gymnastics,Gymnastics Women's Floor Exercise,2016-01-01,108365,71,,3896
Gymnastics,Gymnastics Women's Uneven Bars,2016-01-01,108365,71,,3897
Gymnastics,Gymnastics Women's Balance Beam,2016-01-01,108365,71,,3898
Track and Field,"Women's 10,000 metres",2016-01-01,108400,94,,3899
Track and Field,Women's 800 metres,2016-01-01,108486,104,,3900
Swimming,Swimming Women's 200 metres Individual Medley,2016-01-01,108493,34,,3901
Track and Field,Men's Discus Throw,2016-01-01,108528,193,,3902
Track and Field,Women's 800 metres,2016-01-01,108532,170,Gold,3903
Gymnastics,Gymnastics Men's Individual All-Around,2016-01-01,108544,193,,3904
Gymnastics,Gymnastics Men's Team All-Around,2016-01-01,108544,193,,3905
Gymnastics,Gymnastics Men's Floor Exercise,2016-01-01,108544,193,,3906
Gymnastics,Gymnastics Men's Parallel Bars,2016-01-01,108544,193,,3907
Gymnastics,Gymnastics Men's Horizontal Bar,2016-01-01,108544,193,,3908
Gymnastics,Gymnastics Men's Rings,2016-01-01,108544,193,,3909
Gymnastics,Gymnastics Men's Pommelled Horse,2016-01-01,108544,193,,3910
Swimming,Swimming Women's 100 metres Breaststroke,2016-01-01,108585,190,,3911
Track and Field,Women's Discus Throw,2016-01-01,108600,108,,3912
Track and Field,Women's Hammer Throw,2016-01-01,108601,161,,3913
Swimming,Swimming Women's 4 x 100 metres Medley Relay,2016-01-01,108745,66,,3914
Track and Field,"Women's 3,000 metres Steeplechase",2016-01-01,108811,18,,3915
Track and Field,Women's Long Jump,2016-01-01,108811,18,,3916
Swimming,Swimming Men's 200 metres Butterfly,2016-01-01,108960,94,,3917
Swimming,Swimming Men's 400 metres Individual Medley,2016-01-01,108960,94,Bronze,3918
Track and Field,"Men's 1,500 metres",2016-01-01,108968,15,,3919
Track and Field,"Women's 1,500 metres",2016-01-01,109011,63,,3920
Track and Field,Women's 100 metres Hurdles,2016-01-01,109031,14,,3921
Track and Field,Men's 400 metres Hurdles,2016-01-01,109053,188,,3922
Swimming,Swimming Men's 200 metres Backstroke,2016-01-01,109082,152,,3923
Swimming,Swimming Women's 100 metres Freestyle,2016-01-01,109152,114,,3924
Track and Field,Men's Javelin Throw,2016-01-01,109171,198,,3925
Gymnastics,Gymnastics Women's Individual All-Around,2016-01-01,109218,40,,3926
Gymnastics,Gymnastics Women's Team All-Around,2016-01-01,109218,40,Bronze,3927
Gymnastics,Gymnastics Women's Floor Exercise,2016-01-01,109218,40,,3928
Gymnastics,Gymnastics Women's Uneven Bars,2016-01-01,109218,40,,3929
Gymnastics,Gymnastics Women's Balance Beam,2016-01-01,109218,40,,3930
Swimming,Swimming Men's 200 metres Freestyle,2016-01-01,109219,40,,3931
Track and Field,Men's 20 kilometres Walk,2016-01-01,109221,170,,3932
Track and Field,Women's 100 metres,2016-01-01,109286,198,,3933
Track and Field,Women's 200 metres,2016-01-01,109286,198,,3934
Track and Field,Men's Long Jump,2016-01-01,109295,86,,3935
Track and Field,Women's Long Jump,2016-01-01,109309,9,,3936
Track and Field,Women's 800 metres,2016-01-01,109318,73,,3937
Track and Field,"Women's 3,000 metres Steeplechase",2016-01-01,109344,193,,3938
Gymnastics,Gymnastics Men's Floor Exercise,2016-01-01,109346,91,,3939
Gymnastics,Gymnastics Men's Horizontal Bar,2016-01-01,109346,91,,3940
Track and Field,Men's Marathon,2016-01-01,109470,146,,3941
Track and Field,Men's Marathon,2016-01-01,109513,11,,3942
Swimming,Swimming Women's 100 metres Freestyle,2016-01-01,109533,40,,3943
Swimming,Swimming Women's 200 metres Freestyle,2016-01-01,109533,40,,3944
Swimming,Swimming Women's 4 x 100 metres Freestyle Relay,2016-01-01,109533,40,,3945
Swimming,Swimming Women's 4 x 200 metres Freestyle Relay,2016-01-01,109533,40,,3946
Swimming,Swimming Women's 4 x 100 metres Medley Relay,2016-01-01,109533,40,,3947
Track and Field,Women's 400 metres,2016-01-01,109566,86,,3948
Track and Field,Women's 4 x 400 metres Relay,2016-01-01,109566,86,,3949
Track and Field,Men's 20 kilometres Walk,2016-01-01,109664,96,,3950
Swimming,Swimming Women's 100 metres Breaststroke,2016-01-01,109676,40,,3951
Swimming,Swimming Women's 200 metres Breaststroke,2016-01-01,109676,40,Bronze,3952
Swimming,Swimming Women's 4 x 100 metres Medley Relay,2016-01-01,109676,40,,3953
Swimming,Swimming Men's 100 metres Butterfly,2016-01-01,109727,195,,3954
Swimming,Swimming Men's 200 metres Butterfly,2016-01-01,109727,195,,3955
Swimming,Swimming Men's 4 x 100 metres Medley Relay,2016-01-01,109727,195,Gold,3956
Swimming,Swimming Women's 50 metres Freestyle,2016-01-01,109744,91,,3957
Swimming,Swimming Women's 4 x 100 metres Freestyle Relay,2016-01-01,109744,91,,3958
Track and Field,Men's Marathon,2016-01-01,109757,171,,3959
Swimming,Swimming Women's 100 metres Breaststroke,2016-01-01,109788,76,,3960
Swimming,Swimming Women's 400 metres Individual Medley,2016-01-01,109790,94,,3961
Gymnastics,Gymnastics Men's Team All-Around,2016-01-01,109810,171,,3962
Gymnastics,Gymnastics Men's Floor Exercise,2016-01-01,109810,171,,3963
Gymnastics,Gymnastics Men's Parallel Bars,2016-01-01,109810,171,,3964
Gymnastics,Gymnastics Men's Pommelled Horse,2016-01-01,109810,171,,3965
Track and Field,"Men's 3,000 metres Steeplechase",2016-01-01,109850,94,,3966
Swimming,Swimming Men's 50 metres Freestyle,2016-01-01,109854,94,,3967
Swimming,Swimming Men's 100 metres Freestyle,2016-01-01,109854,94,,3968
Swimming,Swimming Men's 4 x 100 metres Freestyle Relay,2016-01-01,109854,94,,3969
Gymnastics,Gymnastics Men's Team All-Around,2016-01-01,109869,94,Gold,3970
Gymnastics,Gymnastics Men's Floor Exercise,2016-01-01,109869,94,,3971
Gymnastics,Gymnastics Men's Horse Vault,2016-01-01,109869,94,Bronze,3972
Track and Field,"Men's 10,000 metres",2016-01-01,109909,94,,3973
Track and Field,Women's 100 metres Hurdles,2016-01-01,109929,193,,3974
Swimming,"Swimming Men's 1,500 metres Freestyle",2016-01-01,110098,73,,3975
Track and Field,Men's 400 metres,2016-01-01,110138,25,,3976
Track and Field,Men's 4 x 400 metres Relay,2016-01-01,110138,25,,3977
Track and Field,"Women's 3,000 metres Steeplechase",2016-01-01,110193,125,,3978
Swimming,Swimming Men's 100 metres Breaststroke,2016-01-01,110201,108,,3979
Swimming,Swimming Women's 4 x 100 metres Freestyle Relay,2016-01-01,110252,91,,3980
Gymnastics,Gymnastics Men's Team All-Around,2016-01-01,110298,193,,3981
Gymnastics,Gymnastics Men's Parallel Bars,2016-01-01,110298,193,,3982
Gymnastics,Gymnastics Men's Pommelled Horse,2016-01-01,110298,193,,3983
Track and Field,"Women's 1,500 metres",2016-01-01,110330,34,,3984
Track and Field,Men's 100 metres,2016-01-01,110420,4,,3985
Swimming,Swimming Men's 100 metres Breaststroke,2016-01-01,110429,162,,3986
Track and Field,"Men's 3,000 metres Steeplechase",2016-01-01,110488,26,,3987
Track and Field,Men's 400 metres Hurdles,2016-01-01,110493,197,,3988
Track and Field,Men's High Jump,2016-01-01,110557,26,,3989
Track and Field,Women's Pole Vault,2016-01-01,110565,50,,3990
Swimming,Swimming Men's 200 metres Freestyle,2016-01-01,110615,113,,3991
Swimming,Swimming Men's 400 metres Freestyle,2016-01-01,110615,113,,3992
Swimming,"Swimming Men's 1,500 metres Freestyle",2016-01-01,110615,113,,3993
Track and Field,Men's 20 kilometres Walk,2016-01-01,110625,18,,3994
Track and Field,Men's 100 metres,2016-01-01,110639,170,,3995
Track and Field,Men's Marathon,2016-01-01,110642,182,,3996
Track and Field,Men's 100 metres,2016-01-01,110658,117,,3997
Track and Field,Women's High Jump,2016-01-01,110674,49,,3998
Track and Field,Women's 100 metres Hurdles,2016-01-01,110720,93,,3999
Track and Field,Men's Pole Vault,2016-01-01,110724,195,,4000
Swimming,Swimming Men's 200 metres Breaststroke,2016-01-01,110802,26,,4001
Swimming,Swimming Women's 200 metres Freestyle,2016-01-01,110838,162,,4002
Swimming,Swimming Women's 400 metres Freestyle,2016-01-01,110838,162,,4003
Track and Field,Women's 800 metres,2016-01-01,110966,93,,4004
Swimming,Swimming Women's 100 metres Backstroke,2016-01-01,111044,129,,4005
Track and Field,Men's 20 kilometres Walk,2016-01-01,111056,86,,4006
Track and Field,Men's 20 kilometres Walk,2016-01-01,111102,86,,4007
Track and Field,"Women's 3,000 metres Steeplechase",2016-01-01,111151,86,,4008
Track and Field,Men's Marathon,2016-01-01,111237,86,,4009
Track and Field,Men's Decathlon,2016-01-01,111319,130,,4010
Track and Field,"Men's 5,000 metres",2016-01-01,111336,168,,4011
Track and Field,Men's Javelin Throw,2016-01-01,111392,102,,4012
Track and Field,Men's Marathon,2016-01-01,111445,193,,4013
Swimming,Swimming Men's 200 metres Butterfly,2016-01-01,111516,178,,4014
Swimming,Swimming Men's 200 metres Individual Medley,2016-01-01,111516,178,,4015
Swimming,Swimming Women's 50 metres Freestyle,2016-01-01,111543,178,,4016
Swimming,Swimming Women's 100 metres Freestyle,2016-01-01,111543,178,Bronze,4017
Swimming,Swimming Women's 200 metres Freestyle,2016-01-01,111543,178,Silver,4018
Swimming,Swimming Women's 4 x 100 metres Freestyle Relay,2016-01-01,111543,178,,4019
Swimming,Swimming Women's 4 x 200 metres Freestyle Relay,2016-01-01,111543,178,,4020
Swimming,Swimming Women's 100 metres Butterfly,2016-01-01,111543,178,Gold,4021
Swimming,Swimming Women's 4 x 100 metres Medley Relay,2016-01-01,111543,178,,4022
Swimming,Swimming Men's 4 x 200 metres Freestyle Relay,2016-01-01,111554,53,,4023
Track and Field,Men's Discus Throw,2016-01-01,111567,136,,4024
Track and Field,Men's Shot Put,2016-01-01,111615,74,,4025
Track and Field,Women's Hammer Throw,2016-01-01,111652,13,,4026
Gymnastics,Gymnastics Men's Individual All-Around,2016-01-01,111681,136,,4027
Gymnastics,Gymnastics Men's Floor Exercise,2016-01-01,111681,136,,4028
Gymnastics,Gymnastics Men's Parallel Bars,2016-01-01,111681,136,,4029
Gymnastics,Gymnastics Men's Horizontal Bar,2016-01-01,111681,136,,4030
Gymnastics,Gymnastics Men's Rings,2016-01-01,111681,136,,4031
Gymnastics,Gymnastics Men's Pommelled Horse,2016-01-01,111681,136,,4032
Track and Field,Women's High Jump,2016-01-01,111738,178,,4033
Track and Field,Men's 200 metres,2016-01-01,111853,50,,4034
Track and Field,Men's 4 x 100 metres Relay,2016-01-01,111853,50,,4035
Track and Field,Women's 400 metres Hurdles,2016-01-01,111995,53,Silver,4036
Track and Field,Men's 800 metres,2016-01-01,112038,125,,4037
Track and Field,Men's Long Jump,2016-01-01,112041,2,,4038
Track and Field,Men's 200 metres,2016-01-01,112097,193,,4039
Track and Field,Men's Long Jump,2016-01-01,112189,93,,4040
Swimming,Swimming Men's 4 x 200 metres Freestyle Relay,2016-01-01,112220,195,Gold,4041
Swimming,Swimming Men's 4 x 200 metres Freestyle Relay,2016-01-01,112223,11,,4042
Track and Field,Men's High Jump,2016-01-01,112235,148,,4043
Swimming,Swimming Women's 100 metres Breaststroke,2016-01-01,112327,34,,4044
Swimming,Swimming Women's 200 metres Breaststroke,2016-01-01,112327,34,,4045
Swimming,Swimming Women's 400 metres Freestyle,2016-01-01,112334,195,Bronze,4046
Swimming,Swimming Women's 800 metres Freestyle,2016-01-01,112334,195,,4047
Swimming,Swimming Women's 4 x 200 metres Freestyle Relay,2016-01-01,112334,195,Gold,4048
Gymnastics,Gymnastics Men's Team All-Around,2016-01-01,112342,73,,4049
Gymnastics,Gymnastics Men's Pommelled Horse,2016-01-01,112342,73,Silver,4050
Track and Field,Men's 200 metres,2016-01-01,112415,14,,4051
Track and Field,Men's Long Jump,2016-01-01,112429,22,,4052
Swimming,Swimming Women's 100 metres Backstroke,2016-01-01,112475,195,,4053
Swimming,Swimming Women's 4 x 100 metres Medley Relay,2016-01-01,112475,195,Gold,4054
Track and Field,Women's Marathon,2016-01-01,112488,96,,4055
Swimming,Swimming Men's 100 metres Breaststroke,2016-01-01,112595,131,,4056
Swimming,Swimming Men's 200 metres Breaststroke,2016-01-01,112595,131,,4057
Track and Field,Men's 20 kilometres Walk,2016-01-01,112598,170,,4058
Track and Field,Men's Marathon,2016-01-01,112609,151,,4059
Track and Field,"Men's 1,500 metres",2016-01-01,112611,184,,4060
Track and Field,Women's Triple Jump,2016-01-01,112617,26,,4061
Track and Field,Men's Pole Vault,2016-01-01,112631,146,,4062
Swimming,Swimming Men's 400 metres Freestyle,2016-01-01,112635,17,,4063
Track and Field,Women's Hammer Throw,2016-01-01,112657,18,,4064
Track and Field,Women's Marathon,2016-01-01,112677,19,,4065
Track and Field,Men's Hammer Throw,2016-01-01,112699,66,,4066
Swimming,Swimming Men's 200 metres Individual Medley,2016-01-01,112847,173,,4067
Track and Field,Men's 4 x 400 metres Relay,2016-01-01,112966,187,,4068
Track and Field,Men's Marathon,2016-01-01,113080,171,,4069
Swimming,Swimming Women's 100 metres Butterfly,2016-01-01,113185,126,,4070
Track and Field,Men's 4 x 400 metres Relay,2016-01-01,113253,56,,4071
Track and Field,Men's 100 metres,2016-01-01,113255,187,,4072
Track and Field,Men's 200 metres,2016-01-01,113255,187,,4073
Track and Field,Men's 4 x 100 metres Relay,2016-01-01,113255,187,,4074
Track and Field,Men's 20 kilometres Walk,2016-01-01,113361,42,,4075
Track and Field,Women's 200 metres,2016-01-01,113374,199,,4076
Track and Field,Men's 800 metres,2016-01-01,113429,54,,4077
Track and Field,"Men's 1,500 metres",2016-01-01,113429,54,,4078
Track and Field,Women's 4 x 400 metres Relay,2016-01-01,113461,26,,4079
Track and Field,Men's 110 metres Hurdles,2016-01-01,113488,26,,4080
Swimming,Swimming Women's 50 metres Freestyle,2016-01-01,113517,78,,4081
Track and Field,Women's 4 x 400 metres Relay,2016-01-01,113620,92,,4082
Track and Field,Women's Long Jump,2016-01-01,113674,162,Bronze,4083
Track and Field,Women's 400 metres,2016-01-01,113744,71,,4084
Track and Field,Women's 4 x 400 metres Relay,2016-01-01,113744,71,,4085
Track and Field,Women's 400 metres Hurdles,2016-01-01,113763,195,Bronze,4086
Track and Field,Women's High Jump,2016-01-01,113781,155,,4087
Track and Field,Women's Heptathlon,2016-01-01,113878,26,,4088
Gymnastics,Gymnastics Women's Team All-Around,2016-01-01,113892,152,Silver,4089
Gymnastics,Gymnastics Women's Floor Exercise,2016-01-01,113892,152,,4090
Gymnastics,Gymnastics Women's Uneven Bars,2016-01-01,113892,152,,4091
Gymnastics,Gymnastics Women's Balance Beam,2016-01-01,113892,152,,4092
Track and Field,Women's Javelin Throw,2016-01-01,113946,52,Bronze,4093
Track and Field,Women's 4 x 100 metres Relay,2016-01-01,114002,179,,4094
Track and Field,Women's 400 metres Hurdles,2016-01-01,114005,179,,4095
Track and Field,Men's Marathon,2016-01-01,114057,183,,4096
Track and Field,Men's 50 kilometres Walk,2016-01-01,114071,84,,4097
Track and Field,Women's 4 x 100 metres Relay,2016-01-01,114088,187,,4098
Track and Field,"Men's 10,000 metres",2016-01-01,114093,11,,4099
Swimming,Swimming Men's 100 metres Freestyle,2016-01-01,114118,109,,4100
Swimming,Swimming Men's 200 metres Individual Medley,2016-01-01,114118,109,,4101
Swimming,Swimming Men's 400 metres Individual Medley,2016-01-01,114118,109,,4102
Track and Field,"Women's 1,500 metres",2016-01-01,114166,34,,4103
Track and Field,Men's Discus Throw,2016-01-01,114180,178,,4104
Track and Field,Women's Javelin Throw,2016-01-01,114182,71,,4105
Track and Field,Men's Shot Put,2016-01-01,114298,52,,4106
Track and Field,Women's Marathon,2016-01-01,114343,193,,4107
Swimming,Swimming Men's 100 metres Freestyle,2016-01-01,114358,131,,4108
Swimming,Swimming Men's 200 metres Freestyle,2016-01-01,114358,131,,4109
Track and Field,Men's High Jump,2016-01-01,114406,11,,4110
Track and Field,Women's Marathon,2016-01-01,114448,18,,4111
Swimming,Swimming Men's 100 metres Backstroke,2016-01-01,114467,18,,4112
Track and Field,Women's Hammer Throw,2016-01-01,114556,34,,4113
Swimming,Swimming Women's 4 x 100 metres Freestyle Relay,2016-01-01,114618,130,,4114
Swimming,Swimming Women's 4 x 200 metres Freestyle Relay,2016-01-01,114618,130,,4115
Swimming,Swimming Women's 200 metres Individual Medley,2016-01-01,114618,130,,4116
Track and Field,Women's 20 kilometres Walk,2016-01-01,114634,151,,4117
Track and Field,Women's Pole Vault,2016-01-01,114658,74,Gold,4118
Swimming,Swimming Women's 400 metres Individual Medley,2016-01-01,114788,12,,4119
Gymnastics,Gymnastics Women's Individual All-Around,2016-01-01,114826,179,,4120
Gymnastics,Gymnastics Women's Floor Exercise,2016-01-01,114826,179,,4121
Gymnastics,Gymnastics Women's Horse Vault,2016-01-01,114826,179,Bronze,4122
Gymnastics,Gymnastics Women's Uneven Bars,2016-01-01,114826,179,,4123
Gymnastics,Gymnastics Women's Balance Beam,2016-01-01,114826,179,,4124
Track and Field,"Women's 1,500 metres",2016-01-01,114880,34,,4125
Swimming,Swimming Women's 50 metres Freestyle,2016-01-01,114951,193,,4126
Swimming,Swimming Women's 100 metres Butterfly,2016-01-01,114951,193,,4127
Gymnastics,Gymnastics Men's Individual All-Around,2016-01-01,115001,13,,4128
Gymnastics,Gymnastics Men's Floor Exercise,2016-01-01,115001,13,,4129
Gymnastics,Gymnastics Men's Parallel Bars,2016-01-01,115001,13,,4130
Gymnastics,Gymnastics Men's Horizontal Bar,2016-01-01,115001,13,,4131
Gymnastics,Gymnastics Men's Rings,2016-01-01,115001,13,,4132
Gymnastics,Gymnastics Men's Pommelled Horse,2016-01-01,115001,13,,4133
Track and Field,Women's 200 metres,2016-01-01,115071,195,,4134
Swimming,Swimming Men's 100 metres Freestyle,2016-01-01,115279,162,,4135
Swimming,Swimming Men's 200 metres Freestyle,2016-01-01,115279,162,,4136
Swimming,Swimming Men's 400 metres Freestyle,2016-01-01,115279,162,,4137
Swimming,Swimming Men's 100 metres Breaststroke,2016-01-01,115416,146,,4138
Swimming,Swimming Men's 4 x 100 metres Medley Relay,2016-01-01,115416,146,,4139
Swimming,Swimming Men's 4 x 200 metres Freestyle Relay,2016-01-01,115423,130,,4140
Track and Field,Men's Shot Put,2016-01-01,115509,71,,4141
Track and Field,Women's 200 metres,2016-01-01,115600,14,,4142
Track and Field,Women's 4 x 400 metres Relay,2016-01-01,115600,14,,4143
Track and Field,Women's Marathon,2016-01-01,115649,92,,4144
Track and Field,Women's Long Jump,2016-01-01,115690,11,,4145
Swimming,Swimming Men's 100 metres Freestyle,2016-01-01,115717,67,,4146
Swimming,Swimming Men's 200 metres Freestyle,2016-01-01,115717,67,,4147
Swimming,Swimming Men's 4 x 100 metres Freestyle Relay,2016-01-01,115717,67,Silver,4148
Swimming,Swimming Men's 100 metres Butterfly,2016-01-01,115717,67,,4149
Swimming,Swimming Men's 4 x 100 metres Medley Relay,2016-01-01,115717,67,,4150
Gymnastics,Gymnastics Men's Team All-Around,2016-01-01,115758,152,Silver,4151
Gymnastics,Gymnastics Men's Parallel Bars,2016-01-01,115758,152,,4152
Gymnastics,Gymnastics Men's Horizontal Bar,2016-01-01,115758,152,,4153
Gymnastics,Gymnastics Men's Pommelled Horse,2016-01-01,115758,152,,4154
Track and Field,Men's Javelin Throw,2016-01-01,115798,102,,4155
Track and Field,Women's 200 metres,2016-01-01,115817,193,,4156
Track and Field,Women's Pole Vault,2016-01-01,115892,71,,4157
Track and Field,Women's Long Jump,2016-01-01,115922,14,,4158
Track and Field,Women's Pole Vault,2016-01-01,115949,195,,4159
Track and Field,Women's 100 metres,2016-01-01,116034,193,,4160
Track and Field,Men's 100 metres,2016-01-01,116059,40,,4161
Track and Field,Men's 4 x 100 metres Relay,2016-01-01,116059,40,,4162
Track and Field,Women's Discus Throw,2016-01-01,116071,40,,4163
Track and Field,Men's Decathlon,2016-01-01,116102,50,,4164
Swimming,Swimming Men's 100 metres Backstroke,2016-01-01,116128,199,,4165
Swimming,Swimming Men's 100 metres Butterfly,2016-01-01,116128,199,,4166
Gymnastics,Gymnastics Women's Individual All-Around,2016-01-01,116213,94,,4167
Gymnastics,Gymnastics Women's Team All-Around,2016-01-01,116213,94,,4168
Gymnastics,Gymnastics Women's Floor Exercise,2016-01-01,116213,94,,4169
Gymnastics,Gymnastics Women's Uneven Bars,2016-01-01,116213,94,,4170
Gymnastics,Gymnastics Women's Balance Beam,2016-01-01,116213,94,,4171
Track and Field,Men's 400 metres Hurdles,2016-01-01,116244,26,,4172
Track and Field,"Women's 1,500 metres",2016-01-01,116278,71,,4173
Swimming,Swimming Men's 4 x 100 metres Freestyle Relay,2016-01-01,116301,152,,4174
Swimming,Swimming Men's 4 x 100 metres Medley Relay,2016-01-01,116301,152,,4175
Swimming,Swimming Women's 50 metres Freestyle,2016-01-01,116388,87,,4176
Track and Field,Women's 800 metres,2016-01-01,116409,97,,4177
Track and Field,Women's Marathon,2016-01-01,116424,97,Gold,4178
Swimming,Swimming Women's 4 x 100 metres Freestyle Relay,2016-01-01,116480,40,,4179
Swimming,Swimming Men's 200 metres Freestyle,2016-01-01,116505,40,Gold,4180
Swimming,Swimming Men's 400 metres Freestyle,2016-01-01,116505,40,Silver,4181
Swimming,"Swimming Men's 1,500 metres Freestyle",2016-01-01,116505,40,,4182
Track and Field,Women's Shot Put,2016-01-01,116631,121,,4183
Swimming,Swimming Men's 100 metres Freestyle,2016-01-01,116635,19,,4184
Swimming,Swimming Men's 200 metres Freestyle,2016-01-01,116635,19,,4185
Swimming,Swimming Men's 4 x 100 metres Freestyle Relay,2016-01-01,116635,19,,4186
Swimming,Swimming Men's 4 x 200 metres Freestyle Relay,2016-01-01,116635,19,,4187
Track and Field,Men's 50 kilometres Walk,2016-01-01,116670,108,,4188
Swimming,Swimming Men's 100 metres Butterfly,2016-01-01,116694,88,,4189
Track and Field,Women's Pole Vault,2016-01-01,116698,167,,4190
Track and Field,Women's Shot Put,2016-01-01,116734,34,,4191
Track and Field,"Women's 5,000 metres",2016-01-01,116800,94,,4192
Swimming,Swimming Women's 100 metres Breaststroke,2016-01-01,116828,94,,4193
Swimming,Swimming Women's 4 x 100 metres Medley Relay,2016-01-01,116828,94,,4194
Swimming,Swimming Women's 100 metres Butterfly,2016-01-01,116884,52,,4195
Swimming,Swimming Women's 4 x 100 metres Medley Relay,2016-01-01,116884,52,,4196
Track and Field,Men's 110 metres Hurdles,2016-01-01,117025,52,,4197
Swimming,Swimming Women's 50 metres Freestyle,2016-01-01,117061,138,,4198
Track and Field,Women's 400 metres,2016-01-01,117139,146,,4199
Track and Field,Women's 4 x 400 metres Relay,2016-01-01,117139,146,,4200
Swimming,Swimming Men's 4 x 100 metres Freestyle Relay,2016-01-01,117164,146,,4201
Swimming,Swimming Men's 4 x 200 metres Freestyle Relay,2016-01-01,117164,146,,4202
Swimming,Swimming Men's 200 metres Butterfly,2016-01-01,117164,146,,4203
Track and Field,Women's 100 metres,2016-01-01,117165,146,,4204
Track and Field,Women's 4 x 100 metres Relay,2016-01-01,117165,146,,4205
Track and Field,Men's Decathlon,2016-01-01,117212,52,,4206
Swimming,Swimming Men's 50 metres Freestyle,2016-01-01,117237,156,,4207
Track and Field,Women's High Jump,2016-01-01,117315,84,,4208
Track and Field,Women's Marathon,2016-01-01,117354,84,,4209
Swimming,Swimming Women's 4 x 100 metres Medley Relay,2016-01-01,117436,83,,4210
Swimming,Swimming Women's 100 metres Butterfly,2016-01-01,117529,84,,4211
Swimming,Swimming Women's 200 metres Butterfly,2016-01-01,117529,84,,4212
Track and Field,"Women's 3,000 metres Steeplechase",2016-01-01,117548,146,,4213
Track and Field,Men's Marathon,2016-01-01,117593,146,,4214
Swimming,Swimming Women's 100 metres Breaststroke,2016-01-01,117610,84,,4215
Swimming,Swimming Women's 200 metres Breaststroke,2016-01-01,117610,84,,4216
Track and Field,Women's 20 kilometres Walk,2016-01-01,117642,146,,4217
Track and Field,Women's 100 metres,2016-01-01,117674,48,,4218
Track and Field,Women's 200 metres,2016-01-01,117674,48,,4219
Track and Field,Women's Marathon,2016-01-01,117690,145,,4220
Track and Field,"Men's 3,000 metres Steeplechase",2016-01-01,117714,3,,4221
Track and Field,Men's 20 kilometres Walk,2016-01-01,117730,189,,4222
Track and Field,"Men's 10,000 metres",2016-01-01,117747,61,,4223
Track and Field,Women's 100 metres,2016-01-01,117754,46,,4224
Track and Field,Men's 100 metres,2016-01-01,117770,89,,4225
Track and Field,Men's Decathlon,2016-01-01,117854,195,,4226
Track and Field,Women's 20 kilometres Walk,2016-01-01,117887,173,,4227
Swimming,Swimming Men's 50 metres Freestyle,2016-01-01,117890,84,,4228
Swimming,Swimming Men's 4 x 100 metres Freestyle Relay,2016-01-01,117890,84,,4229
Track and Field,Men's 20 kilometres Walk,2016-01-01,117913,94,,4230
Swimming,Swimming Women's 400 metres Individual Medley,2016-01-01,117927,94,,4231
Track and Field,"Women's 3,000 metres Steeplechase",2016-01-01,117965,94,,4232
Track and Field,Men's 200 metres,2016-01-01,117986,94,,4233
Track and Field,"Women's 10,000 metres",2016-01-01,117991,94,,4234
Track and Field,Men's Marathon,2016-01-01,118061,32,,4235
Swimming,Swimming Women's 100 metres Breaststroke,2016-01-01,118078,100,,4236
Track and Field,Women's 100 metres Hurdles,2016-01-01,118089,18,,4237
Track and Field,Men's 200 metres,2016-01-01,118092,73,,4238
Track and Field,Men's 50 kilometres Walk,2016-01-01,118133,11,Silver,4239
Track and Field,Women's 20 kilometres Walk,2016-01-01,118134,11,,4240
Track and Field,Men's 4 x 400 metres Relay,2016-01-01,118248,94,,4241
Gymnastics,Gymnastics Women's Team All-Around,2016-01-01,118268,40,Bronze,4242
Gymnastics,Gymnastics Women's Uneven Bars,2016-01-01,118268,40,,4243
Track and Field,Women's Marathon,2016-01-01,118352,94,,4244
Gymnastics,Gymnastics Men's Team All-Around,2016-01-01,118359,94,Gold,4245
Gymnastics,Gymnastics Men's Floor Exercise,2016-01-01,118359,94,,4246
Gymnastics,Gymnastics Men's Parallel Bars,2016-01-01,118359,94,,4247
Gymnastics,Gymnastics Men's Horizontal Bar,2016-01-01,118359,94,,4248
Gymnastics,Gymnastics Men's Rings,2016-01-01,118359,94,,4249
Gymnastics,Gymnastics Men's Pommelled Horse,2016-01-01,118359,94,,4250
Swimming,Swimming Men's 50 metres Freestyle,2016-01-01,118402,170,,4251
Track and Field,Men's 4 x 100 metres Relay,2016-01-01,118436,40,,4252
Swimming,Swimming Women's 4 x 100 metres Freestyle Relay,2016-01-01,118439,40,,4253
Track and Field,Men's 50 kilometres Walk,2016-01-01,118467,94,,4254
Track and Field,"Men's 10,000 metres",2016-01-01,118509,97,Silver,4255
Swimming,"Swimming Men's 1,500 metres Freestyle",2016-01-01,118533,39,,4256
Track and Field,Men's 400 metres,2016-01-01,118543,75,,4257
Swimming,Swimming Men's 100 metres Backstroke,2016-01-01,118591,152,,4258
Swimming,Swimming Men's 4 x 100 metres Medley Relay,2016-01-01,118591,152,,4259
Track and Field,Women's Long Jump,2016-01-01,118606,198,,4260
Track and Field,Women's Pole Vault,2016-01-01,118802,147,,4261
Swimming,Swimming Men's 100 metres Freestyle,2016-01-01,118807,167,,4262
Swimming,Swimming Men's 200 metres Freestyle,2016-01-01,118807,167,,4263
Track and Field,Women's Hammer Throw,2016-01-01,118813,67,,4264
Track and Field,Men's Triple Jump,2016-01-01,118870,195,Gold,4265
Swimming,Swimming Women's 4 x 100 metres Freestyle Relay,2016-01-01,118973,146,,4266
Swimming,Swimming Women's 100 metres Backstroke,2016-01-01,118973,146,,4267
Swimming,Swimming Women's 200 metres Backstroke,2016-01-01,118973,146,,4268
Swimming,Swimming Women's 800 metres Freestyle,2016-01-01,118978,48,,4269
Track and Field,Men's Marathon,2016-01-01,119018,91,,4270
Track and Field,"Women's 5,000 metres",2016-01-01,119019,63,,4271
Track and Field,Women's Marathon,2016-01-01,119063,144,,4272
Swimming,Swimming Men's 200 metres Backstroke,2016-01-01,119073,84,,4273
Track and Field,Men's 400 metres Hurdles,2016-01-01,119080,26,,4274
Track and Field,Men's 100 metres,2016-01-01,119117,139,,4275
Track and Field,Women's Discus Throw,2016-01-01,119118,96,,4276
Track and Field,Women's 100 metres,2016-01-01,119180,57,,4277
Track and Field,Women's 200 metres,2016-01-01,119180,57,,4278
Track and Field,Men's Long Jump,2016-01-01,119186,74,,4279
Gymnastics,Gymnastics Women's Individual All-Around,2016-01-01,119233,94,,4280
Gymnastics,Gymnastics Women's Team All-Around,2016-01-01,119233,94,,4281
Gymnastics,Gymnastics Women's Floor Exercise,2016-01-01,119233,94,,4282
Gymnastics,Gymnastics Women's Uneven Bars,2016-01-01,119233,94,,4283
Gymnastics,Gymnastics Women's Balance Beam,2016-01-01,119233,94,,4284
Swimming,Swimming Women's 200 metres Individual Medley,2016-01-01,119234,94,,4285
Track and Field,Women's 800 metres,2016-01-01,119341,162,,4286
Track and Field,"Women's 1,500 metres",2016-01-01,119341,162,,4287
Swimming,Swimming Women's 100 metres Freestyle,2016-01-01,119345,124,,4288
Track and Field,"Women's 3,000 metres Steeplechase",2016-01-01,119354,34,,4289
Track and Field,"Men's 10,000 metres",2016-01-01,119359,61,,4290
Track and Field,"Men's 1,500 metres",2016-01-01,119361,71,,4291
Track and Field,Women's 100 metres,2016-01-01,119428,98,,4292
Track and Field,"Men's 5,000 metres",2016-01-01,119431,61,,4293
Track and Field,Men's Marathon,2016-01-01,119432,73,,4294
Track and Field,Women's Marathon,2016-01-01,119493,183,,4295
Track and Field,Men's 400 metres,2016-01-01,119537,25,,4296
Track and Field,Men's High Jump,2016-01-01,119552,146,,4297
Track and Field,Women's Heptathlon,2016-01-01,119559,34,Bronze,4298
Track and Field,Men's 100 metres,2016-01-01,119570,176,,4299
Swimming,Swimming Women's 50 metres Freestyle,2016-01-01,119610,127,,4300
Track and Field,Women's Heptathlon,2016-01-01,119631,19,Gold,4301
Swimming,Swimming Men's 100 metres Butterfly,2016-01-01,119713,127,,4302
Track and Field,Women's 400 metres,2016-01-01,119722,170,,4303
Track and Field,Women's 4 x 400 metres Relay,2016-01-01,119764,86,,4304
Track and Field,Women's Shot Put,2016-01-01,119779,93,,4305
Track and Field,Men's High Jump,2016-01-01,119783,14,,4306
Gymnastics,Gymnastics Men's Team All-Around,2016-01-01,119817,73,,4307
Gymnastics,Gymnastics Men's Floor Exercise,2016-01-01,119817,73,,4308
Gymnastics,Gymnastics Men's Horizontal Bar,2016-01-01,119817,73,,4309
Gymnastics,Gymnastics Men's Rings,2016-01-01,119817,73,,4310
Track and Field,Men's 110 metres Hurdles,2016-01-01,119825,187,,4311
Swimming,Swimming Women's 100 metres Butterfly,2016-01-01,119831,34,,4312
Swimming,Swimming Women's 4 x 100 metres Medley Relay,2016-01-01,119831,34,,4313
Track and Field,Women's 200 metres,2016-01-01,119840,187,,4314
Track and Field,Women's Triple Jump,2016-01-01,119848,93,,4315
Track and Field,Women's 100 metres,2016-01-01,119884,80,,4316
Track and Field,Women's 200 metres,2016-01-01,119884,80,,4317
Track and Field,Women's 100 metres,2016-01-01,119903,93,Gold,4318
Track and Field,Women's 200 metres,2016-01-01,119903,93,Gold,4319
Track and Field,Women's 4 x 100 metres Relay,2016-01-01,119903,93,Silver,4320
Track and Field,Men's 100 metres,2016-01-01,119949,187,,4321
Track and Field,Men's 4 x 100 metres Relay,2016-01-01,119949,187,,4322
Swimming,Swimming Men's 4 x 100 metres Freestyle Relay,2016-01-01,120059,34,,4323
Track and Field,Men's 20 kilometres Walk,2016-01-01,120067,34,,4324
Track and Field,Women's 4 x 400 metres Relay,2016-01-01,120078,11,,4325
Gymnastics,Gymnastics Women's Individual All-Around,2016-01-01,120089,130,,4326
Gymnastics,Gymnastics Women's Team All-Around,2016-01-01,120089,130,,4327
Gymnastics,Gymnastics Women's Floor Exercise,2016-01-01,120089,130,,4328
Gymnastics,Gymnastics Women's Uneven Bars,2016-01-01,120089,130,,4329
Gymnastics,Gymnastics Women's Balance Beam,2016-01-01,120089,130,,4330
Swimming,Swimming Women's 200 metres Butterfly,2016-01-01,120124,11,,4331
Swimming,Swimming Men's 50 metres Freestyle,2016-01-01,120227,192,,4332
Track and Field,"Men's 5,000 metres",2016-01-01,120272,11,,4333
Track and Field,Men's Hammer Throw,2016-01-01,120312,18,Silver,4334
Track and Field,Women's 20 kilometres Walk,2016-01-01,120332,63,,4335
Swimming,Swimming Men's 100 metres Freestyle,2016-01-01,120388,19,Silver,4336
Swimming,Swimming Men's 4 x 100 metres Freestyle Relay,2016-01-01,120388,19,,4337
Swimming,Swimming Men's 4 x 200 metres Freestyle Relay,2016-01-01,120388,19,,4338
Track and Field,Men's 100 metres,2016-01-01,120422,191,,4339
Gymnastics,Gymnastics Women's Team All-Around,2016-01-01,120443,73,,4340
Gymnastics,Gymnastics Women's Floor Exercise,2016-01-01,120443,73,Bronze,4341
Gymnastics,Gymnastics Women's Balance Beam,2016-01-01,120443,73,,4342
Track and Field,Men's 400 metres Hurdles,2016-01-01,120451,195,,4343
Track and Field,Men's 50 kilometres Walk,2016-01-01,120530,166,,4344
Swimming,Swimming Men's 100 metres Breaststroke,2016-01-01,120537,108,,4345
Swimming,Swimming Men's 200 metres Breaststroke,2016-01-01,120537,108,,4346
Swimming,Swimming Men's 4 x 100 metres Medley Relay,2016-01-01,120537,108,,4347
Track and Field,Women's 400 metres Hurdles,2016-01-01,120538,193,,4348
Track and Field,Women's Marathon,2016-01-01,120565,91,,4349
Swimming,Swimming Men's 50 metres Freestyle,2016-01-01,120577,176,,4350
Track and Field,Women's 400 metres Hurdles,2016-01-01,120597,193,,4351
Gymnastics,Gymnastics Men's Individual All-Around,2016-01-01,120619,71,,4352
Gymnastics,Gymnastics Men's Team All-Around,2016-01-01,120619,71,,4353
Gymnastics,Gymnastics Men's Floor Exercise,2016-01-01,120619,71,,4354
Gymnastics,Gymnastics Men's Horizontal Bar,2016-01-01,120619,71,,4355
Gymnastics,Gymnastics Men's Pommelled Horse,2016-01-01,120619,71,,4356
Track and Field,Men's Shot Put,2016-01-01,120623,173,,4357
Track and Field,Women's Marathon,2016-01-01,120671,151,,4358
Swimming,Swimming Men's 50 metres Freestyle,2016-01-01,120699,49,,4359
Track and Field,"Men's 10,000 metres",2016-01-01,120780,63,Bronze,4360
Track and Field,Men's Javelin Throw,2016-01-01,120795,8,,4361
Track and Field,Women's Discus Throw,2016-01-01,120888,162,,4362
Gymnastics,Gymnastics Men's Team All-Around,2016-01-01,120975,67,,4363
Gymnastics,Gymnastics Men's Floor Exercise,2016-01-01,120975,67,,4364
Gymnastics,Gymnastics Men's Parallel Bars,2016-01-01,120975,67,,4365
Gymnastics,Gymnastics Men's Pommelled Horse,2016-01-01,120975,67,,4366
Swimming,Swimming Men's 100 metres Breaststroke,2016-01-01,121044,92,,4367
Swimming,Swimming Men's 4 x 100 metres Medley Relay,2016-01-01,121044,92,,4368
Swimming,Swimming Women's 100 metres Breaststroke,2016-01-01,121054,134,,4369
Track and Field,Men's Decathlon,2016-01-01,121064,173,,4370
Track and Field,Men's Triple Jump,2016-01-01,121149,70,,4371
Track and Field,Men's Long Jump,2016-01-01,121186,178,,4372
Track and Field,"Men's 10,000 metres",2016-01-01,121205,192,,4373
Track and Field,"Men's 5,000 metres",2016-01-01,121235,144,,4374
Track and Field,Women's Long Jump,2016-01-01,121291,145,,4375
Swimming,Swimming Women's 100 metres Butterfly,2016-01-01,121308,132,,4376
Swimming,Swimming Women's 50 metres Freestyle,2016-01-01,121309,23,,4377
Track and Field,Men's Triple Jump,2016-01-01,121317,173,,4378
Track and Field,Men's 50 kilometres Walk,2016-01-01,121412,166,Gold,4379
Swimming,Swimming Men's 100 metres Backstroke,2016-01-01,121462,91,,4380
Swimming,Swimming Men's 200 metres Backstroke,2016-01-01,121462,91,,4381
Swimming,Swimming Men's 100 metres Butterfly,2016-01-01,121481,115,,4382
Swimming,Swimming Women's 50 metres Freestyle,2016-01-01,121485,179,,4383
Swimming,Swimming Women's 4 x 100 metres Freestyle Relay,2016-01-01,121485,179,,4384
Swimming,Swimming Women's 100 metres Backstroke,2016-01-01,121505,130,,4385
Track and Field,Men's 110 metres Hurdles,2016-01-01,121601,71,,4386
Track and Field,Women's 400 metres Hurdles,2016-01-01,121607,93,,4387
Track and Field,Men's 110 metres Hurdles,2016-01-01,121629,51,,4388
Swimming,Swimming Men's 50 metres Freestyle,2016-01-01,121658,151,,4389
Swimming,Swimming Men's 4 x 100 metres Freestyle Relay,2016-01-01,121658,151,,4390
Track and Field,"Women's 3,000 metres Steeplechase",2016-01-01,121755,90,,4391
Track and Field,Women's High Jump,2016-01-01,121757,34,,4392
Track and Field,Women's Marathon,2016-01-01,121822,11,,4393
Track and Field,Women's Long Jump,2016-01-01,121866,120,,4394
Track and Field,Women's 400 metres Hurdles,2016-01-01,121990,53,,4395
Swimming,Swimming Women's 200 metres Individual Medley,2016-01-01,122023,92,,4396
Swimming,Swimming Women's 400 metres Individual Medley,2016-01-01,122023,92,,4397
Track and Field,Women's High Jump,2016-01-01,122061,92,,4398
Track and Field,Men's 50 kilometres Walk,2016-01-01,122068,18,,4399
Track and Field,Men's Marathon,2016-01-01,122109,77,,4400
Track and Field,Men's 200 metres,2016-01-01,122199,74,,4401
Track and Field,Women's 800 metres,2016-01-01,122256,63,,4402
Track and Field,Women's Marathon,2016-01-01,122258,63,,4403
Track and Field,"Men's 3,000 metres Steeplechase",2016-01-01,122273,29,,4404
Track and Field,Men's Marathon,2016-01-01,122284,123,,4405
Track and Field,Women's 20 kilometres Walk,2016-01-01,122312,74,,4406
Swimming,Swimming Men's 100 metres Backstroke,2016-01-01,122336,18,,4407
Swimming,Swimming Men's 200 metres Backstroke,2016-01-01,122336,18,,4408
Track and Field,Men's Triple Jump,2016-01-01,122352,29,,4409
Track and Field,Men's 200 metres,2016-01-01,122405,203,,4410
Swimming,Swimming Men's 100 metres Freestyle,2016-01-01,122411,18,,4411
Swimming,Swimming Men's 100 metres Butterfly,2016-01-01,122411,18,,4412
Track and Field,Women's Triple Jump,2016-01-01,122447,193,,4413
Track and Field,Women's Marathon,2016-01-01,122520,63,,4414
Track and Field,Women's 100 metres,2016-01-01,122532,76,,4415
Track and Field,Men's 800 metres,2016-01-01,122554,24,,4416
Swimming,Swimming Men's 200 metres Backstroke,2016-01-01,122577,196,,4417
Track and Field,Men's 400 metres Hurdles,2016-01-01,122609,97,Silver,4418
Track and Field,Women's Marathon,2016-01-01,122626,86,,4419
Track and Field,"Women's 10,000 metres",2016-01-01,122627,198,,4420
Swimming,Swimming Men's 400 metres Individual Medley,2016-01-01,122823,92,,4421
Gymnastics,Gymnastics Women's Individual All-Around,2016-01-01,122858,152,,4422
Gymnastics,Gymnastics Women's Team All-Around,2016-01-01,122858,152,Silver,4423
Gymnastics,Gymnastics Women's Floor Exercise,2016-01-01,122858,152,,4424
Gymnastics,Gymnastics Women's Horse Vault,2016-01-01,122858,152,,4425
Gymnastics,Gymnastics Women's Uneven Bars,2016-01-01,122858,152,,4426
Gymnastics,Gymnastics Women's Balance Beam,2016-01-01,122858,152,,4427
Swimming,Swimming Women's 100 metres Breaststroke,2016-01-01,122867,73,,4428
Swimming,Swimming Women's 200 metres Breaststroke,2016-01-01,122867,73,,4429
Swimming,Swimming Women's 4 x 100 metres Medley Relay,2016-01-01,122867,73,,4430
Gymnastics,Gymnastics Men's Individual All-Around,2016-01-01,122903,108,,4431
Gymnastics,Gymnastics Men's Floor Exercise,2016-01-01,122903,108,,4432
Gymnastics,Gymnastics Men's Horse Vault,2016-01-01,122903,108,,4433
Gymnastics,Gymnastics Men's Parallel Bars,2016-01-01,122903,108,,4434
Gymnastics,Gymnastics Men's Horizontal Bar,2016-01-01,122903,108,,4435
Gymnastics,Gymnastics Men's Rings,2016-01-01,122903,108,,4436
Gymnastics,Gymnastics Men's Pommelled Horse,2016-01-01,122903,108,,4437
Track and Field,"Women's 5,000 metres",2016-01-01,122916,73,,4438
Track and Field,Men's Marathon,2016-01-01,122928,100,,4439
Swimming,Swimming Men's 100 metres Breaststroke,2016-01-01,122959,14,,4440
Track and Field,Men's 20 kilometres Walk,2016-01-01,122980,136,,4441
Swimming,Swimming Women's 50 metres Freestyle,2016-01-01,122997,181,,4442
Swimming,Swimming Women's 100 metres Freestyle,2016-01-01,123049,94,,4443
Swimming,Swimming Women's 4 x 100 metres Freestyle Relay,2016-01-01,123049,94,,4444
Swimming,Swimming Women's 4 x 100 metres Medley Relay,2016-01-01,123049,94,,4445
Gymnastics,Gymnastics Men's Individual All-Around,2016-01-01,123056,94,Gold,4446
Gymnastics,Gymnastics Men's Team All-Around,2016-01-01,123056,94,Gold,4447
Gymnastics,Gymnastics Men's Floor Exercise,2016-01-01,123056,94,,4448
Gymnastics,Gymnastics Men's Parallel Bars,2016-01-01,123056,94,,4449
Gymnastics,Gymnastics Men's Horizontal Bar,2016-01-01,123056,94,,4450
Gymnastics,Gymnastics Men's Rings,2016-01-01,123056,94,,4451
Gymnastics,Gymnastics Men's Pommelled Horse,2016-01-01,123056,94,,4452
Gymnastics,Gymnastics Women's Team All-Around,2016-01-01,123066,94,,4453
Gymnastics,Gymnastics Women's Uneven Bars,2016-01-01,123066,94,,4454
Gymnastics,Gymnastics Women's Balance Beam,2016-01-01,123066,94,,4455
Gymnastics,Gymnastics Men's Pommelled Horse,2016-01-01,123078,49,,4456
Track and Field,"Women's 5,000 metres",2016-01-01,123118,94,,4457
Track and Field,Women's Long Jump,2016-01-01,123157,73,,4458
Swimming,Swimming Women's 100 metres Freestyle,2016-01-01,123163,179,,4459
Swimming,Swimming Women's 4 x 100 metres Freestyle Relay,2016-01-01,123163,179,,4460
Swimming,Swimming Women's 200 metres Individual Medley,2016-01-01,123163,179,,4461
Track and Field,Men's Decathlon,2016-01-01,123192,62,,4462
Track and Field,Men's 100 metres,2016-01-01,123196,73,,4463
Track and Field,Men's 4 x 100 metres Relay,2016-01-01,123196,73,,4464
Track and Field,Men's 400 metres Hurdles,2016-01-01,123204,134,,4465
Track and Field,Men's Marathon,2016-01-01,123220,53,,4466
Swimming,Swimming Women's 100 metres Butterfly,2016-01-01,123318,153,,4467
Swimming,Swimming Women's 50 metres Freestyle,2016-01-01,123435,146,,4468
Swimming,Swimming Women's 4 x 100 metres Freestyle Relay,2016-01-01,123435,146,,4469
Track and Field,Men's Discus Throw,2016-01-01,123436,146,,4470
Track and Field,Women's Shot Put,2016-01-01,123441,71,,4471
Track and Field,"Women's 1,500 metres",2016-01-01,123442,146,,4472
Track and Field,Women's Triple Jump,2016-01-01,123516,42,,4473
Track and Field,Men's Decathlon,2016-01-01,123562,94,,4474
Swimming,Swimming Women's 4 x 200 metres Freestyle Relay,2016-01-01,123600,152,,4475
Swimming,Swimming Women's 100 metres Backstroke,2016-01-01,123600,152,,4476
Swimming,Swimming Women's 200 metres Backstroke,2016-01-01,123600,152,,4477
Swimming,Swimming Women's 200 metres Butterfly,2016-01-01,123608,189,,4478
Track and Field,Women's Javelin Throw,2016-01-01,123636,66,,4479
Swimming,Swimming Women's 50 metres Freestyle,2016-01-01,123664,31,,4480
Track and Field,Men's Marathon,2016-01-01,123667,153,,4481
Track and Field,Men's Javelin Throw,2016-01-01,123746,52,,4482
Track and Field,Women's 20 kilometres Walk,2016-01-01,123780,108,,4483
Gymnastics,Gymnastics Women's Individual All-Around,2016-01-01,123941,8,,4484
Gymnastics,Gymnastics Women's Floor Exercise,2016-01-01,123941,8,,4485
Gymnastics,Gymnastics Women's Uneven Bars,2016-01-01,123941,8,,4486
Gymnastics,Gymnastics Women's Balance Beam,2016-01-01,123941,8,,4487
Swimming,"Swimming Men's 1,500 metres Freestyle",2016-01-01,123944,26,,4488
Track and Field,Men's 400 metres,2016-01-01,123962,156,,4489
Track and Field,Men's Triple Jump,2016-01-01,124005,96,,4490
Swimming,Swimming Women's 100 metres Breaststroke,2016-01-01,124022,173,,4491
Swimming,Swimming Women's 200 metres Breaststroke,2016-01-01,124022,173,,4492
Swimming,Swimming Women's 200 metres Backstroke,2016-01-01,124195,179,,4493
Swimming,Swimming Women's 200 metres Butterfly,2016-01-01,124195,179,,4494
Swimming,Swimming Women's 400 metres Individual Medley,2016-01-01,124195,179,,4495
Track and Field,"Women's 5,000 metres",2016-01-01,124238,131,,4496
Swimming,Swimming Men's 100 metres Breaststroke,2016-01-01,124348,170,Silver,4497
Swimming,Swimming Men's 200 metres Breaststroke,2016-01-01,124348,170,,4498
Swimming,Swimming Men's 4 x 100 metres Medley Relay,2016-01-01,124348,170,,4499
Swimming,Swimming Men's 100 metres Backstroke,2016-01-01,124350,25,,4500
Swimming,Swimming Women's 4 x 100 metres Freestyle Relay,2016-01-01,124420,130,,4501
Track and Field,Men's Decathlon,2016-01-01,124432,19,,4502
Gymnastics,Gymnastics Men's Team All-Around,2016-01-01,124603,130,,4503
Gymnastics,Gymnastics Men's Rings,2016-01-01,124603,130,,4504
Gymnastics,Gymnastics Women's Individual All-Around,2016-01-01,124610,130,,4505
Gymnastics,Gymnastics Women's Team All-Around,2016-01-01,124610,130,,4506
Gymnastics,Gymnastics Women's Floor Exercise,2016-01-01,124610,130,,4507
Gymnastics,Gymnastics Women's Uneven Bars,2016-01-01,124610,130,,4508
Gymnastics,Gymnastics Women's Balance Beam,2016-01-01,124610,130,,4509
Swimming,Swimming Women's 50 metres Freestyle,2016-01-01,124731,34,,4510
Swimming,Swimming Women's 100 metres Freestyle,2016-01-01,124731,34,,4511
Swimming,Swimming Women's 4 x 100 metres Freestyle Relay,2016-01-01,124731,34,Bronze,4512
Swimming,Swimming Women's 4 x 100 metres Medley Relay,2016-01-01,124731,34,,4513
Track and Field,Women's 4 x 400 metres Relay,2016-01-01,124750,130,,4514
Swimming,Swimming Men's 4 x 100 metres Freestyle Relay,2016-01-01,124790,34,,4515
Track and Field,Men's 400 metres,2016-01-01,124804,170,Gold,4516
Gymnastics,Gymnastics Women's Team All-Around,2016-01-01,124837,130,,4517
Gymnastics,Gymnastics Women's Floor Exercise,2016-01-01,124837,130,,4518
Track and Field,Men's 800 metres,2016-01-01,124856,170,,4519
Track and Field,Men's Javelin Throw,2016-01-01,124880,170,,4520
Swimming,Swimming Women's 400 metres Freestyle,2016-01-01,124886,130,,4521
Swimming,Swimming Women's 10 kilometres Open Water,2016-01-01,124886,130,Gold,4522
Track and Field,Women's 200 metres,2016-01-01,124899,130,,4523
Track and Field,Women's 4 x 100 metres Relay,2016-01-01,124899,130,,4524
Track and Field,Men's Marathon,2016-01-01,124910,19,,4525
Track and Field,Men's 400 metres Hurdles,2016-01-01,125027,170,,4526
Swimming,Swimming Women's 50 metres Freestyle,2016-01-01,125093,14,,4527
Swimming,Swimming Women's 100 metres Freestyle,2016-01-01,125093,14,,4528
Swimming,Swimming Men's 10 kilometres Open Water,2016-01-01,125125,92,,4529
Gymnastics,Gymnastics Women's Individual All-Around,2016-01-01,125136,67,,4530
Gymnastics,Gymnastics Women's Team All-Around,2016-01-01,125136,67,,4531
Gymnastics,Gymnastics Women's Floor Exercise,2016-01-01,125136,67,,4532
Gymnastics,Gymnastics Women's Uneven Bars,2016-01-01,125136,67,,4533
Gymnastics,Gymnastics Women's Balance Beam,2016-01-01,125136,67,,4534
Swimming,Swimming Men's 4 x 100 metres Freestyle Relay,2016-01-01,125150,19,,4535
Swimming,Swimming Men's 4 x 200 metres Freestyle Relay,2016-01-01,125150,19,,4536
Swimming,Swimming Men's 200 metres Individual Medley,2016-01-01,125150,19,,4537
Track and Field,Men's Marathon,2016-01-01,125279,120,,4538
Swimming,"Swimming Men's 1,500 metres Freestyle",2016-01-01,125304,120,,4539
Track and Field,Men's 20 kilometres Walk,2016-01-01,125305,199,,4540
Track and Field,Women's 400 metres,2016-01-01,125400,74,,4541
Track and Field,Women's Triple Jump,2016-01-01,125460,18,,4542
Track and Field,"Women's 10,000 metres",2016-01-01,125498,130,,4543
Track and Field,Women's Discus Throw,2016-01-01,125532,195,,4544
Swimming,Swimming Men's 200 metres Individual Medley,2016-01-01,125563,74,,4545
Swimming,Swimming Men's 4 x 100 metres Medley Relay,2016-01-01,125563,74,,4546
Track and Field,Men's 800 metres,2016-01-01,125590,148,,4547
Swimming,Swimming Men's 400 metres Individual Medley,2016-01-01,125652,50,,4548
Track and Field,Women's 200 metres,2016-01-01,125686,167,,4549
Track and Field,Women's 800 metres,2016-01-01,125689,50,,4550
Track and Field,Women's 4 x 400 metres Relay,2016-01-01,125689,50,,4551
Track and Field,Women's Triple Jump,2016-01-01,125743,166,,4552
Track and Field,Women's Long Jump,2016-01-01,125744,166,,4553
Track and Field,Women's 200 metres,2016-01-01,125828,26,,4554
Track and Field,Women's 4 x 100 metres Relay,2016-01-01,125828,26,,4555
Track and Field,Men's 50 kilometres Walk,2016-01-01,125894,84,,4556
Track and Field,Men's 400 metres,2016-01-01,125943,195,,4557
Track and Field,Men's 4 x 400 metres Relay,2016-01-01,125943,195,Gold,4558
Swimming,Swimming Men's 100 metres Butterfly,2016-01-01,126056,130,,4559
Swimming,Swimming Women's 4 x 200 metres Freestyle Relay,2016-01-01,126073,130,,4560
Gymnastics,Gymnastics Men's Individual All-Around,2016-01-01,126096,193,Silver,4561
Gymnastics,Gymnastics Men's Team All-Around,2016-01-01,126096,193,,4562
Gymnastics,Gymnastics Men's Floor Exercise,2016-01-01,126096,193,,4563
Gymnastics,Gymnastics Men's Horse Vault,2016-01-01,126096,193,,4564
Gymnastics,Gymnastics Men's Parallel Bars,2016-01-01,126096,193,Gold,4565
Gymnastics,Gymnastics Men's Horizontal Bar,2016-01-01,126096,193,,4566
Gymnastics,Gymnastics Men's Rings,2016-01-01,126096,193,,4567
Gymnastics,Gymnastics Men's Pommelled Horse,2016-01-01,126096,193,,4568
Track and Field,"Men's 10,000 metres",2016-01-01,126102,73,,4569
Swimming,Swimming Men's 400 metres Individual Medley,2016-01-01,126116,84,,4570
Swimming,Swimming Women's 200 metres Freestyle,2016-01-01,126117,84,,4571
Swimming,Swimming Women's 4 x 200 metres Freestyle Relay,2016-01-01,126117,84,,4572
Swimming,Swimming Men's 100 metres Freestyle,2016-01-01,126133,130,,4573
Swimming,Swimming Men's 200 metres Freestyle,2016-01-01,126133,130,,4574
Swimming,Swimming Men's 4 x 200 metres Freestyle Relay,2016-01-01,126133,130,,4575
Track and Field,Men's Javelin Throw,2016-01-01,126194,52,,4576
Track and Field,Women's Heptathlon,2016-01-01,126238,130,,4577
Track and Field,Men's Javelin Throw,2016-01-01,126241,71,,4578
Track and Field,Women's Shot Put,2016-01-01,126288,50,,4579
Track and Field,Men's 100 metres,2016-01-01,126301,67,,4580
Track and Field,Men's 4 x 100 metres Relay,2016-01-01,126301,67,,4581
Track and Field,Men's Decathlon,2016-01-01,126339,75,,4582
Track and Field,Men's 200 metres,2016-01-01,126385,26,,4583
Track and Field,Men's 4 x 100 metres Relay,2016-01-01,126385,26,,4584
Gymnastics,Gymnastics Women's Individual All-Around,2016-01-01,126387,50,,4585
Gymnastics,Gymnastics Women's Floor Exercise,2016-01-01,126387,50,,4586
Gymnastics,Gymnastics Women's Horse Vault,2016-01-01,126387,50,,4587
Gymnastics,Gymnastics Women's Uneven Bars,2016-01-01,126387,50,,4588
Gymnastics,Gymnastics Women's Balance Beam,2016-01-01,126387,50,,4589
Track and Field,Men's 20 kilometres Walk,2016-01-01,126427,147,,4590
Track and Field,Men's 50 kilometres Walk,2016-01-01,126427,147,,4591
Track and Field,Men's 20 kilometres Walk,2016-01-01,126432,147,,4592
Swimming,Swimming Men's 50 metres Freestyle,2016-01-01,126511,163,,4593
Swimming,Swimming Women's 800 metres Freestyle,2016-01-01,126540,173,,4594
Swimming,Swimming Women's 400 metres Individual Medley,2016-01-01,126540,173,,4595
Track and Field,Women's Javelin Throw,2016-01-01,126574,170,Silver,4596
Swimming,Swimming Women's 10 kilometres Open Water,2016-01-01,126592,173,,4597
Track and Field,Men's 50 kilometres Walk,2016-01-01,126614,57,,4598
Swimming,Swimming Women's 4 x 100 metres Freestyle Relay,2016-01-01,126646,179,,4599
Swimming,Swimming Women's 100 metres Butterfly,2016-01-01,126646,179,,4600
Swimming,Swimming Men's 100 metres Freestyle,2016-01-01,126707,119,,4601
Track and Field,Women's 20 kilometres Walk,2016-01-01,126773,108,,4602
Track and Field,Women's 100 metres Hurdles,2016-01-01,126851,130,,4603
Track and Field,Women's Heptathlon,2016-01-01,126851,130,,4604
Track and Field,Men's Shot Put,2016-01-01,126917,173,,4605
Track and Field,Women's Marathon,2016-01-01,126953,74,,4606
Track and Field,Women's High Jump,2016-01-01,126975,49,Bronze,4607
Swimming,Swimming Men's 400 metres Freestyle,2016-01-01,127041,71,,4608
Swimming,Swimming Men's 4 x 200 metres Freestyle Relay,2016-01-01,127041,71,,4609
Swimming,Swimming Women's 4 x 100 metres Freestyle Relay,2016-01-01,127216,195,Silver,4610
Swimming,Swimming Women's 100 metres Butterfly,2016-01-01,127216,195,Bronze,4611
Swimming,Swimming Women's 4 x 100 metres Medley Relay,2016-01-01,127216,195,Gold,4612
Swimming,Swimming Men's 100 metres Breaststroke,2016-01-01,127260,71,,4613
Swimming,Swimming Men's 4 x 100 metres Medley Relay,2016-01-01,127260,71,,4614
Track and Field,Women's Marathon,2016-01-01,127459,183,,4615
Track and Field,Women's Heptathlon,2016-01-01,127505,198,,4616
Swimming,Swimming Women's 100 metres Butterfly,2016-01-01,127572,74,,4617
Swimming,Swimming Women's 100 metres Breaststroke,2016-01-01,127590,167,,4618
Track and Field,Women's Marathon,2016-01-01,127594,52,,4619
Track and Field,Women's Marathon,2016-01-01,127600,49,,4620
Track and Field,Women's Triple Jump,2016-01-01,127740,18,,4621
Track and Field,Men's Hammer Throw,2016-01-01,127759,193,,4622
Track and Field,Men's 20 kilometres Walk,2016-01-01,127784,97,,4623
Gymnastics,Gymnastics Women's Team All-Around,2016-01-01,127848,19,,4624
Gymnastics,Gymnastics Women's Floor Exercise,2016-01-01,127848,19,,4625
Gymnastics,Gymnastics Women's Uneven Bars,2016-01-01,127848,19,,4626
Gymnastics,Gymnastics Women's Balance Beam,2016-01-01,127848,19,,4627
Track and Field,Women's 100 metres,2016-01-01,127933,176,,4628
Track and Field,"Women's 3,000 metres Steeplechase",2016-01-01,127981,73,,4629
Track and Field,Men's Javelin Throw,2016-01-01,128033,187,Bronze,4630
Swimming,Swimming Men's 100 metres Backstroke,2016-01-01,128145,73,,4631
Swimming,Swimming Men's 4 x 100 metres Medley Relay,2016-01-01,128145,73,Silver,4632
Swimming,Swimming Men's 4 x 200 metres Freestyle Relay,2016-01-01,128156,73,Silver,4633
Swimming,Swimming Men's 200 metres Individual Medley,2016-01-01,128156,73,,4634
Track and Field,Men's 4 x 100 metres Relay,2016-01-01,128263,7,,4635
Track and Field,Men's 400 metres,2016-01-01,128272,94,,4636
Track and Field,Men's 4 x 400 metres Relay,2016-01-01,128272,94,,4637
Track and Field,Men's 4 x 100 metres Relay,2016-01-01,128281,7,,4638
Track and Field,Men's Shot Put,2016-01-01,128283,131,Bronze,4639
Track and Field,Women's 800 metres,2016-01-01,128366,97,Bronze,4640
Gymnastics,Gymnastics Men's Individual All-Around,2016-01-01,128369,130,,4641
Gymnastics,Gymnastics Men's Team All-Around,2016-01-01,128369,130,,4642
Gymnastics,Gymnastics Men's Floor Exercise,2016-01-01,128369,130,,4643
Gymnastics,Gymnastics Men's Parallel Bars,2016-01-01,128369,130,,4644
Gymnastics,Gymnastics Men's Horizontal Bar,2016-01-01,128369,130,,4645
Gymnastics,Gymnastics Men's Rings,2016-01-01,128369,130,,4646
Gymnastics,Gymnastics Men's Pommelled Horse,2016-01-01,128369,130,,4647
Track and Field,Women's 800 metres,2016-01-01,128429,40,,4648
Track and Field,Men's Long Jump,2016-01-01,128478,40,,4649
Swimming,Swimming Women's 4 x 200 metres Freestyle Relay,2016-01-01,128558,40,,4650
Swimming,Swimming Men's 200 metres Individual Medley,2016-01-01,128565,40,Bronze,4651
Swimming,Swimming Men's 400 metres Individual Medley,2016-01-01,128565,40,,4652
Swimming,Swimming Women's 100 metres Backstroke,2016-01-01,128613,40,,4653
Gymnastics,Gymnastics Women's Individual All-Around,2016-01-01,128618,40,,4654
Gymnastics,Gymnastics Women's Team All-Around,2016-01-01,128618,40,Bronze,4655
Gymnastics,Gymnastics Women's Floor Exercise,2016-01-01,128618,40,,4656
Gymnastics,Gymnastics Women's Horse Vault,2016-01-01,128618,40,,4657
Gymnastics,Gymnastics Women's Uneven Bars,2016-01-01,128618,40,,4658
Gymnastics,Gymnastics Women's Balance Beam,2016-01-01,128618,40,,4659
Track and Field,Men's High Jump,2016-01-01,128637,40,,4660
Track and Field,Men's 20 kilometres Walk,2016-01-01,128646,40,Gold,4661
Track and Field,Men's 50 kilometres Walk,2016-01-01,128647,40,,4662
Track and Field,Women's Hammer Throw,2016-01-01,128648,40,,4663
Track and Field,Women's 20 kilometres Walk,2016-01-01,128674,97,,4664
Track and Field,Men's Marathon,2016-01-01,128717,195,,4665
Track and Field,Men's 400 metres Hurdles,2016-01-01,128755,136,,4666
Track and Field,Men's Decathlon,2016-01-01,128773,34,Bronze,4667
Swimming,Swimming Men's 100 metres Breaststroke,2016-01-01,128883,94,,4668
Swimming,Swimming Men's 200 metres Breaststroke,2016-01-01,128883,94,,4669
Swimming,Swimming Women's 100 metres Breaststroke,2016-01-01,128885,94,,4670
Swimming,Swimming Women's 200 metres Breaststroke,2016-01-01,128885,94,,4671
Track and Field,Men's 4 x 400 metres Relay,2016-01-01,128945,19,,4672
Swimming,Swimming Women's 100 metres Backstroke,2016-01-01,128957,196,,4673
Track and Field,Women's 400 metres Hurdles,2016-01-01,128987,34,,4674
Track and Field,Women's 4 x 400 metres Relay,2016-01-01,128987,34,,4675
Swimming,Swimming Women's 100 metres Butterfly,2016-01-01,129003,67,,4676
Swimming,Swimming Women's 4 x 100 metres Medley Relay,2016-01-01,129003,67,,4677
Track and Field,Men's 200 metres,2016-01-01,129082,195,,4678
Track and Field,Men's Javelin Throw,2016-01-01,129138,71,,4679
Swimming,Swimming Women's 10 kilometres Open Water,2016-01-01,129148,170,,4680
Track and Field,Women's Pole Vault,2016-01-01,129231,195,,4681
Swimming,Swimming Men's 10 kilometres Open Water,2016-01-01,129236,130,Gold,4682
Track and Field,Women's 100 metres,2016-01-01,129297,40,,4683
Track and Field,Women's 4 x 100 metres Relay,2016-01-01,129297,40,,4684
Track and Field,"Women's 1,500 metres",2016-01-01,129333,73,,4685
Track and Field,Women's Marathon,2016-01-01,129334,11,,4686
Swimming,Swimming Men's 10 kilometres Open Water,2016-01-01,129372,34,,4687
Swimming,Swimming Women's 4 x 100 metres Freestyle Relay,2016-01-01,129402,195,Silver,4688
Track and Field,Men's Discus Throw,2016-01-01,129445,12,,4689
Swimming,Swimming Women's 50 metres Freestyle,2016-01-01,129476,195,,4690
Swimming,Swimming Women's 100 metres Freestyle,2016-01-01,129476,195,,4691
Swimming,Swimming Women's 4 x 100 metres Freestyle Relay,2016-01-01,129476,195,Silver,4692
Swimming,Swimming Women's 4 x 100 metres Medley Relay,2016-01-01,129476,195,Gold,4693
Swimming,"Swimming Men's 1,500 metres Freestyle",2016-01-01,129499,71,,4694
Track and Field,"Women's 5,000 metres",2016-01-01,129512,11,,4695
Track and Field,"Women's 10,000 metres",2016-01-01,129512,11,,4696
Swimming,Swimming Women's 100 metres Butterfly,2016-01-01,129634,71,,4697
Swimming,Swimming Women's 200 metres Individual Medley,2016-01-01,129634,71,,4698
Swimming,Swimming Women's 4 x 100 metres Medley Relay,2016-01-01,129634,71,,4699
Track and Field,"Women's 5,000 metres",2016-01-01,129657,12,,4700
Track and Field,Men's 100 metres,2016-01-01,129744,81,,4701
Track and Field,Men's Marathon,2016-01-01,129795,11,,4702
Track and Field,Women's Long Jump,2016-01-01,129801,71,,4703
Swimming,Swimming Men's 4 x 200 metres Freestyle Relay,2016-01-01,129834,53,,4704
Gymnastics,Gymnastics Women's Individual All-Around,2016-01-01,129896,130,,4705
Gymnastics,Gymnastics Women's Team All-Around,2016-01-01,129896,130,,4706
Gymnastics,Gymnastics Women's Floor Exercise,2016-01-01,129896,130,,4707
Gymnastics,Gymnastics Women's Uneven Bars,2016-01-01,129896,130,,4708
Gymnastics,Gymnastics Women's Balance Beam,2016-01-01,129896,130,,4709
Gymnastics,Gymnastics Women's Team All-Around,2016-01-01,129898,130,,4710
Gymnastics,Gymnastics Women's Uneven Bars,2016-01-01,129898,130,,4711
Gymnastics,Gymnastics Women's Balance Beam,2016-01-01,129898,130,Gold,4712
Gymnastics,Gymnastics Men's Individual All-Around,2016-01-01,130071,73,Bronze,4713
Gymnastics,Gymnastics Men's Team All-Around,2016-01-01,130071,73,,4714
Gymnastics,Gymnastics Men's Floor Exercise,2016-01-01,130071,73,Gold,4715
Gymnastics,Gymnastics Men's Parallel Bars,2016-01-01,130071,73,,4716
Gymnastics,Gymnastics Men's Horizontal Bar,2016-01-01,130071,73,,4717
Gymnastics,Gymnastics Men's Rings,2016-01-01,130071,73,,4718
Gymnastics,Gymnastics Men's Pommelled Horse,2016-01-01,130071,73,Gold,4719
Track and Field,"Women's 5,000 metres",2016-01-01,130103,73,,4720
Track and Field,Women's 100 metres Hurdles,2016-01-01,130110,34,,4721
Track and Field,Men's 400 metres Hurdles,2016-01-01,130111,93,,4722
Swimming,Swimming Men's 50 metres Freestyle,2016-01-01,130255,71,,4723
Swimming,Swimming Men's 100 metres Freestyle,2016-01-01,130255,71,,4724
Swimming,Swimming Men's 4 x 100 metres Freestyle Relay,2016-01-01,130255,71,,4725
Swimming,Swimming Men's 4 x 100 metres Medley Relay,2016-01-01,130255,71,,4726
Track and Field,Men's Decathlon,2016-01-01,130284,146,,4727
Swimming,"Swimming Men's 1,500 metres Freestyle",2016-01-01,130442,195,,4728
Swimming,Swimming Men's 10 kilometres Open Water,2016-01-01,130442,195,,4729
Swimming,Swimming Women's 100 metres Freestyle,2016-01-01,130443,146,,4730
Swimming,Swimming Women's 4 x 100 metres Freestyle Relay,2016-01-01,130443,146,,4731
Track and Field,Women's 800 metres,2016-01-01,130566,195,,4732
Track and Field,Women's 100 metres,2016-01-01,130568,93,,4733
Track and Field,Women's 4 x 100 metres Relay,2016-01-01,130568,93,Silver,4734
Track and Field,Men's 4 x 400 metres Relay,2016-01-01,130579,73,,4735
Track and Field,Women's 200 metres,2016-01-01,130614,73,,4736
Track and Field,Women's Heptathlon,2016-01-01,130623,195,,4737
Track and Field,Women's Triple Jump,2016-01-01,130625,93,,4738
Swimming,Swimming Women's 50 metres Freestyle,2016-01-01,130645,34,,4739
Swimming,Swimming Women's 4 x 100 metres Freestyle Relay,2016-01-01,130645,34,Bronze,4740
Track and Field,Women's 100 metres Hurdles,2016-01-01,130673,93,,4741
Track and Field,Women's 200 metres,2016-01-01,130686,154,,4742
Gymnastics,Gymnastics Women's Individual All-Around,2016-01-01,130692,93,,4743
Gymnastics,Gymnastics Women's Floor Exercise,2016-01-01,130692,93,,4744
Gymnastics,Gymnastics Women's Uneven Bars,2016-01-01,130692,93,,4745
Gymnastics,Gymnastics Women's Balance Beam,2016-01-01,130692,93,,4746
Track and Field,Women's 4 x 400 metres Relay,2016-01-01,130707,93,Silver,4747
Swimming,Swimming Men's 200 metres Breaststroke,2016-01-01,130728,73,,4748
Track and Field,"Men's 1,500 metres",2016-01-01,130734,131,Bronze,4749
Swimming,Swimming Women's 200 metres Butterfly,2016-01-01,130741,73,,4750
Swimming,Swimming Women's 400 metres Individual Medley,2016-01-01,130741,73,,4751
Track and Field,Women's 800 metres,2016-01-01,130774,195,,4752
Track and Field,Men's High Jump,2016-01-01,130836,14,,4753
Swimming,Swimming Women's 4 x 100 metres Freestyle Relay,2016-01-01,130864,11,Gold,4754
Swimming,Swimming Women's 100 metres Backstroke,2016-01-01,130864,11,,4755
Swimming,Swimming Women's 4 x 100 metres Medley Relay,2016-01-01,130864,11,Silver,4756
Track and Field,Women's 100 metres Hurdles,2016-01-01,130872,93,,4757
Gymnastics,Gymnastics Men's Individual All-Around,2016-01-01,130874,73,,4758
Gymnastics,Gymnastics Men's Team All-Around,2016-01-01,130874,73,,4759
Gymnastics,Gymnastics Men's Floor Exercise,2016-01-01,130874,73,,4760
Gymnastics,Gymnastics Men's Parallel Bars,2016-01-01,130874,73,,4761
Gymnastics,Gymnastics Men's Horizontal Bar,2016-01-01,130874,73,Bronze,4762
Gymnastics,Gymnastics Men's Rings,2016-01-01,130874,73,,4763
Gymnastics,Gymnastics Men's Pommelled Horse,2016-01-01,130874,73,,4764
Track and Field,Women's 100 metres,2016-01-01,130981,116,,4765
Track and Field,Men's Hammer Throw,2016-01-01,131006,195,,4766
Track and Field,"Men's 3,000 metres Steeplechase",2016-01-01,131031,34,,4767
Track and Field,Women's 100 metres,2016-01-01,131118,142,,4768
Track and Field,Women's Hammer Throw,2016-01-01,131193,146,Gold,4769
Track and Field,"Women's 10,000 metres",2016-01-01,131204,34,,4770
Track and Field,Women's Hammer Throw,2016-01-01,131238,71,,4771
Track and Field,Men's Pole Vault,2016-01-01,131246,146,,4772
Swimming,Swimming Men's 400 metres Freestyle,2016-01-01,131255,146,,4773
Swimming,"Swimming Men's 1,500 metres Freestyle",2016-01-01,131255,146,,4774
Track and Field,"Men's 1,500 metres",2016-01-01,131281,63,,4775
Swimming,Swimming Men's 4 x 100 metres Freestyle Relay,2016-01-01,131324,71,,4776
Swimming,Swimming Men's 100 metres Backstroke,2016-01-01,131406,171,,4777
Gymnastics,Gymnastics Women's Team All-Around,2016-01-01,131456,34,,4778
Gymnastics,Gymnastics Women's Floor Exercise,2016-01-01,131456,34,,4779
Gymnastics,Gymnastics Women's Uneven Bars,2016-01-01,131456,34,,4780
Gymnastics,Gymnastics Women's Balance Beam,2016-01-01,131456,34,,4781
Track and Field,Men's High Jump,2016-01-01,131457,171,,4782
Swimming,Swimming Women's 100 metres Butterfly,2016-01-01,131614,195,,4783
Swimming,Swimming Women's 4 x 100 metres Medley Relay,2016-01-01,131614,195,Gold,4784
Track and Field,Men's 20 kilometres Walk,2016-01-01,131682,90,,4785
Track and Field,Men's 50 kilometres Walk,2016-01-01,131682,90,,4786
Track and Field,Women's 100 metres Hurdles,2016-01-01,131820,40,,4787
Swimming,Swimming Men's 200 metres Butterfly,2016-01-01,131845,40,,4788
Track and Field,Women's 400 metres,2016-01-01,131924,146,,4789
Track and Field,Women's 4 x 400 metres Relay,2016-01-01,131924,146,,4790
Swimming,Swimming Men's 100 metres Backstroke,2016-01-01,131955,93,,4791
Swimming,Swimming Men's 50 metres Freestyle,2016-01-01,131957,146,,4792
Track and Field,Men's 110 metres Hurdles,2016-01-01,132022,40,,4793
Track and Field,Men's 100 metres,2016-01-01,132027,40,,4794
Track and Field,Men's 4 x 100 metres Relay,2016-01-01,132027,40,,4795
Swimming,Swimming Women's 10 kilometres Open Water,2016-01-01,132033,40,,4796
Swimming,Swimming Men's 100 metres Backstroke,2016-01-01,132065,40,Silver,4797
Swimming,Swimming Men's 200 metres Backstroke,2016-01-01,132065,40,,4798
Swimming,Swimming Men's 4 x 100 metres Medley Relay,2016-01-01,132065,40,,4799
Track and Field,Men's Triple Jump,2016-01-01,132087,40,,4800
Track and Field,Men's Pole Vault,2016-01-01,132111,40,,4801
Track and Field,Men's 400 metres,2016-01-01,132177,86,,4802
Track and Field,Men's 4 x 400 metres Relay,2016-01-01,132177,86,,4803
Track and Field,Women's Pole Vault,2016-01-01,132197,18,,4804
Track and Field,Men's High Jump,2016-01-01,132199,193,,4805
Track and Field,Men's 100 metres,2016-01-01,132276,94,,4806
Track and Field,Men's 4 x 100 metres Relay,2016-01-01,132276,94,Silver,4807
Swimming,Swimming Women's 4 x 100 metres Freestyle Relay,2016-01-01,132287,94,,4808
Track and Field,Men's Pole Vault,2016-01-01,132322,94,,4809
Gymnastics,Gymnastics Men's Team All-Around,2016-01-01,132340,94,Gold,4810
Gymnastics,Gymnastics Men's Parallel Bars,2016-01-01,132340,94,,4811
Gymnastics,Gymnastics Men's Horizontal Bar,2016-01-01,132340,94,,4812
Gymnastics,Gymnastics Men's Rings,2016-01-01,132340,94,,4813
Gymnastics,Gymnastics Men's Pommelled Horse,2016-01-01,132340,94,,4814
Track and Field,Men's Triple Jump,2016-01-01,132367,94,,4815
Swimming,Swimming Men's 100 metres Breaststroke,2016-01-01,132423,40,,4816
Track and Field,Men's Marathon,2016-01-01,132460,39,,4817
Track and Field,Women's 100 metres Hurdles,2016-01-01,132611,193,,4818
Track and Field,Men's Pole Vault,2016-01-01,132622,40,,4819
Track and Field,Men's 100 metres,2016-01-01,132637,165,,4820
Track and Field,Men's 200 metres,2016-01-01,132640,15,,4821
Track and Field,Women's 800 metres,2016-01-01,132649,21,,4822
Track and Field,Women's 20 kilometres Walk,2016-01-01,132707,18,,4823
Track and Field,Men's 110 metres Hurdles,2016-01-01,132726,94,,4824
Swimming,Swimming Women's 200 metres Individual Medley,2016-01-01,132744,40,,4825
Swimming,Swimming Women's 400 metres Individual Medley,2016-01-01,132744,40,,4826
Swimming,Swimming Women's 100 metres Breaststroke,2016-01-01,132765,152,Silver,4827
Swimming,Swimming Women's 200 metres Breaststroke,2016-01-01,132765,152,Silver,4828
Swimming,Swimming Women's 4 x 100 metres Medley Relay,2016-01-01,132765,152,,4829
Track and Field,Men's Javelin Throw,2016-01-01,132776,97,Silver,4830
Track and Field,"Women's 5,000 metres",2016-01-01,132909,63,,4831
Gymnastics,Gymnastics Women's Individual All-Around,2016-01-01,132980,189,,4832
Gymnastics,Gymnastics Women's Floor Exercise,2016-01-01,132980,189,,4833
Gymnastics,Gymnastics Women's Uneven Bars,2016-01-01,132980,189,,4834
Gymnastics,Gymnastics Women's Balance Beam,2016-01-01,132980,189,,4835
Track and Field,Women's Marathon,2016-01-01,133001,83,,4836
Swimming,Swimming Women's 200 metres Backstroke,2016-01-01,133115,88,,4837
Gymnastics,Gymnastics Men's Team All-Around,2016-01-01,133174,40,Bronze,4838
Gymnastics,Gymnastics Men's Parallel Bars,2016-01-01,133174,40,,4839
Gymnastics,Gymnastics Men's Horizontal Bar,2016-01-01,133174,40,,4840
Gymnastics,Gymnastics Men's Rings,2016-01-01,133174,40,,4841
Gymnastics,Gymnastics Men's Pommelled Horse,2016-01-01,133174,40,,4842
Track and Field,"Men's 3,000 metres Steeplechase",2016-01-01,133252,175,,4843
Track and Field,Women's 100 metres,2016-01-01,133277,1,,4844
Swimming,Swimming Men's 50 metres Freestyle,2016-01-01,133313,40,,4845
Swimming,Swimming Men's 100 metres Freestyle,2016-01-01,133313,40,,4846
Swimming,Swimming Men's 4 x 100 metres Freestyle Relay,2016-01-01,133313,40,,4847
Swimming,Swimming Women's 200 metres Breaststroke,2016-01-01,133336,40,,4848
Track and Field,Men's 50 kilometres Walk,2016-01-01,133372,40,,4849
Gymnastics,Gymnastics Men's Team All-Around,2016-01-01,133375,171,,4850
Gymnastics,Gymnastics Men's Parallel Bars,2016-01-01,133375,171,,4851
Gymnastics,Gymnastics Men's Horizontal Bar,2016-01-01,133375,171,,4852
Gymnastics,Gymnastics Men's Rings,2016-01-01,133375,171,,4853
Track and Field,Women's 100 metres,2016-01-01,133399,40,,4854
Track and Field,Women's 4 x 100 metres Relay,2016-01-01,133399,40,,4855
Track and Field,Women's Marathon,2016-01-01,133423,40,,4856
Track and Field,Men's High Jump,2016-01-01,133489,171,,4857
Track and Field,Men's 20 kilometres Walk,2016-01-01,133521,144,,4858
Gymnastics,Gymnastics Men's Individual All-Around,2016-01-01,133546,179,,4859
Gymnastics,Gymnastics Men's Team All-Around,2016-01-01,133546,179,,4860
Gymnastics,Gymnastics Men's Floor Exercise,2016-01-01,133546,179,,4861
Gymnastics,Gymnastics Men's Parallel Bars,2016-01-01,133546,179,,4862
Gymnastics,Gymnastics Men's Horizontal Bar,2016-01-01,133546,179,,4863
Gymnastics,Gymnastics Men's Rings,2016-01-01,133546,179,,4864
Gymnastics,Gymnastics Men's Pommelled Horse,2016-01-01,133546,179,,4865
Swimming,Swimming Men's 400 metres Freestyle,2016-01-01,133604,146,,4866
Swimming,Swimming Women's 10 kilometres Open Water,2016-01-01,133626,146,,4867
Track and Field,Women's 100 metres Hurdles,2016-01-01,133682,19,,4868
Track and Field,Men's 100 metres,2016-01-01,133698,1,,4869
Swimming,Swimming Women's 200 metres Individual Medley,2016-01-01,133727,12,,4870
Track and Field,Men's 200 metres,2016-01-01,133835,146,,4871
Track and Field,"Men's 3,000 metres Steeplechase",2016-01-01,133836,146,,4872
Track and Field,Men's 4 x 400 metres Relay,2016-01-01,133859,42,,4873
Track and Field,Men's Marathon,2016-01-01,133871,197,,4874
Swimming,Swimming Women's 4 x 200 metres Freestyle Relay,2016-01-01,133879,173,,4875
Swimming,Swimming Women's 200 metres Backstroke,2016-01-01,133879,173,,4876
Swimming,Swimming Women's 200 metres Individual Medley,2016-01-01,133879,173,,4877
Gymnastics,Gymnastics Men's Team All-Around,2016-01-01,133931,26,,4878
Gymnastics,Gymnastics Men's Rings,2016-01-01,133931,26,Silver,4879
Track and Field,Women's 100 metres,2016-01-01,133940,68,,4880
Track and Field,Men's Triple Jump,2016-01-01,133944,30,,4881
Swimming,Swimming Men's 100 metres Breaststroke,2016-01-01,133957,152,,4882
Gymnastics,Gymnastics Men's Floor Exercise,2016-01-01,133984,173,,4883
Swimming,Swimming Women's 200 metres Individual Medley,2016-01-01,134094,52,,4884
Swimming,Swimming Women's 400 metres Individual Medley,2016-01-01,134094,52,,4885
Track and Field,Men's Javelin Throw,2016-01-01,134146,198,,4886
Swimming,Swimming Men's 200 metres Butterfly,2016-01-01,134169,167,,4887
Track and Field,Women's 400 metres,2016-01-01,134325,193,,4888
Track and Field,Women's 4 x 400 metres Relay,2016-01-01,134325,193,,4889
Track and Field,Men's 50 kilometres Walk,2016-01-01,134358,120,,4890
Swimming,Swimming Women's 100 metres Backstroke,2016-01-01,134359,99,,4891
Swimming,Swimming Women's 200 metres Backstroke,2016-01-01,134396,193,,4892
Track and Field,Men's 4 x 100 metres Relay,2016-01-01,134401,67,,4893
Track and Field,Women's Marathon,2016-01-01,134420,96,,4894
Gymnastics,Gymnastics Men's Team All-Around,2016-01-01,134433,40,Bronze,4895
Gymnastics,Gymnastics Men's Floor Exercise,2016-01-01,134433,40,,4896
Gymnastics,Gymnastics Men's Parallel Bars,2016-01-01,134433,40,,4897
Gymnastics,Gymnastics Men's Horizontal Bar,2016-01-01,134433,40,,4898
Track and Field,Men's High Jump,2016-01-01,134457,40,,4899
Track and Field,Men's 100 metres,2016-01-01,134528,40,,4900
Track and Field,Men's 4 x 100 metres Relay,2016-01-01,134528,40,,4901
Swimming,Swimming Men's 100 metres Butterfly,2016-01-01,134532,40,,4902
Track and Field,Women's Hammer Throw,2016-01-01,134559,40,Silver,4903
Track and Field,"Women's 3,000 metres Steeplechase",2016-01-01,134582,40,,4904
Swimming,Swimming Women's 100 metres Breaststroke,2016-01-01,134583,40,,4905
Swimming,Swimming Women's 4 x 100 metres Medley Relay,2016-01-01,134583,40,,4906
Swimming,Swimming Women's 200 metres Butterfly,2016-01-01,134615,40,,4907
Swimming,Swimming Women's 400 metres Freestyle,2016-01-01,134617,40,,4908
Swimming,Swimming Women's 800 metres Freestyle,2016-01-01,134617,40,,4909
Swimming,Swimming Women's 4 x 200 metres Freestyle Relay,2016-01-01,134617,40,,4910
Swimming,Swimming Men's 50 metres Freestyle,2016-01-01,134699,99,,4911
Swimming,Swimming Women's 200 metres Individual Medley,2016-01-01,134803,40,,4912
Swimming,Swimming Women's 400 metres Individual Medley,2016-01-01,134803,40,,4913
Swimming,Swimming Women's 200 metres Butterfly,2016-01-01,134827,40,,4914
Swimming,Swimming Women's 100 metres Freestyle,2016-01-01,134849,40,,4915
Swimming,Swimming Women's 4 x 100 metres Freestyle Relay,2016-01-01,134849,40,,4916
Swimming,Swimming Women's 4 x 100 metres Medley Relay,2016-01-01,134849,40,,4917
Track and Field,Men's Marathon,2016-01-01,134855,40,,4918
Track and Field,Men's Decathlon,2016-01-01,134960,195,,4919
Track and Field,Men's 20 kilometres Walk,2016-01-01,135037,26,,4920
Track and Field,Men's 20 kilometres Walk,2016-01-01,135123,108,,4921
Swimming,Swimming Women's 4 x 100 metres Medley Relay,2016-01-01,135192,92,,4922
Track and Field,Women's Hammer Throw,2016-01-01,135223,193,,4923
Gymnastics,Gymnastics Men's Team All-Around,2016-01-01,135228,130,,4924
Gymnastics,Gymnastics Men's Horizontal Bar,2016-01-01,135228,130,,4925
Track and Field,Men's 20 kilometres Walk,2016-01-01,135236,89,,4926
Track and Field,Women's Heptathlon,2016-01-01,135312,84,,4927
Swimming,Swimming Men's 10 kilometres Open Water,2016-01-01,135318,40,,4928
Track and Field,Women's 100 metres,2016-01-01,135410,113,,4929
Track and Field,Men's Shot Put,2016-01-01,135431,49,,4930
Track and Field,Women's Marathon,2016-01-01,135477,108,,4931
Swimming,Swimming Women's 100 metres Backstroke,2016-01-01,135489,152,,4932
Swimming,Swimming Women's 200 metres Backstroke,2016-01-01,135489,152,,4933
Swimming,Swimming Women's 4 x 100 metres Medley Relay,2016-01-01,135489,152,,4934
Track and Field,Women's 100 metres,2016-01-01,135547,96,,4935
Track and Field,Women's 200 metres,2016-01-01,135547,96,,4936
Track and Field,Women's 4 x 100 metres Relay,2016-01-01,135547,96,,4937
Alpine Skiing,Alpine Skiing Women's Slalom,2014-01-01,126,89,,1
Alpine Skiing,Alpine Skiing Women's Super G,2014-01-01,463,102,,2
Alpine Skiing,Alpine Skiing Women's Giant Slalom,2014-01-01,463,102,,3
Alpine Skiing,Alpine Skiing Women's Slalom,2014-01-01,463,102,,4
Alpine Skiing,Alpine Skiing Men's Giant Slalom,2014-01-01,532,70,,5
Alpine Skiing,Alpine Skiing Men's Slalom,2014-01-01,532,70,,6
Biathlon,Biathlon Men's 10 kilometres Sprint,2014-01-01,535,18,,7
Biathlon,Biathlon Mixed 2 x 6 kilometres and 2 x 7.5 kilometres Relay,2014-01-01,535,18,,8
Biathlon,Biathlon Men's 12.5 kilometres Pursuit,2014-01-01,535,18,,9
Biathlon,Biathlon Men's 20 kilometres,2014-01-01,535,18,,10
Biathlon,Biathlon Men's 4 x 7.5 kilometres Relay,2014-01-01,535,18,,11
Alpine Skiing,Alpine Skiing Men's Downhill,2014-01-01,679,151,,12
Alpine Skiing,Alpine Skiing Men's Combined,2014-01-01,679,151,,13
Alpine Skiing,Alpine Skiing Men's Slalom,2014-01-01,1053,179,,14
Alpine Skiing,Alpine Skiing Women's Giant Slalom,2014-01-01,1081,185,,15
Alpine Skiing,Alpine Skiing Women's Slalom,2014-01-01,1081,185,,16
Cross Country Skiing,Cross Country Skiing Women's 30 kilometres,2014-01-01,1200,92,,17
Cross Country Skiing,Cross Country Skiing Women's 15 km Skiathlon,2014-01-01,1200,92,,18
Cross Country Skiing,Cross Country Skiing Men's 15 kilometres,2014-01-01,1648,96,,19
Cross Country Skiing,Cross Country Skiing Men's 50 kilometres,2014-01-01,1648,96,,20
Alpine Skiing,Alpine Skiing Women's Downhill,2014-01-01,2414,73,,21
Alpine Skiing,Alpine Skiing Women's Super G,2014-01-01,2414,73,,22
Alpine Skiing,Alpine Skiing Women's Combined,2014-01-01,2414,73,,23
Alpine Skiing,Alpine Skiing Men's Downhill,2014-01-01,2551,122,,24
Alpine Skiing,Alpine Skiing Men's Super G,2014-01-01,2551,122,,25
Alpine Skiing,Alpine Skiing Men's Combined,2014-01-01,2551,122,,26
Biathlon,Biathlon Men's 10 kilometres Sprint,2014-01-01,3001,11,,27
Biathlon,Biathlon Men's 20 kilometres,2014-01-01,3001,11,,28
Alpine Skiing,Alpine Skiing Women's Slalom,2014-01-01,3048,152,,29
Cross Country Skiing,Cross Country Skiing Women's 10 kilometres,2014-01-01,3464,185,,30
Cross Country Skiing,Cross Country Skiing Women's 10 kilometres,2014-01-01,3473,34,,31
Cross Country Skiing,Cross Country Skiing Women's 30 kilometres,2014-01-01,3473,34,,32
Cross Country Skiing,Cross Country Skiing Women's 15 km Skiathlon,2014-01-01,3473,34,,33
Biathlon,Biathlon Men's 10 kilometres Sprint,2014-01-01,4257,29,,34
Biathlon,Biathlon Men's 12.5 kilometres Pursuit,2014-01-01,4257,29,,35
Biathlon,Biathlon Men's 20 kilometres,2014-01-01,4257,29,,36
Biathlon,Biathlon Men's 4 x 7.5 kilometres Relay,2014-01-01,4257,29,,37
Cross Country Skiing,Cross Country Skiing Men's Sprint,2014-01-01,4286,74,,38
Cross Country Skiing,Cross Country Skiing Women's Sprint,2014-01-01,4314,71,,39
Cross Country Skiing,Cross Country Skiing Men's 30 km Skiathlon,2014-01-01,4322,71,,40
Cross Country Skiing,Cross Country Skiing Men's 4 x 10 kilometres Relay,2014-01-01,4322,71,,41
Cross Country Skiing,Cross Country Skiing Men's 30 km Skiathlon,2014-01-01,4540,146,,42
Cross Country Skiing,Cross Country Skiing Men's 4 x 10 kilometres Relay,2014-01-01,4540,146,,43
Cross Country Skiing,Cross Country Skiing Women's Sprint,2014-01-01,4605,193,,44
Cross Country Skiing,Cross Country Skiing Women's 30 kilometres,2014-01-01,4605,193,,45
Cross Country Skiing,Cross Country Skiing Women's 15 km Skiathlon,2014-01-01,4605,193,,46
Cross Country Skiing,Cross Country Skiing Women's 4 x 5 kilometres Relay,2014-01-01,4605,193,,47
Cross Country Skiing,Cross Country Skiing Women's Sprint,2014-01-01,4953,108,,48
Cross Country Skiing,Cross Country Skiing Women's 10 kilometres,2014-01-01,4953,108,,49
Biathlon,Biathlon Men's 10 kilometres Sprint,2014-01-01,5431,178,,50
Biathlon,Biathlon Men's 12.5 kilometres Pursuit,2014-01-01,5431,178,,51
Biathlon,Biathlon Men's 20 kilometres,2014-01-01,5431,178,,52
Biathlon,Biathlon Men's 4 x 7.5 kilometres Relay,2014-01-01,5431,178,,53
Alpine Skiing,Alpine Skiing Women's Giant Slalom,2014-01-01,5517,85,,54
Alpine Skiing,Alpine Skiing Women's Slalom,2014-01-01,5517,85,,55
Alpine Skiing,Alpine Skiing Women's Super G,2014-01-01,5933,179,,56
Cross Country Skiing,Cross Country Skiing Women's Sprint,2014-01-01,6224,189,,57
Cross Country Skiing,Cross Country Skiing Women's 10 kilometres,2014-01-01,6224,189,,58
Cross Country Skiing,Cross Country Skiing Women's 15 km Skiathlon,2014-01-01,6224,189,,59
Cross Country Skiing,Cross Country Skiing Women's Sprint,2014-01-01,6258,67,,60
Cross Country Skiing,Cross Country Skiing Women's 10 kilometres,2014-01-01,6258,67,,61
Cross Country Skiing,Cross Country Skiing Women's 15 km Skiathlon,2014-01-01,6258,67,,62
Cross Country Skiing,Cross Country Skiing Women's 4 x 5 kilometres Relay,2014-01-01,6258,67,,63
Cross Country Skiing,Cross Country Skiing Women's Team Sprint,2014-01-01,6258,67,,64
Cross Country Skiing,Cross Country Skiing Men's 15 kilometres,2014-01-01,6460,34,,65
Cross Country Skiing,Cross Country Skiing Men's 50 kilometres,2014-01-01,6460,34,,66
Cross Country Skiing,Cross Country Skiing Men's 30 km Skiathlon,2014-01-01,6460,34,,67
Cross Country Skiing,Cross Country Skiing Men's 4 x 10 kilometres Relay,2014-01-01,6460,34,,68
Alpine Skiing,Alpine Skiing Men's Slalom,2014-01-01,6579,178,,69
Cross Country Skiing,Cross Country Skiing Men's 15 kilometres,2014-01-01,6608,67,,70
Biathlon,Biathlon Men's 10 kilometres Sprint,2014-01-01,6899,195,,71
Biathlon,Biathlon Mixed 2 x 6 kilometres and 2 x 7.5 kilometres Relay,2014-01-01,6899,195,,72
Biathlon,Biathlon Men's 12.5 kilometres Pursuit,2014-01-01,6899,195,,73
Biathlon,Biathlon Men's 15 kilometres Mass Start,2014-01-01,6899,195,,74
Biathlon,Biathlon Men's 20 kilometres,2014-01-01,6899,195,,75
Biathlon,Biathlon Men's 4 x 7.5 kilometres Relay,2014-01-01,6899,195,,76
Cross Country Skiing,Cross Country Skiing Men's 15 kilometres,2014-01-01,6966,166,,77
Cross Country Skiing,Cross Country Skiing Men's 50 kilometres,2014-01-01,6966,166,,78
Cross Country Skiing,Cross Country Skiing Men's 30 km Skiathlon,2014-01-01,6966,166,,79
Cross Country Skiing,Cross Country Skiing Men's Team Sprint,2014-01-01,6966,166,,80
Alpine Skiing,Alpine Skiing Women's Giant Slalom,2014-01-01,7433,11,,81
Alpine Skiing,Alpine Skiing Women's Slalom,2014-01-01,7433,11,,82
Alpine Skiing,Alpine Skiing Women's Giant Slalom,2014-01-01,7464,8,,83
Alpine Skiing,Alpine Skiing Women's Slalom,2014-01-01,7464,8,,84
Alpine Skiing,Alpine Skiing Men's Downhill,2014-01-01,7536,52,,85
Alpine Skiing,Alpine Skiing Men's Super G,2014-01-01,7536,52,,86
Alpine Skiing,Alpine Skiing Men's Giant Slalom,2014-01-01,7536,52,,87
Alpine Skiing,Alpine Skiing Men's Combined,2014-01-01,7536,52,,88
Alpine Skiing,Alpine Skiing Women's Downhill,2014-01-01,7640,39,,89
Alpine Skiing,Alpine Skiing Women's Giant Slalom,2014-01-01,7640,39,,90
Alpine Skiing,Alpine Skiing Women's Slalom,2014-01-01,7640,39,,91
Alpine Skiing,Alpine Skiing Women's Combined,2014-01-01,7640,39,,92
Alpine Skiing,Alpine Skiing Men's Giant Slalom,2014-01-01,7778,151,,93
Alpine Skiing,Alpine Skiing Men's Slalom,2014-01-01,7778,151,,94
Biathlon,Biathlon Women's 15 kilometres,2014-01-01,7962,195,,95
Alpine Skiing,Alpine Skiing Women's Giant Slalom,2014-01-01,8274,67,,96
Alpine Skiing,Alpine Skiing Women's Slalom,2014-01-01,8274,67,,97
Alpine Skiing,Alpine Skiing Men's Giant Slalom,2014-01-01,8380,131,,98
Alpine Skiing,Alpine Skiing Men's Slalom,2014-01-01,8380,131,,99
Alpine Skiing,Alpine Skiing Women's Giant Slalom,2014-01-01,8668,67,,100
Alpine Skiing,Alpine Skiing Women's Slalom,2014-01-01,8668,67,,101
Biathlon,Biathlon Men's 10 kilometres Sprint,2014-01-01,8709,167,,102
Biathlon,Biathlon Men's 12.5 kilometres Pursuit,2014-01-01,8709,167,,103
Biathlon,Biathlon Men's 20 kilometres,2014-01-01,8709,167,,104
Biathlon,Biathlon Men's 4 x 7.5 kilometres Relay,2014-01-01,8709,167,,105
Cross Country Skiing,Cross Country Skiing Men's 15 kilometres,2014-01-01,8712,52,,106
Cross Country Skiing,Cross Country Skiing Men's 50 kilometres,2014-01-01,8712,52,,107
Cross Country Skiing,Cross Country Skiing Men's 4 x 10 kilometres Relay,2014-01-01,8712,52,,108
Cross Country Skiing,Cross Country Skiing Men's 15 kilometres,2014-01-01,8767,179,,109
Cross Country Skiing,Cross Country Skiing Men's 30 km Skiathlon,2014-01-01,8767,179,,110
Cross Country Skiing,Cross Country Skiing Men's 4 x 10 kilometres Relay,2014-01-01,8767,179,,111
Alpine Skiing,Alpine Skiing Men's Combined,2014-01-01,8771,12,,112
Biathlon,Biathlon Men's 10 kilometres Sprint,2014-01-01,9048,67,,113
Biathlon,Biathlon Mixed 2 x 6 kilometres and 2 x 7.5 kilometres Relay,2014-01-01,9048,67,,114
Biathlon,Biathlon Men's 12.5 kilometres Pursuit,2014-01-01,9048,67,Bronze,115
Biathlon,Biathlon Men's 15 kilometres Mass Start,2014-01-01,9048,67,,116
Biathlon,Biathlon Men's 20 kilometres,2014-01-01,9048,67,,117
Biathlon,Biathlon Men's 4 x 7.5 kilometres Relay,2014-01-01,9048,67,,118
Alpine Skiing,Alpine Skiing Women's Downhill,2014-01-01,9279,152,,119
Alpine Skiing,Alpine Skiing Women's Super G,2014-01-01,9279,152,,120
Alpine Skiing,Alpine Skiing Women's Giant Slalom,2014-01-01,9279,152,,121
Alpine Skiing,Alpine Skiing Women's Giant Slalom,2014-01-01,9635,90,,122
Alpine Skiing,Alpine Skiing Women's Slalom,2014-01-01,9635,90,,123
Cross Country Skiing,Cross Country Skiing Men's Sprint,2014-01-01,9697,11,,124
Cross Country Skiing,Cross Country Skiing Men's 15 kilometres,2014-01-01,9697,11,,125
Cross Country Skiing,Cross Country Skiing Men's Team Sprint,2014-01-01,9697,11,,126
Cross Country Skiing,Cross Country Skiing Men's 15 kilometres,2014-01-01,9785,152,,127
Cross Country Skiing,Cross Country Skiing Men's 30 km Skiathlon,2014-01-01,9785,152,,128
Alpine Skiing,Alpine Skiing Men's Downhill,2014-01-01,9994,166,,129
Alpine Skiing,Alpine Skiing Men's Super G,2014-01-01,9994,166,,130
Alpine Skiing,Alpine Skiing Men's Combined,2014-01-01,9994,166,,131
Alpine Skiing,Alpine Skiing Men's Giant Slalom,2014-01-01,10101,70,,132
Alpine Skiing,Alpine Skiing Men's Slalom,2014-01-01,10101,70,,133
Alpine Skiing,Alpine Skiing Women's Downhill,2014-01-01,10324,84,,134
Alpine Skiing,Alpine Skiing Women's Super G,2014-01-01,10324,84,,135
Alpine Skiing,Alpine Skiing Women's Giant Slalom,2014-01-01,10324,84,,136
Alpine Skiing,Alpine Skiing Women's Slalom,2014-01-01,10324,84,,137
Alpine Skiing,Alpine Skiing Women's Combined,2014-01-01,10324,84,,138
Biathlon,Biathlon Women's 7.5 kilometres Sprint,2014-01-01,10467,136,,139
Biathlon,Biathlon Mixed 2 x 6 kilometres and 2 x 7.5 kilometres Relay,2014-01-01,10467,136,Gold,140
Biathlon,Biathlon Women's 10 kilometres Pursuit,2014-01-01,10467,136,Silver,141
Biathlon,Biathlon Women's 12.5 kilometres Mass Start,2014-01-01,10467,136,,142
Biathlon,Biathlon Women's 15 kilometres,2014-01-01,10467,136,,143
Biathlon,Biathlon Women's 4 x 6 kilometres Relay,2014-01-01,10467,136,Bronze,144
Biathlon,Biathlon Men's 10 kilometres Sprint,2014-01-01,10511,178,,145
Biathlon,Biathlon Men's 12.5 kilometres Pursuit,2014-01-01,10511,178,,146
Biathlon,Biathlon Men's 20 kilometres,2014-01-01,10511,178,,147
Biathlon,Biathlon Men's 4 x 7.5 kilometres Relay,2014-01-01,10511,178,,148
Alpine Skiing,Alpine Skiing Women's Giant Slalom,2014-01-01,10924,67,,149
Biathlon,Biathlon Women's 7.5 kilometres Sprint,2014-01-01,10962,67,,150
Biathlon,Biathlon Mixed 2 x 6 kilometres and 2 x 7.5 kilometres Relay,2014-01-01,10962,67,,151
Biathlon,Biathlon Women's 10 kilometres Pursuit,2014-01-01,10962,67,,152
Biathlon,Biathlon Women's 12.5 kilometres Mass Start,2014-01-01,10962,67,,153
Biathlon,Biathlon Women's 15 kilometres,2014-01-01,10962,67,,154
Biathlon,Biathlon Women's 4 x 6 kilometres Relay,2014-01-01,10962,67,,155
Cross Country Skiing,Cross Country Skiing Men's 15 kilometres,2014-01-01,10994,152,,156
Cross Country Skiing,Cross Country Skiing Men's 4 x 10 kilometres Relay,2014-01-01,10994,152,Silver,157
Cross Country Skiing,Cross Country Skiing Men's Sprint,2014-01-01,11610,71,,158
Cross Country Skiing,Cross Country Skiing Men's 50 kilometres,2014-01-01,11610,71,,159
Cross Country Skiing,Cross Country Skiing Men's 30 km Skiathlon,2014-01-01,11610,71,,160
Cross Country Skiing,Cross Country Skiing Men's Sprint,2014-01-01,11677,85,,161
Cross Country Skiing,Cross Country Skiing Men's 15 kilometres,2014-01-01,11677,85,,162
Alpine Skiing,Alpine Skiing Men's Super G,2014-01-01,11705,8,,163
Alpine Skiing,Alpine Skiing Men's Giant Slalom,2014-01-01,11705,8,,164
Alpine Skiing,Alpine Skiing Men's Slalom,2014-01-01,11705,8,,165
Alpine Skiing,Alpine Skiing Men's Combined,2014-01-01,11705,8,,166
Biathlon,Biathlon Men's 20 kilometres,2014-01-01,11715,71,,167
Cross Country Skiing,Cross Country Skiing Men's Sprint,2014-01-01,11929,195,,168
Cross Country Skiing,Cross Country Skiing Men's 15 kilometres,2014-01-01,11929,195,,169
Cross Country Skiing,Cross Country Skiing Men's 30 km Skiathlon,2014-01-01,11929,195,,170
Cross Country Skiing,Cross Country Skiing Men's 4 x 10 kilometres Relay,2014-01-01,11929,195,,171
Cross Country Skiing,Cross Country Skiing Men's Team Sprint,2014-01-01,11929,195,,172
Cross Country Skiing,Cross Country Skiing Women's 10 kilometres,2014-01-01,11930,195,,173
Cross Country Skiing,Cross Country Skiing Women's 15 km Skiathlon,2014-01-01,11930,195,,174
Cross Country Skiing,Cross Country Skiing Women's 4 x 5 kilometres Relay,2014-01-01,11930,195,,175
Cross Country Skiing,Cross Country Skiing Women's Sprint,2014-01-01,11943,136,,176
Cross Country Skiing,Cross Country Skiing Women's 10 kilometres,2014-01-01,11943,136,,177
Cross Country Skiing,Cross Country Skiing Women's 30 kilometres,2014-01-01,11943,136,Gold,178
Cross Country Skiing,Cross Country Skiing Women's 15 km Skiathlon,2014-01-01,11943,136,Gold,179
Cross Country Skiing,Cross Country Skiing Women's 4 x 5 kilometres Relay,2014-01-01,11943,136,,180
Cross Country Skiing,Cross Country Skiing Women's Team Sprint,2014-01-01,11943,136,Gold,181
Biathlon,Biathlon Men's 10 kilometres Sprint,2014-01-01,11951,136,Gold,182
Biathlon,Biathlon Mixed 2 x 6 kilometres and 2 x 7.5 kilometres Relay,2014-01-01,11951,136,Gold,183
Biathlon,Biathlon Men's 12.5 kilometres Pursuit,2014-01-01,11951,136,,184
Biathlon,Biathlon Men's 15 kilometres Mass Start,2014-01-01,11951,136,,185
Biathlon,Biathlon Men's 20 kilometres,2014-01-01,11951,136,,186
Biathlon,Biathlon Men's 4 x 7.5 kilometres Relay,2014-01-01,11951,136,,187
Biathlon,Biathlon Men's 20 kilometres,2014-01-01,12566,179,,188
Biathlon,Biathlon Men's 4 x 7.5 kilometres Relay,2014-01-01,12566,179,,189
Biathlon,Biathlon Men's 20 kilometres,2014-01-01,12701,67,,190
Biathlon,Biathlon Men's 4 x 7.5 kilometres Relay,2014-01-01,12701,67,,191
Cross Country Skiing,Cross Country Skiing Women's 10 kilometres,2014-01-01,12813,71,,192
Cross Country Skiing,Cross Country Skiing Women's 15 km Skiathlon,2014-01-01,12813,71,,193
Cross Country Skiing,Cross Country Skiing Women's 4 x 5 kilometres Relay,2014-01-01,12813,71,Bronze,194
Cross Country Skiing,Cross Country Skiing Women's Team Sprint,2014-01-01,12813,71,,195
Biathlon,Biathlon Mixed 2 x 6 kilometres and 2 x 7.5 kilometres Relay,2014-01-01,12820,71,,196
Biathlon,Biathlon Men's 20 kilometres,2014-01-01,12820,71,,197
Biathlon,Biathlon Men's 4 x 7.5 kilometres Relay,2014-01-01,12820,71,Silver,198
Cross Country Skiing,Cross Country Skiing Men's 15 kilometres,2014-01-01,12956,123,,199
Biathlon,Biathlon Women's 15 kilometres,2014-01-01,12997,67,,200
Cross Country Skiing,Cross Country Skiing Women's 30 kilometres,2014-01-01,13165,179,,201
Cross Country Skiing,Cross Country Skiing Women's Team Sprint,2014-01-01,13165,179,,202
Cross Country Skiing,Cross Country Skiing Women's Sprint,2014-01-01,13883,11,,203
Cross Country Skiing,Cross Country Skiing Women's 10 kilometres,2014-01-01,13883,11,,204
Biathlon,Biathlon Men's 10 kilometres Sprint,2014-01-01,14434,136,,205
Biathlon,Biathlon Men's 12.5 kilometres Pursuit,2014-01-01,14434,136,,206
Biathlon,Biathlon Men's 15 kilometres Mass Start,2014-01-01,14434,136,,207
Biathlon,Biathlon Men's 20 kilometres,2014-01-01,14434,136,,208
Biathlon,Biathlon Men's 4 x 7.5 kilometres Relay,2014-01-01,14434,136,,209
Biathlon,Biathlon Men's 10 kilometres Sprint,2014-01-01,14435,136,,210
Biathlon,Biathlon Men's 12.5 kilometres Pursuit,2014-01-01,14435,136,,211
Biathlon,Biathlon Men's 20 kilometres,2014-01-01,14435,136,,212
Biathlon,Biathlon Men's 4 x 7.5 kilometres Relay,2014-01-01,14435,136,,213
Alpine Skiing,Alpine Skiing Men's Giant Slalom,2014-01-01,14479,13,,214
Alpine Skiing,Alpine Skiing Men's Slalom,2014-01-01,14479,13,,215
Cross Country Skiing,Cross Country Skiing Men's Sprint,2014-01-01,14655,136,,216
Alpine Skiing,Alpine Skiing Women's Giant Slalom,2014-01-01,15104,92,,217
Alpine Skiing,Alpine Skiing Women's Slalom,2014-01-01,15104,92,,218
Alpine Skiing,Alpine Skiing Women's Combined,2014-01-01,15104,92,,219
Alpine Skiing,Alpine Skiing Men's Giant Slalom,2014-01-01,15107,49,,220
Cross Country Skiing,Cross Country Skiing Women's 10 kilometres,2014-01-01,15220,92,,221
Cross Country Skiing,Cross Country Skiing Women's 30 kilometres,2014-01-01,15220,92,,222
Cross Country Skiing,Cross Country Skiing Women's 15 km Skiathlon,2014-01-01,15220,92,,223
Cross Country Skiing,Cross Country Skiing Women's 4 x 5 kilometres Relay,2014-01-01,15220,92,,224
Cross Country Skiing,Cross Country Skiing Women's 10 kilometres,2014-01-01,15382,195,,225
Cross Country Skiing,Cross Country Skiing Women's 30 kilometres,2014-01-01,15382,195,,226
Cross Country Skiing,Cross Country Skiing Women's 15 km Skiathlon,2014-01-01,15382,195,,227
Alpine Skiing,Alpine Skiing Men's Giant Slalom,2014-01-01,15570,34,,228
Alpine Skiing,Alpine Skiing Men's Slalom,2014-01-01,15570,34,,229
Biathlon,Biathlon Women's 7.5 kilometres Sprint,2014-01-01,15771,67,,230
Biathlon,Biathlon Women's 15 kilometres,2014-01-01,15771,67,,231
Biathlon,Biathlon Women's 4 x 6 kilometres Relay,2014-01-01,15771,67,,232
Cross Country Skiing,Cross Country Skiing Women's Sprint,2014-01-01,16258,67,,233
Alpine Skiing,Alpine Skiing Women's Slalom,2014-01-01,16331,124,,234
Biathlon,Biathlon Mixed 2 x 6 kilometres and 2 x 7.5 kilometres Relay,2014-01-01,16498,193,,235
Biathlon,Biathlon Men's 10 kilometres Sprint,2014-01-01,16615,195,,236
Biathlon,Biathlon Mixed 2 x 6 kilometres and 2 x 7.5 kilometres Relay,2014-01-01,16615,195,,237
Biathlon,Biathlon Men's 12.5 kilometres Pursuit,2014-01-01,16615,195,,238
Biathlon,Biathlon Men's 15 kilometres Mass Start,2014-01-01,16615,195,,239
Biathlon,Biathlon Men's 20 kilometres,2014-01-01,16615,195,,240
Alpine Skiing,Alpine Skiing Men's Super G,2014-01-01,17036,146,,241
Alpine Skiing,Alpine Skiing Men's Slalom,2014-01-01,17036,146,,242
Alpine Skiing,Alpine Skiing Men's Combined,2014-01-01,17036,146,,243
Biathlon,Biathlon Women's 15 kilometres,2014-01-01,17243,179,,244
Biathlon,Biathlon Women's 4 x 6 kilometres Relay,2014-01-01,17243,179,,245
Alpine Skiing,Alpine Skiing Women's Downhill,2014-01-01,17306,151,,246
Alpine Skiing,Alpine Skiing Women's Super G,2014-01-01,17306,151,,247
Alpine Skiing,Alpine Skiing Women's Giant Slalom,2014-01-01,17306,151,,248
Alpine Skiing,Alpine Skiing Women's Combined,2014-01-01,17306,151,,249
Cross Country Skiing,Cross Country Skiing Women's Sprint,2014-01-01,17420,195,,250
Cross Country Skiing,Cross Country Skiing Women's 10 kilometres,2014-01-01,17420,195,,251
Cross Country Skiing,Cross Country Skiing Women's Team Sprint,2014-01-01,17420,195,,252
Biathlon,Biathlon Women's 7.5 kilometres Sprint,2014-01-01,17611,121,,253
Cross Country Skiing,Cross Country Skiing Women's 10 kilometres,2014-01-01,17611,121,,254
Alpine Skiing,Alpine Skiing Women's Giant Slalom,2014-01-01,17714,196,,255
Alpine Skiing,Alpine Skiing Women's Slalom,2014-01-01,17714,196,,256
Cross Country Skiing,Cross Country Skiing Men's 15 kilometres,2014-01-01,18163,144,,257
Alpine Skiing,Alpine Skiing Men's Giant Slalom,2014-01-01,18538,173,,258
Alpine Skiing,Alpine Skiing Men's Slalom,2014-01-01,18538,173,,259
Alpine Skiing,Alpine Skiing Men's Giant Slalom,2014-01-01,19161,179,,260
Alpine Skiing,Alpine Skiing Men's Giant Slalom,2014-01-01,19162,179,,261
Alpine Skiing,Alpine Skiing Men's Combined,2014-01-01,19162,179,,262
Cross Country Skiing,Cross Country Skiing Women's Sprint,2014-01-01,19215,167,,263
Cross Country Skiing,Cross Country Skiing Women's 10 kilometres,2014-01-01,19215,167,,264
Cross Country Skiing,Cross Country Skiing Women's 4 x 5 kilometres Relay,2014-01-01,19215,167,,265
Cross Country Skiing,Cross Country Skiing Women's Team Sprint,2014-01-01,19215,167,,266
Alpine Skiing,Alpine Skiing Women's Slalom,2014-01-01,19655,103,,267
Cross Country Skiing,Cross Country Skiing Men's Sprint,2014-01-01,20086,96,,268
Cross Country Skiing,Cross Country Skiing Men's 15 kilometres,2014-01-01,20086,96,,269
Cross Country Skiing,Cross Country Skiing Men's Team Sprint,2014-01-01,20086,96,,270
Cross Country Skiing,Cross Country Skiing Women's 10 kilometres,2014-01-01,20121,152,,271
Cross Country Skiing,Cross Country Skiing Women's 30 kilometres,2014-01-01,20121,152,,272
Cross Country Skiing,Cross Country Skiing Women's 15 km Skiathlon,2014-01-01,20121,152,,273
Cross Country Skiing,Cross Country Skiing Women's 4 x 5 kilometres Relay,2014-01-01,20121,152,,274
Biathlon,Biathlon Men's 10 kilometres Sprint,2014-01-01,20407,18,,275
Biathlon,Biathlon Mixed 2 x 6 kilometres and 2 x 7.5 kilometres Relay,2014-01-01,20407,18,,276
Biathlon,Biathlon Men's 12.5 kilometres Pursuit,2014-01-01,20407,18,,277
Biathlon,Biathlon Men's 20 kilometres,2014-01-01,20407,18,,278
Biathlon,Biathlon Men's 4 x 7.5 kilometres Relay,2014-01-01,20407,18,,279
Cross Country Skiing,Cross Country Skiing Men's 50 kilometres,2014-01-01,20429,96,,280
Cross Country Skiing,Cross Country Skiing Men's 30 km Skiathlon,2014-01-01,20429,96,,281
Cross Country Skiing,Cross Country Skiing Men's 4 x 10 kilometres Relay,2014-01-01,20429,96,,282
Cross Country Skiing,Cross Country Skiing Men's 50 kilometres,2014-01-01,20478,152,Bronze,283
Cross Country Skiing,Cross Country Skiing Men's 30 km Skiathlon,2014-01-01,20478,152,,284
Biathlon,Biathlon Women's 7.5 kilometres Sprint,2014-01-01,20580,67,,285
Biathlon,Biathlon Women's 10 kilometres Pursuit,2014-01-01,20580,67,,286
Biathlon,Biathlon Women's 4 x 6 kilometres Relay,2014-01-01,20580,67,,287
Cross Country Skiing,Cross Country Skiing Women's 10 kilometres,2014-01-01,20785,123,,288
Alpine Skiing,Alpine Skiing Men's Slalom,2014-01-01,20955,195,,289
Alpine Skiing,Alpine Skiing Men's Downhill,2014-01-01,21128,29,,290
Alpine Skiing,Alpine Skiing Men's Super G,2014-01-01,21128,29,,291
Alpine Skiing,Alpine Skiing Men's Slalom,2014-01-01,21128,29,,292
Alpine Skiing,Alpine Skiing Men's Combined,2014-01-01,21128,29,,293
Biathlon,Biathlon Women's 7.5 kilometres Sprint,2014-01-01,21205,166,,294
Biathlon,Biathlon Women's 15 kilometres,2014-01-01,21205,166,,295
Biathlon,Biathlon Women's 4 x 6 kilometres Relay,2014-01-01,21205,166,,296
Alpine Skiing,Alpine Skiing Women's Downhill,2014-01-01,21206,146,,297
Alpine Skiing,Alpine Skiing Women's Super G,2014-01-01,21206,146,,298
Alpine Skiing,Alpine Skiing Women's Giant Slalom,2014-01-01,21206,146,,299
Alpine Skiing,Alpine Skiing Women's Slalom,2014-01-01,21206,146,,300
Alpine Skiing,Alpine Skiing Women's Combined,2014-01-01,21206,146,,301
Alpine Skiing,Alpine Skiing Women's Giant Slalom,2014-01-01,21347,11,,302
Alpine Skiing,Alpine Skiing Women's Slalom,2014-01-01,21347,11,,303
Cross Country Skiing,Cross Country Skiing Men's 15 kilometres,2014-01-01,21524,8,,304
Cross Country Skiing,Cross Country Skiing Men's 50 kilometres,2014-01-01,21762,92,,305
Cross Country Skiing,Cross Country Skiing Men's 30 km Skiathlon,2014-01-01,21762,92,,306
Cross Country Skiing,Cross Country Skiing Men's 4 x 10 kilometres Relay,2014-01-01,21762,92,,307
Alpine Skiing,Alpine Skiing Men's Downhill,2014-01-01,21769,67,,308
Alpine Skiing,Alpine Skiing Men's Super G,2014-01-01,21769,67,,309
Alpine Skiing,Alpine Skiing Men's Super G,2014-01-01,21894,39,,310
Alpine Skiing,Alpine Skiing Men's Giant Slalom,2014-01-01,21894,39,,311
Alpine Skiing,Alpine Skiing Men's Slalom,2014-01-01,21894,39,,312
Cross Country Skiing,Cross Country Skiing Men's Sprint,2014-01-01,22182,34,,313
Cross Country Skiing,Cross Country Skiing Men's 50 kilometres,2014-01-01,22182,34,,314
Cross Country Skiing,Cross Country Skiing Men's 4 x 10 kilometres Relay,2014-01-01,22182,34,,315
Alpine Skiing,Alpine Skiing Women's Downhill,2014-01-01,22368,122,,316
Alpine Skiing,Alpine Skiing Women's Combined,2014-01-01,22368,122,,317
Cross Country Skiing,Cross Country Skiing Men's Sprint,2014-01-01,22496,179,,318
Cross Country Skiing,Cross Country Skiing Men's 15 kilometres,2014-01-01,22496,179,Gold,319
Cross Country Skiing,Cross Country Skiing Men's 50 kilometres,2014-01-01,22496,179,,320
Cross Country Skiing,Cross Country Skiing Men's 30 km Skiathlon,2014-01-01,22496,179,Gold,321
Cross Country Skiing,Cross Country Skiing Men's Team Sprint,2014-01-01,22496,179,,322
Cross Country Skiing,Cross Country Skiing Men's Team Sprint,2014-01-01,22497,179,,323
Biathlon,Biathlon Women's 7.5 kilometres Sprint,2014-01-01,22837,195,,324
Biathlon,Biathlon Women's 10 kilometres Pursuit,2014-01-01,22837,195,,325
Biathlon,Biathlon Women's 4 x 6 kilometres Relay,2014-01-01,22837,195,,326
Alpine Skiing,Alpine Skiing Women's Downhill,2014-01-01,22863,195,,327
Alpine Skiing,Alpine Skiing Women's Super G,2014-01-01,22863,195,,328
Alpine Skiing,Alpine Skiing Women's Combined,2014-01-01,22863,195,,329
Alpine Skiing,Alpine Skiing Women's Slalom,2014-01-01,23330,92,,330
Cross Country Skiing,Cross Country Skiing Women's Sprint,2014-01-01,23707,34,,331
Biathlon,Biathlon Women's 7.5 kilometres Sprint,2014-01-01,23721,34,,332
Biathlon,Biathlon Mixed 2 x 6 kilometres and 2 x 7.5 kilometres Relay,2014-01-01,23721,34,,333
Biathlon,Biathlon Women's 10 kilometres Pursuit,2014-01-01,23721,34,,334
Biathlon,Biathlon Women's 15 kilometres,2014-01-01,23721,34,,335
Biathlon,Biathlon Women's 4 x 6 kilometres Relay,2014-01-01,23721,34,,336
Cross Country Skiing,Cross Country Skiing Women's Sprint,2014-01-01,24243,67,,337
Cross Country Skiing,Cross Country Skiing Women's 10 kilometres,2014-01-01,24243,67,,338
Cross Country Skiing,Cross Country Skiing Women's 30 kilometres,2014-01-01,24243,67,,339
Cross Country Skiing,Cross Country Skiing Women's 15 km Skiathlon,2014-01-01,24243,67,,340
Cross Country Skiing,Cross Country Skiing Women's 4 x 5 kilometres Relay,2014-01-01,24243,67,,341
Cross Country Skiing,Cross Country Skiing Women's Team Sprint,2014-01-01,24243,67,,342
Biathlon,Biathlon Men's 10 kilometres Sprint,2014-01-01,24403,195,,343
Biathlon,Biathlon Men's 20 kilometres,2014-01-01,24403,195,,344
Biathlon,Biathlon Men's 4 x 7.5 kilometres Relay,2014-01-01,24403,195,,345
Cross Country Skiing,Cross Country Skiing Men's Sprint,2014-01-01,24792,49,,346
Cross Country Skiing,Cross Country Skiing Men's 15 kilometres,2014-01-01,24792,49,,347
Cross Country Skiing,Cross Country Skiing Men's 50 kilometres,2014-01-01,24792,49,,348
Cross Country Skiing,Cross Country Skiing Men's 30 km Skiathlon,2014-01-01,24792,49,,349
Biathlon,Biathlon Women's 7.5 kilometres Sprint,2014-01-01,24887,71,,350
Biathlon,Biathlon Mixed 2 x 6 kilometres and 2 x 7.5 kilometres Relay,2014-01-01,24887,71,,351
Biathlon,Biathlon Women's 10 kilometres Pursuit,2014-01-01,24887,71,,352
Biathlon,Biathlon Women's 15 kilometres,2014-01-01,24887,71,,353
Biathlon,Biathlon Women's 4 x 6 kilometres Relay,2014-01-01,24887,71,,354
Cross Country Skiing,Cross Country Skiing Men's Sprint,2014-01-01,25119,110,,355
Cross Country Skiing,Cross Country Skiing Men's 15 kilometres,2014-01-01,25119,110,,356
Cross Country Skiing,Cross Country Skiing Men's 50 kilometres,2014-01-01,25119,110,,357
Alpine Skiing,Alpine Skiing Men's Downhill,2014-01-01,25256,18,,358
Alpine Skiing,Alpine Skiing Men's Super G,2014-01-01,25256,18,,359
Alpine Skiing,Alpine Skiing Men's Giant Slalom,2014-01-01,25256,18,,360
Alpine Skiing,Alpine Skiing Men's Slalom,2014-01-01,25256,18,,361
Alpine Skiing,Alpine Skiing Men's Combined,2014-01-01,25256,18,,362
Alpine Skiing,Alpine Skiing Women's Giant Slalom,2014-01-01,25442,189,,363
Alpine Skiing,Alpine Skiing Women's Slalom,2014-01-01,25442,189,,364
Cross Country Skiing,Cross Country Skiing Women's Sprint,2014-01-01,25521,102,,365
Cross Country Skiing,Cross Country Skiing Women's 10 kilometres,2014-01-01,25521,102,,366
Alpine Skiing,Alpine Skiing Men's Giant Slalom,2014-01-01,25852,92,,367
Cross Country Skiing,Cross Country Skiing Men's 15 kilometres,2014-01-01,26078,92,,368
Cross Country Skiing,Cross Country Skiing Men's 50 kilometres,2014-01-01,26078,92,,369
Cross Country Skiing,Cross Country Skiing Men's 30 km Skiathlon,2014-01-01,26078,92,,370
Alpine Skiing,Alpine Skiing Men's Downhill,2014-01-01,26258,173,,371
Alpine Skiing,Alpine Skiing Men's Super G,2014-01-01,26258,173,,372
Alpine Skiing,Alpine Skiing Men's Giant Slalom,2014-01-01,26258,173,,373
Alpine Skiing,Alpine Skiing Men's Combined,2014-01-01,26258,173,,374
Biathlon,Biathlon Men's 10 kilometres Sprint,2014-01-01,26384,92,,375
Biathlon,Biathlon Men's 12.5 kilometres Pursuit,2014-01-01,26384,92,,376
Biathlon,Biathlon Men's 20 kilometres,2014-01-01,26384,92,,377
Biathlon,Biathlon Men's 4 x 7.5 kilometres Relay,2014-01-01,26384,92,,378
Cross Country Skiing,Cross Country Skiing Women's 15 km Skiathlon,2014-01-01,26428,92,,379
Cross Country Skiing,Cross Country Skiing Women's 4 x 5 kilometres Relay,2014-01-01,26428,92,,380
Cross Country Skiing,Cross Country Skiing Women's Sprint,2014-01-01,26875,92,,381
Cross Country Skiing,Cross Country Skiing Women's 30 kilometres,2014-01-01,26875,92,,382
Cross Country Skiing,Cross Country Skiing Women's 4 x 5 kilometres Relay,2014-01-01,26875,92,,383
Cross Country Skiing,Cross Country Skiing Women's Team Sprint,2014-01-01,26875,92,,384
Alpine Skiing,Alpine Skiing Men's Downhill,2014-01-01,26979,179,,385
Alpine Skiing,Alpine Skiing Men's Super G,2014-01-01,26979,179,,386
Alpine Skiing,Alpine Skiing Men's Giant Slalom,2014-01-01,26979,179,,387
Alpine Skiing,Alpine Skiing Men's Giant Slalom,2014-01-01,27520,11,,388
Alpine Skiing,Alpine Skiing Men's Slalom,2014-01-01,27520,11,,389
Biathlon,Biathlon Men's 10 kilometres Sprint,2014-01-01,27762,193,,390
Biathlon,Biathlon Mixed 2 x 6 kilometres and 2 x 7.5 kilometres Relay,2014-01-01,27762,193,,391
Biathlon,Biathlon Men's 12.5 kilometres Pursuit,2014-01-01,27762,193,,392
Biathlon,Biathlon Men's 20 kilometres,2014-01-01,27762,193,,393
Biathlon,Biathlon Men's 4 x 7.5 kilometres Relay,2014-01-01,27762,193,,394
Biathlon,Biathlon Men's 10 kilometres Sprint,2014-01-01,27872,67,,395
Biathlon,Biathlon Men's 12.5 kilometres Pursuit,2014-01-01,27872,67,,396
Biathlon,Biathlon Men's 4 x 7.5 kilometres Relay,2014-01-01,27872,67,,397
Cross Country Skiing,Cross Country Skiing Men's 30 km Skiathlon,2014-01-01,28062,92,,398
Cross Country Skiing,Cross Country Skiing Men's 4 x 10 kilometres Relay,2014-01-01,28062,92,,399
Cross Country Skiing,Cross Country Skiing Men's 15 kilometres,2014-01-01,28109,55,,400
Alpine Skiing,Alpine Skiing Women's Giant Slalom,2014-01-01,28191,147,,401
Alpine Skiing,Alpine Skiing Women's Slalom,2014-01-01,28191,147,,402
Cross Country Skiing,Cross Country Skiing Women's Sprint,2014-01-01,28503,195,,403
Cross Country Skiing,Cross Country Skiing Women's 30 kilometres,2014-01-01,28503,195,,404
Cross Country Skiing,Cross Country Skiing Women's 15 km Skiathlon,2014-01-01,28503,195,,405
Cross Country Skiing,Cross Country Skiing Women's 4 x 5 kilometres Relay,2014-01-01,28503,195,,406
Biathlon,Biathlon Men's 4 x 7.5 kilometres Relay,2014-01-01,29110,195,,407
Biathlon,Biathlon Men's 10 kilometres Sprint,2014-01-01,29139,167,,408
Biathlon,Biathlon Men's 20 kilometres,2014-01-01,29139,167,,409
Biathlon,Biathlon Men's 4 x 7.5 kilometres Relay,2014-01-01,29139,167,,410
Cross Country Skiing,Cross Country Skiing Men's 15 kilometres,2014-01-01,29183,18,,411
Cross Country Skiing,Cross Country Skiing Men's 50 kilometres,2014-01-01,29183,18,,412
Cross Country Skiing,Cross Country Skiing Men's 30 km Skiathlon,2014-01-01,29183,18,,413
Cross Country Skiing,Cross Country Skiing Men's 4 x 10 kilometres Relay,2014-01-01,29183,18,,414
Biathlon,Biathlon Women's 7.5 kilometres Sprint,2014-01-01,29305,18,,415
Biathlon,Biathlon Women's 10 kilometres Pursuit,2014-01-01,29305,18,Gold,416
Biathlon,Biathlon Women's 12.5 kilometres Mass Start,2014-01-01,29305,18,Gold,417
Biathlon,Biathlon Women's 15 kilometres,2014-01-01,29305,18,Gold,418
Biathlon,Biathlon Women's 4 x 6 kilometres Relay,2014-01-01,29305,18,,419
Alpine Skiing,Alpine Skiing Men's Giant Slalom,2014-01-01,29453,71,,420
Alpine Skiing,Alpine Skiing Men's Slalom,2014-01-01,29453,71,,421
Biathlon,Biathlon Women's 7.5 kilometres Sprint,2014-01-01,29493,67,,422
Biathlon,Biathlon Mixed 2 x 6 kilometres and 2 x 7.5 kilometres Relay,2014-01-01,29493,67,,423
Biathlon,Biathlon Women's 10 kilometres Pursuit,2014-01-01,29493,67,,424
Biathlon,Biathlon Women's 15 kilometres,2014-01-01,29493,67,,425
Biathlon,Biathlon Women's 4 x 6 kilometres Relay,2014-01-01,29493,67,,426
Biathlon,Biathlon Men's 20 kilometres,2014-01-01,29546,18,,427
Cross Country Skiing,Cross Country Skiing Women's Sprint,2014-01-01,29638,152,,428
Cross Country Skiing,Cross Country Skiing Women's Team Sprint,2014-01-01,29638,152,,429
Cross Country Skiing,Cross Country Skiing Men's 15 kilometres,2014-01-01,29648,71,,430
Cross Country Skiing,Cross Country Skiing Men's 30 km Skiathlon,2014-01-01,29648,71,,431
Cross Country Skiing,Cross Country Skiing Men's 4 x 10 kilometres Relay,2014-01-01,29648,71,,432
Cross Country Skiing,Cross Country Skiing Men's Team Sprint,2014-01-01,29648,71,,433
Biathlon,Biathlon Women's 7.5 kilometres Sprint,2014-01-01,29974,195,,434
Biathlon,Biathlon Mixed 2 x 6 kilometres and 2 x 7.5 kilometres Relay,2014-01-01,29974,195,,435
Biathlon,Biathlon Women's 15 kilometres,2014-01-01,29974,195,,436
Biathlon,Biathlon Women's 4 x 6 kilometres Relay,2014-01-01,29974,195,,437
Biathlon,Biathlon Women's 7.5 kilometres Sprint,2014-01-01,30242,18,,438
Biathlon,Biathlon Mixed 2 x 6 kilometres and 2 x 7.5 kilometres Relay,2014-01-01,30242,18,,439
Biathlon,Biathlon Women's 10 kilometres Pursuit,2014-01-01,30242,18,,440
Alpine Skiing,Alpine Skiing Women's Giant Slalom,2014-01-01,30305,52,,441
Alpine Skiing,Alpine Skiing Women's Slalom,2014-01-01,30305,52,,442
Biathlon,Biathlon Women's 7.5 kilometres Sprint,2014-01-01,30660,195,,443
Biathlon,Biathlon Mixed 2 x 6 kilometres and 2 x 7.5 kilometres Relay,2014-01-01,30660,195,,444
Biathlon,Biathlon Women's 10 kilometres Pursuit,2014-01-01,30660,195,,445
Biathlon,Biathlon Women's 12.5 kilometres Mass Start,2014-01-01,30660,195,,446
Biathlon,Biathlon Women's 15 kilometres,2014-01-01,30660,195,,447
Biathlon,Biathlon Women's 4 x 6 kilometres Relay,2014-01-01,30660,195,,448
Cross Country Skiing,Cross Country Skiing Men's 30 km Skiathlon,2014-01-01,30851,12,,449
Cross Country Skiing,Cross Country Skiing Men's 50 kilometres,2014-01-01,30948,67,,450
Cross Country Skiing,Cross Country Skiing Men's 4 x 10 kilometres Relay,2014-01-01,30948,67,Bronze,451
Biathlon,Biathlon Women's 7.5 kilometres Sprint,2014-01-01,31127,193,,452
Biathlon,Biathlon Women's 12.5 kilometres Mass Start,2014-01-01,31127,193,,453
Biathlon,Biathlon Women's 15 kilometres,2014-01-01,31127,193,,454
Biathlon,Biathlon Women's 4 x 6 kilometres Relay,2014-01-01,31127,193,Gold,455
Biathlon,Biathlon Women's 7.5 kilometres Sprint,2014-01-01,31342,136,,456
Biathlon,Biathlon Mixed 2 x 6 kilometres and 2 x 7.5 kilometres Relay,2014-01-01,31342,136,Gold,457
Biathlon,Biathlon Women's 10 kilometres Pursuit,2014-01-01,31342,136,,458
Biathlon,Biathlon Women's 12.5 kilometres Mass Start,2014-01-01,31342,136,Bronze,459
Biathlon,Biathlon Women's 15 kilometres,2014-01-01,31342,136,,460
Biathlon,Biathlon Women's 4 x 6 kilometres Relay,2014-01-01,31342,136,Bronze,461
Biathlon,Biathlon Men's 10 kilometres Sprint,2014-01-01,31391,12,,462
Biathlon,Biathlon Men's 12.5 kilometres Pursuit,2014-01-01,31391,12,,463
Biathlon,Biathlon Men's 15 kilometres Mass Start,2014-01-01,31391,12,,464
Biathlon,Biathlon Men's 20 kilometres,2014-01-01,31391,12,,465
Biathlon,Biathlon Men's 4 x 7.5 kilometres Relay,2014-01-01,31391,12,Bronze,466
Cross Country Skiing,Cross Country Skiing Men's Sprint,2014-01-01,31769,71,,467
Cross Country Skiing,Cross Country Skiing Women's Sprint,2014-01-01,32942,178,,468
Biathlon,Biathlon Men's 20 kilometres,2014-01-01,33027,62,,469
Biathlon,Biathlon Men's 4 x 7.5 kilometres Relay,2014-01-01,33027,62,,470
Alpine Skiing,Alpine Skiing Men's Downhill,2014-01-01,33617,53,,471
Alpine Skiing,Alpine Skiing Men's Super G,2014-01-01,33617,53,,472
Alpine Skiing,Alpine Skiing Men's Combined,2014-01-01,33617,53,,473
Cross Country Skiing,Cross Country Skiing Women's Sprint,2014-01-01,33650,167,Bronze,474
Cross Country Skiing,Cross Country Skiing Women's 4 x 5 kilometres Relay,2014-01-01,33650,167,,475
Alpine Skiing,Alpine Skiing Men's Giant Slalom,2014-01-01,33812,67,,476
Cross Country Skiing,Cross Country Skiing Women's 30 kilometres,2014-01-01,33814,67,,477
Cross Country Skiing,Cross Country Skiing Women's 15 km Skiathlon,2014-01-01,33814,67,,478
Cross Country Skiing,Cross Country Skiing Women's 4 x 5 kilometres Relay,2014-01-01,33814,67,,479
Biathlon,Biathlon Men's 10 kilometres Sprint,2014-01-01,33832,167,,480
Biathlon,Biathlon Men's 12.5 kilometres Pursuit,2014-01-01,33832,167,,481
Biathlon,Biathlon Men's 15 kilometres Mass Start,2014-01-01,33832,167,,482
Biathlon,Biathlon Men's 20 kilometres,2014-01-01,33832,167,,483
Biathlon,Biathlon Men's 4 x 7.5 kilometres Relay,2014-01-01,33832,167,,484
Alpine Skiing,Alpine Skiing Men's Super G,2014-01-01,33842,166,,485
Alpine Skiing,Alpine Skiing Men's Slalom,2014-01-01,33842,166,,486
Alpine Skiing,Alpine Skiing Men's Combined,2014-01-01,33842,166,,487
Cross Country Skiing,Cross Country Skiing Women's Sprint,2014-01-01,33918,136,Gold,488
Alpine Skiing,Alpine Skiing Men's Giant Slalom,2014-01-01,33957,67,,489
Alpine Skiing,Alpine Skiing Women's Downhill,2014-01-01,33959,92,,490
Alpine Skiing,Alpine Skiing Women's Combined,2014-01-01,33959,92,,491
Alpine Skiing,Alpine Skiing Women's Downhill,2014-01-01,33960,92,,492
Alpine Skiing,Alpine Skiing Women's Super G,2014-01-01,33960,92,,493
Alpine Skiing,Alpine Skiing Women's Giant Slalom,2014-01-01,33960,92,,494
Alpine Skiing,Alpine Skiing Men's Giant Slalom,2014-01-01,34086,84,,495
Alpine Skiing,Alpine Skiing Men's Slalom,2014-01-01,34086,84,,496
Alpine Skiing,Alpine Skiing Men's Downhill,2014-01-01,34341,67,,497
Alpine Skiing,Alpine Skiing Women's Slalom,2014-01-01,34464,179,,498
Alpine Skiing,Alpine Skiing Women's Combined,2014-01-01,34464,179,,499
Alpine Skiing,Alpine Skiing Women's Downhill,2014-01-01,34637,12,,500
Alpine Skiing,Alpine Skiing Women's Super G,2014-01-01,34637,12,Gold,501
Alpine Skiing,Alpine Skiing Women's Giant Slalom,2014-01-01,34637,12,Silver,502
Alpine Skiing,Alpine Skiing Women's Combined,2014-01-01,34637,12,,503
Alpine Skiing,Alpine Skiing Women's Downhill,2014-01-01,34719,167,,504
Alpine Skiing,Alpine Skiing Women's Super G,2014-01-01,34719,167,,505
Alpine Skiing,Alpine Skiing Women's Giant Slalom,2014-01-01,34719,167,,506
Alpine Skiing,Alpine Skiing Women's Slalom,2014-01-01,34719,167,,507
Alpine Skiing,Alpine Skiing Women's Combined,2014-01-01,34719,167,,508
Cross Country Skiing,Cross Country Skiing Men's Sprint,2014-01-01,34889,39,,509
Biathlon,Biathlon Men's 10 kilometres Sprint,2014-01-01,35064,178,,510
Biathlon,Biathlon Men's 12.5 kilometres Pursuit,2014-01-01,35064,178,,511
Biathlon,Biathlon Men's 15 kilometres Mass Start,2014-01-01,35064,178,,512
Biathlon,Biathlon Men's 20 kilometres,2014-01-01,35064,178,,513
Biathlon,Biathlon Men's 4 x 7.5 kilometres Relay,2014-01-01,35064,178,,514
Cross Country Skiing,Cross Country Skiing Women's 10 kilometres,2014-01-01,35083,71,,515
Cross Country Skiing,Cross Country Skiing Women's 30 kilometres,2014-01-01,35083,71,,516
Cross Country Skiing,Cross Country Skiing Women's 15 km Skiathlon,2014-01-01,35083,71,,517
Cross Country Skiing,Cross Country Skiing Women's 4 x 5 kilometres Relay,2014-01-01,35083,71,Bronze,518
Alpine Skiing,Alpine Skiing Men's Downhill,2014-01-01,35111,179,,519
Alpine Skiing,Alpine Skiing Men's Super G,2014-01-01,35111,179,,520
Alpine Skiing,Alpine Skiing Men's Combined,2014-01-01,35111,179,,521
Biathlon,Biathlon Women's 7.5 kilometres Sprint,2014-01-01,35132,166,,522
Biathlon,Biathlon Women's 4 x 6 kilometres Relay,2014-01-01,35132,166,,523
Cross Country Skiing,Cross Country Skiing Men's 15 kilometres,2014-01-01,35293,71,,524
Cross Country Skiing,Cross Country Skiing Men's 4 x 10 kilometres Relay,2014-01-01,35293,71,,525
Alpine Skiing,Alpine Skiing Men's Downhill,2014-01-01,35361,92,,526
Alpine Skiing,Alpine Skiing Men's Super G,2014-01-01,35361,92,,527
Alpine Skiing,Alpine Skiing Men's Combined,2014-01-01,35361,92,,528
Cross Country Skiing,Cross Country Skiing Men's 50 kilometres,2014-01-01,35533,179,,529
Cross Country Skiing,Cross Country Skiing Men's 4 x 10 kilometres Relay,2014-01-01,35533,179,,530
Biathlon,Biathlon Women's 7.5 kilometres Sprint,2014-01-01,35738,136,,531
Biathlon,Biathlon Women's 10 kilometres Pursuit,2014-01-01,35738,136,,532
Biathlon,Biathlon Women's 12.5 kilometres Mass Start,2014-01-01,35738,136,,533
Biathlon,Biathlon Women's 15 kilometres,2014-01-01,35738,136,,534
Biathlon,Biathlon Women's 4 x 6 kilometres Relay,2014-01-01,35738,136,Bronze,535
Alpine Skiing,Alpine Skiing Women's Slalom,2014-01-01,36235,195,,536
Biathlon,Biathlon Men's 10 kilometres Sprint,2014-01-01,36512,67,,537
Biathlon,Biathlon Mixed 2 x 6 kilometres and 2 x 7.5 kilometres Relay,2014-01-01,36512,67,,538
Biathlon,Biathlon Men's 12.5 kilometres Pursuit,2014-01-01,36512,67,Gold,539
Biathlon,Biathlon Men's 15 kilometres Mass Start,2014-01-01,36512,67,Silver,540
Biathlon,Biathlon Men's 20 kilometres,2014-01-01,36512,67,Gold,541
Biathlon,Biathlon Men's 4 x 7.5 kilometres Relay,2014-01-01,36512,67,,542
Biathlon,Biathlon Men's 10 kilometres Sprint,2014-01-01,36513,67,,543
Biathlon,Biathlon Men's 12.5 kilometres Pursuit,2014-01-01,36513,67,,544
Biathlon,Biathlon Men's 15 kilometres Mass Start,2014-01-01,36513,67,,545
Biathlon,Biathlon Men's 20 kilometres,2014-01-01,36513,67,,546
Alpine Skiing,Alpine Skiing Men's Downhill,2014-01-01,36815,12,,547
Alpine Skiing,Alpine Skiing Men's Super G,2014-01-01,36815,12,,548
Alpine Skiing,Alpine Skiing Men's Combined,2014-01-01,36815,12,,549
Cross Country Skiing,Cross Country Skiing Men's 15 kilometres,2014-01-01,36988,195,,550
Cross Country Skiing,Cross Country Skiing Men's 50 kilometres,2014-01-01,36988,195,,551
Cross Country Skiing,Cross Country Skiing Men's 30 km Skiathlon,2014-01-01,36988,195,,552
Cross Country Skiing,Cross Country Skiing Men's Sprint,2014-01-01,37870,152,,553
Alpine Skiing,Alpine Skiing Women's Super G,2014-01-01,37899,34,,554
Alpine Skiing,Alpine Skiing Women's Giant Slalom,2014-01-01,37899,34,,555
Alpine Skiing,Alpine Skiing Women's Slalom,2014-01-01,37899,34,,556
Alpine Skiing,Alpine Skiing Women's Combined,2014-01-01,37899,34,,557
Cross Country Skiing,Cross Country Skiing Women's Sprint,2014-01-01,37912,34,,558
Cross Country Skiing,Cross Country Skiing Women's 10 kilometres,2014-01-01,37912,34,,559
Cross Country Skiing,Cross Country Skiing Women's 4 x 5 kilometres Relay,2014-01-01,37912,34,,560
Cross Country Skiing,Cross Country Skiing Women's Team Sprint,2014-01-01,37912,34,,561
Cross Country Skiing,Cross Country Skiing Men's Sprint,2014-01-01,37922,67,,562
Cross Country Skiing,Cross Country Skiing Men's 15 kilometres,2014-01-01,37925,67,,563
Cross Country Skiing,Cross Country Skiing Men's 50 kilometres,2014-01-01,37925,67,,564
Cross Country Skiing,Cross Country Skiing Men's 30 km Skiathlon,2014-01-01,37925,67,,565
Cross Country Skiing,Cross Country Skiing Men's 4 x 10 kilometres Relay,2014-01-01,37925,67,Bronze,566
Cross Country Skiing,Cross Country Skiing Men's Team Sprint,2014-01-01,37925,67,,567
Biathlon,Biathlon Women's 7.5 kilometres Sprint,2014-01-01,37933,62,,568
Biathlon,Biathlon Women's 15 kilometres,2014-01-01,37933,62,,569
Biathlon,Biathlon Women's 4 x 6 kilometres Relay,2014-01-01,37933,62,,570
Cross Country Skiing,Cross Country Skiing Women's 10 kilometres,2014-01-01,38179,9,,571
Alpine Skiing,Alpine Skiing Women's Slalom,2014-01-01,38348,171,,572
Alpine Skiing,Alpine Skiing Men's Downhill,2014-01-01,38366,195,,573
Alpine Skiing,Alpine Skiing Men's Super G,2014-01-01,38366,195,,574
Alpine Skiing,Alpine Skiing Women's Slalom,2014-01-01,38381,166,,575
Alpine Skiing,Alpine Skiing Women's Combined,2014-01-01,38381,166,,576
Biathlon,Biathlon Men's 10 kilometres Sprint,2014-01-01,38449,152,,577
Biathlon,Biathlon Mixed 2 x 6 kilometres and 2 x 7.5 kilometres Relay,2014-01-01,38449,152,,578
Biathlon,Biathlon Men's 12.5 kilometres Pursuit,2014-01-01,38449,152,,579
Biathlon,Biathlon Men's 15 kilometres Mass Start,2014-01-01,38449,152,,580
Biathlon,Biathlon Men's 20 kilometres,2014-01-01,38449,152,Bronze,581
Alpine Skiing,Alpine Skiing Men's Slalom,2014-01-01,38831,146,,582
Alpine Skiing,Alpine Skiing Women's Super G,2014-01-01,38951,146,,583
Alpine Skiing,Alpine Skiing Women's Giant Slalom,2014-01-01,38951,146,,584
Alpine Skiing,Alpine Skiing Women's Slalom,2014-01-01,38951,146,,585
Biathlon,Biathlon Women's 15 kilometres,2014-01-01,38975,179,,586
Biathlon,Biathlon Women's 4 x 6 kilometres Relay,2014-01-01,38975,179,,587
Biathlon,Biathlon Women's 7.5 kilometres Sprint,2014-01-01,38976,179,,588
Biathlon,Biathlon Mixed 2 x 6 kilometres and 2 x 7.5 kilometres Relay,2014-01-01,38976,179,,589
Biathlon,Biathlon Women's 10 kilometres Pursuit,2014-01-01,38976,179,,590
Biathlon,Biathlon Women's 12.5 kilometres Mass Start,2014-01-01,38976,179,,591
Biathlon,Biathlon Women's 15 kilometres,2014-01-01,38976,179,,592
Biathlon,Biathlon Women's 4 x 6 kilometres Relay,2014-01-01,38976,179,,593
Biathlon,Biathlon Women's 7.5 kilometres Sprint,2014-01-01,38977,179,,594
Biathlon,Biathlon Mixed 2 x 6 kilometres and 2 x 7.5 kilometres Relay,2014-01-01,38977,179,,595
Biathlon,Biathlon Women's 10 kilometres Pursuit,2014-01-01,38977,179,,596
Biathlon,Biathlon Women's 12.5 kilometres Mass Start,2014-01-01,38977,179,,597
Biathlon,Biathlon Women's 15 kilometres,2014-01-01,38977,179,Silver,598
Biathlon,Biathlon Women's 4 x 6 kilometres Relay,2014-01-01,38977,179,,599
Alpine Skiing,Alpine Skiing Men's Giant Slalom,2014-01-01,39006,8,,600
Alpine Skiing,Alpine Skiing Men's Slalom,2014-01-01,39006,8,,601
Alpine Skiing,Alpine Skiing Women's Giant Slalom,2014-01-01,39012,102,,602
Alpine Skiing,Alpine Skiing Women's Slalom,2014-01-01,39012,102,,603
Cross Country Skiing,Cross Country Skiing Men's Sprint,2014-01-01,39230,146,,604
Cross Country Skiing,Cross Country Skiing Men's 15 kilometres,2014-01-01,39230,146,,605
Cross Country Skiing,Cross Country Skiing Men's 4 x 10 kilometres Relay,2014-01-01,39230,146,,606
Alpine Skiing,Alpine Skiing Women's Slalom,2014-01-01,39361,71,,607
Alpine Skiing,Alpine Skiing Men's Downhill,2014-01-01,39599,29,,608
Alpine Skiing,Alpine Skiing Men's Super G,2014-01-01,39599,29,,609
Alpine Skiing,Alpine Skiing Men's Slalom,2014-01-01,39599,29,,610
Alpine Skiing,Alpine Skiing Men's Combined,2014-01-01,39599,29,,611
Biathlon,Biathlon Women's 7.5 kilometres Sprint,2014-01-01,39717,166,,612
Biathlon,Biathlon Mixed 2 x 6 kilometres and 2 x 7.5 kilometres Relay,2014-01-01,39717,166,,613
Biathlon,Biathlon Women's 10 kilometres Pursuit,2014-01-01,39717,166,,614
Biathlon,Biathlon Women's 15 kilometres,2014-01-01,39717,166,,615
Biathlon,Biathlon Women's 4 x 6 kilometres Relay,2014-01-01,39717,166,,616
Alpine Skiing,Alpine Skiing Women's Downhill,2014-01-01,40586,179,Gold,617
Alpine Skiing,Alpine Skiing Women's Super G,2014-01-01,40586,179,,618
Alpine Skiing,Alpine Skiing Women's Giant Slalom,2014-01-01,40586,179,,619
Alpine Skiing,Alpine Skiing Women's Combined,2014-01-01,40586,179,,620
Alpine Skiing,Alpine Skiing Women's Slalom,2014-01-01,40587,179,,621
Cross Country Skiing,Cross Country Skiing Men's 50 kilometres,2014-01-01,40652,136,,622
Cross Country Skiing,Cross Country Skiing Men's 30 km Skiathlon,2014-01-01,40652,136,,623
Biathlon,Biathlon Women's 7.5 kilometres Sprint,2014-01-01,40685,11,,624
Biathlon,Biathlon Women's 15 kilometres,2014-01-01,40685,11,,625
Cross Country Skiing,Cross Country Skiing Men's 50 kilometres,2014-01-01,40728,152,,626
Biathlon,Biathlon Women's 15 kilometres,2014-01-01,40736,152,,627
Alpine Skiing,Alpine Skiing Men's Downhill,2014-01-01,40746,152,,628
Alpine Skiing,Alpine Skiing Men's Super G,2014-01-01,40746,152,,629
Cross Country Skiing,Cross Country Skiing Men's Sprint,2014-01-01,40840,136,,630
Cross Country Skiing,Cross Country Skiing Men's 15 kilometres,2014-01-01,41101,136,,631
Alpine Skiing,Alpine Skiing Men's Giant Slalom,2014-01-01,41110,195,,632
Alpine Skiing,Alpine Skiing Men's Combined,2014-01-01,41110,195,,633
Biathlon,Biathlon Men's 10 kilometres Sprint,2014-01-01,41243,84,,634
Biathlon,Biathlon Men's 20 kilometres,2014-01-01,41243,84,,635
Alpine Skiing,Alpine Skiing Men's Slalom,2014-01-01,41378,184,,636
Biathlon,Biathlon Women's 7.5 kilometres Sprint,2014-01-01,41447,92,,637
Biathlon,Biathlon Women's 10 kilometres Pursuit,2014-01-01,41447,92,,638
Biathlon,Biathlon Women's 15 kilometres,2014-01-01,41447,92,,639
Biathlon,Biathlon Women's 4 x 6 kilometres Relay,2014-01-01,41447,92,,640
Alpine Skiing,Alpine Skiing Women's Downhill,2014-01-01,41849,12,,641
Alpine Skiing,Alpine Skiing Women's Super G,2014-01-01,41849,12,,642
Alpine Skiing,Alpine Skiing Women's Giant Slalom,2014-01-01,41849,12,,643
Alpine Skiing,Alpine Skiing Women's Combined,2014-01-01,41849,12,,644
Alpine Skiing,Alpine Skiing Men's Slalom,2014-01-01,42386,67,,645
Biathlon,Biathlon Men's 10 kilometres Sprint,2014-01-01,42609,34,,646
Biathlon,Biathlon Mixed 2 x 6 kilometres and 2 x 7.5 kilometres Relay,2014-01-01,42609,34,,647
Biathlon,Biathlon Men's 12.5 kilometres Pursuit,2014-01-01,42609,34,,648
Biathlon,Biathlon Men's 15 kilometres Mass Start,2014-01-01,42609,34,,649
Biathlon,Biathlon Men's 20 kilometres,2014-01-01,42609,34,,650
Biathlon,Biathlon Men's 4 x 7.5 kilometres Relay,2014-01-01,42609,34,,651
Cross Country Skiing,Cross Country Skiing Men's 15 kilometres,2014-01-01,42701,195,,652
Cross Country Skiing,Cross Country Skiing Men's 50 kilometres,2014-01-01,42701,195,,653
Cross Country Skiing,Cross Country Skiing Men's 30 km Skiathlon,2014-01-01,42701,195,,654
Biathlon,Biathlon Women's 7.5 kilometres Sprint,2014-01-01,42724,167,,655
Biathlon,Biathlon Women's 10 kilometres Pursuit,2014-01-01,42724,167,Bronze,656
Biathlon,Biathlon Women's 12.5 kilometres Mass Start,2014-01-01,42724,167,,657
Biathlon,Biathlon Women's 15 kilometres,2014-01-01,42724,167,,658
Cross Country Skiing,Cross Country Skiing Men's Sprint,2014-01-01,42821,29,,659
Cross Country Skiing,Cross Country Skiing Men's 50 kilometres,2014-01-01,42821,29,,660
Cross Country Skiing,Cross Country Skiing Men's 30 km Skiathlon,2014-01-01,42821,29,,661
Cross Country Skiing,Cross Country Skiing Men's Team Sprint,2014-01-01,42821,29,,662
Cross Country Skiing,Cross Country Skiing Women's Sprint,2014-01-01,42919,29,,663
Cross Country Skiing,Cross Country Skiing Women's 30 kilometres,2014-01-01,42919,29,,664
Cross Country Skiing,Cross Country Skiing Women's 15 km Skiathlon,2014-01-01,42919,29,,665
Alpine Skiing,Alpine Skiing Women's Giant Slalom,2014-01-01,42931,198,,666
Alpine Skiing,Alpine Skiing Women's Slalom,2014-01-01,42931,198,,667
Cross Country Skiing,Cross Country Skiing Women's Sprint,2014-01-01,43092,52,,668
Cross Country Skiing,Cross Country Skiing Women's 4 x 5 kilometres Relay,2014-01-01,43092,52,,669
Cross Country Skiing,Cross Country Skiing Men's Sprint,2014-01-01,43143,67,,670
Alpine Skiing,Alpine Skiing Men's Slalom,2014-01-01,43184,92,,671
Cross Country Skiing,Cross Country Skiing Women's Team Sprint,2014-01-01,43268,179,,672
Alpine Skiing,Alpine Skiing Men's Downhill,2014-01-01,43477,34,,673
Alpine Skiing,Alpine Skiing Men's Super G,2014-01-01,43477,34,,674
Alpine Skiing,Alpine Skiing Women's Downhill,2014-01-01,44137,179,Bronze,675
Alpine Skiing,Alpine Skiing Women's Super G,2014-01-01,44137,179,,676
Alpine Skiing,Alpine Skiing Women's Giant Slalom,2014-01-01,44137,179,,677
Alpine Skiing,Alpine Skiing Women's Combined,2014-01-01,44137,179,,678
Cross Country Skiing,Cross Country Skiing Men's 15 kilometres,2014-01-01,44172,173,,679
Cross Country Skiing,Cross Country Skiing Men's 50 kilometres,2014-01-01,44172,173,,680
Cross Country Skiing,Cross Country Skiing Men's 30 km Skiathlon,2014-01-01,44172,173,,681
Alpine Skiing,Alpine Skiing Women's Giant Slalom,2014-01-01,44185,5,,682
Alpine Skiing,Alpine Skiing Women's Slalom,2014-01-01,44185,5,,683
Alpine Skiing,Alpine Skiing Women's Combined,2014-01-01,44185,5,,684
Biathlon,Biathlon Men's 10 kilometres Sprint,2014-01-01,44256,146,,685
Biathlon,Biathlon Men's 20 kilometres,2014-01-01,44256,146,,686
Alpine Skiing,Alpine Skiing Men's Giant Slalom,2014-01-01,44294,85,,687
Alpine Skiing,Alpine Skiing Men's Slalom,2014-01-01,44294,85,,688
Biathlon,Biathlon Women's 7.5 kilometres Sprint,2014-01-01,44322,146,,689
Biathlon,Biathlon Mixed 2 x 6 kilometres and 2 x 7.5 kilometres Relay,2014-01-01,44322,146,,690
Biathlon,Biathlon Women's 10 kilometres Pursuit,2014-01-01,44322,146,,691
Biathlon,Biathlon Women's 15 kilometres,2014-01-01,44322,146,,692
Biathlon,Biathlon Women's 4 x 6 kilometres Relay,2014-01-01,44322,146,,693
Alpine Skiing,Alpine Skiing Men's Giant Slalom,2014-01-01,44353,171,,694
Alpine Skiing,Alpine Skiing Men's Slalom,2014-01-01,44353,171,,695
Cross Country Skiing,Cross Country Skiing Women's 10 kilometres,2014-01-01,44433,178,,696
Cross Country Skiing,Cross Country Skiing Women's 30 kilometres,2014-01-01,44433,178,,697
Cross Country Skiing,Cross Country Skiing Women's 4 x 5 kilometres Relay,2014-01-01,44433,178,Gold,698
Alpine Skiing,Alpine Skiing Men's Giant Slalom,2014-01-01,44632,124,,699
Alpine Skiing,Alpine Skiing Men's Slalom,2014-01-01,44632,124,,700
Cross Country Skiing,Cross Country Skiing Men's Sprint,2014-01-01,44971,178,,701
Cross Country Skiing,Cross Country Skiing Men's 15 kilometres,2014-01-01,44972,107,,702
Cross Country Skiing,Cross Country Skiing Men's 30 km Skiathlon,2014-01-01,44972,107,,703
Biathlon,Biathlon Mixed 2 x 6 kilometres and 2 x 7.5 kilometres Relay,2014-01-01,45064,179,,704
Biathlon,Biathlon Men's 20 kilometres,2014-01-01,45064,179,,705
Cross Country Skiing,Cross Country Skiing Men's Sprint,2014-01-01,45297,195,,706
Cross Country Skiing,Cross Country Skiing Men's 4 x 10 kilometres Relay,2014-01-01,45297,195,,707
Cross Country Skiing,Cross Country Skiing Men's Team Sprint,2014-01-01,45297,195,,708
Alpine Skiing,Alpine Skiing Women's Giant Slalom,2014-01-01,45665,178,,709
Alpine Skiing,Alpine Skiing Women's Slalom,2014-01-01,45665,178,,710
Alpine Skiing,Alpine Skiing Men's Giant Slalom,2014-01-01,45666,147,,711
Alpine Skiing,Alpine Skiing Men's Slalom,2014-01-01,45666,147,,712
Alpine Skiing,Alpine Skiing Men's Slalom,2014-01-01,46037,178,,713
Alpine Skiing,Alpine Skiing Women's Giant Slalom,2014-01-01,46225,26,,714
Alpine Skiing,Alpine Skiing Women's Slalom,2014-01-01,46225,26,,715
Cross Country Skiing,Cross Country Skiing Men's Sprint,2014-01-01,46349,34,,716
Cross Country Skiing,Cross Country Skiing Men's 15 kilometres,2014-01-01,46349,34,,717
Cross Country Skiing,Cross Country Skiing Men's 50 kilometres,2014-01-01,46349,34,,718
Cross Country Skiing,Cross Country Skiing Men's 30 km Skiathlon,2014-01-01,46349,34,,719
Cross Country Skiing,Cross Country Skiing Men's Team Sprint,2014-01-01,46349,34,,720
Biathlon,Biathlon Men's 10 kilometres Sprint,2014-01-01,46444,166,,721
Biathlon,Biathlon Men's 20 kilometres,2014-01-01,46444,166,,722
Biathlon,Biathlon Men's 4 x 7.5 kilometres Relay,2014-01-01,46444,166,,723
Cross Country Skiing,Cross Country Skiing Men's Sprint,2014-01-01,46591,136,Gold,724
Cross Country Skiing,Cross Country Skiing Men's Team Sprint,2014-01-01,46591,136,,725
Alpine Skiing,Alpine Skiing Men's Giant Slalom,2014-01-01,46630,136,,726
Alpine Skiing,Alpine Skiing Men's Slalom,2014-01-01,46630,136,,727
Cross Country Skiing,Cross Country Skiing Men's Sprint,2014-01-01,46646,12,,728
Cross Country Skiing,Cross Country Skiing Men's 15 kilometres,2014-01-01,46646,12,,729
Cross Country Skiing,Cross Country Skiing Men's Team Sprint,2014-01-01,46646,12,,730
Biathlon,Biathlon Women's 7.5 kilometres Sprint,2014-01-01,46680,12,,731
Biathlon,Biathlon Mixed 2 x 6 kilometres and 2 x 7.5 kilometres Relay,2014-01-01,46680,12,,732
Biathlon,Biathlon Women's 10 kilometres Pursuit,2014-01-01,46680,12,,733
Biathlon,Biathlon Women's 15 kilometres,2014-01-01,46680,12,,734
Alpine Skiing,Alpine Skiing Women's Downhill,2014-01-01,47063,178,,735
Alpine Skiing,Alpine Skiing Women's Super G,2014-01-01,47063,178,,736
Alpine Skiing,Alpine Skiing Women's Combined,2014-01-01,47063,178,,737
Cross Country Skiing,Cross Country Skiing Men's Sprint,2014-01-01,47091,179,,738
Alpine Skiing,Alpine Skiing Men's Downhill,2014-01-01,47116,92,,739
Alpine Skiing,Alpine Skiing Men's Super G,2014-01-01,47116,92,,740
Cross Country Skiing,Cross Country Skiing Men's 15 kilometres,2014-01-01,47226,66,,741
Cross Country Skiing,Cross Country Skiing Men's 50 kilometres,2014-01-01,47226,66,,742
Cross Country Skiing,Cross Country Skiing Men's 30 km Skiathlon,2014-01-01,47226,66,,743
Cross Country Skiing,Cross Country Skiing Men's 4 x 10 kilometres Relay,2014-01-01,47226,66,,744
Biathlon,Biathlon Women's 7.5 kilometres Sprint,2014-01-01,47278,34,,745
Biathlon,Biathlon Women's 10 kilometres Pursuit,2014-01-01,47278,34,,746
Biathlon,Biathlon Women's 15 kilometres,2014-01-01,47278,34,,747
Biathlon,Biathlon Women's 4 x 6 kilometres Relay,2014-01-01,47278,34,,748
Cross Country Skiing,Cross Country Skiing Men's Sprint,2014-01-01,47457,178,,749
Cross Country Skiing,Cross Country Skiing Men's 15 kilometres,2014-01-01,47457,178,,750
Cross Country Skiing,Cross Country Skiing Men's 30 km Skiathlon,2014-01-01,47457,178,Silver,751
Cross Country Skiing,Cross Country Skiing Men's 4 x 10 kilometres Relay,2014-01-01,47457,178,Gold,752
Biathlon,Biathlon Women's 7.5 kilometres Sprint,2014-01-01,47627,71,,753
Biathlon,Biathlon Women's 10 kilometres Pursuit,2014-01-01,47627,71,,754
Biathlon,Biathlon Women's 12.5 kilometres Mass Start,2014-01-01,47627,71,,755
Biathlon,Biathlon Women's 4 x 6 kilometres Relay,2014-01-01,47627,71,,756
Alpine Skiing,Alpine Skiing Men's Slalom,2014-01-01,47852,12,,757
Cross Country Skiing,Cross Country Skiing Women's Sprint,2014-01-01,48175,71,,758
Cross Country Skiing,Cross Country Skiing Women's 4 x 5 kilometres Relay,2014-01-01,48175,71,Bronze,759
Cross Country Skiing,Cross Country Skiing Women's Team Sprint,2014-01-01,48175,71,,760
Biathlon,Biathlon Women's 12.5 kilometres Mass Start,2014-01-01,48529,71,,761
Biathlon,Biathlon Women's 15 kilometres,2014-01-01,48529,71,,762
Biathlon,Biathlon Women's 4 x 6 kilometres Relay,2014-01-01,48529,71,,763
Alpine Skiing,Alpine Skiing Men's Giant Slalom,2014-01-01,48817,12,,764
Alpine Skiing,Alpine Skiing Men's Slalom,2014-01-01,48817,12,Silver,765
Cross Country Skiing,Cross Country Skiing Men's Sprint,2014-01-01,49092,92,,766
Cross Country Skiing,Cross Country Skiing Men's 50 kilometres,2014-01-01,49092,92,,767
Cross Country Skiing,Cross Country Skiing Men's 4 x 10 kilometres Relay,2014-01-01,49092,92,,768
Biathlon,Biathlon Men's 10 kilometres Sprint,2014-01-01,49094,92,,769
Biathlon,Biathlon Mixed 2 x 6 kilometres and 2 x 7.5 kilometres Relay,2014-01-01,49094,92,Bronze,770
Biathlon,Biathlon Men's 12.5 kilometres Pursuit,2014-01-01,49094,92,,771
Biathlon,Biathlon Men's 15 kilometres Mass Start,2014-01-01,49094,92,,772
Biathlon,Biathlon Men's 20 kilometres,2014-01-01,49094,92,,773
Biathlon,Biathlon Men's 4 x 7.5 kilometres Relay,2014-01-01,49094,92,,774
Cross Country Skiing,Cross Country Skiing Men's 15 kilometres,2014-01-01,49115,195,,775
Cross Country Skiing,Cross Country Skiing Men's 50 kilometres,2014-01-01,49115,195,,776
Cross Country Skiing,Cross Country Skiing Men's 30 km Skiathlon,2014-01-01,49115,195,,777
Cross Country Skiing,Cross Country Skiing Men's 4 x 10 kilometres Relay,2014-01-01,49115,195,,778
Alpine Skiing,Alpine Skiing Women's Downhill,2014-01-01,49178,71,,779
Alpine Skiing,Alpine Skiing Women's Super G,2014-01-01,49178,71,Silver,780
Alpine Skiing,Alpine Skiing Women's Slalom,2014-01-01,49178,71,,781
Alpine Skiing,Alpine Skiing Women's Combined,2014-01-01,49178,71,Gold,782
Biathlon,Biathlon Women's 7.5 kilometres Sprint,2014-01-01,49283,146,,783
Biathlon,Biathlon Women's 10 kilometres Pursuit,2014-01-01,49283,146,,784
Biathlon,Biathlon Women's 12.5 kilometres Mass Start,2014-01-01,49283,146,,785
Biathlon,Biathlon Women's 15 kilometres,2014-01-01,49283,146,,786
Biathlon,Biathlon Women's 4 x 6 kilometres Relay,2014-01-01,49283,146,,787
Alpine Skiing,Alpine Skiing Women's Giant Slalom,2014-01-01,49318,179,,788
Alpine Skiing,Alpine Skiing Women's Slalom,2014-01-01,49318,179,,789
Biathlon,Biathlon Women's 4 x 6 kilometres Relay,2014-01-01,49953,136,Bronze,790
Alpine Skiing,Alpine Skiing Women's Downhill,2014-01-01,50161,12,,791
Alpine Skiing,Alpine Skiing Women's Super G,2014-01-01,50161,12,Bronze,792
Alpine Skiing,Alpine Skiing Women's Combined,2014-01-01,50161,12,Silver,793
Cross Country Skiing,Cross Country Skiing Women's 10 kilometres,2014-01-01,50509,193,,794
Cross Country Skiing,Cross Country Skiing Women's 30 kilometres,2014-01-01,50509,193,,795
Cross Country Skiing,Cross Country Skiing Women's 15 km Skiathlon,2014-01-01,50509,193,,796
Cross Country Skiing,Cross Country Skiing Women's 4 x 5 kilometres Relay,2014-01-01,50509,193,,797
Alpine Skiing,Alpine Skiing Men's Downhill,2014-01-01,50781,34,,798
Alpine Skiing,Alpine Skiing Men's Super G,2014-01-01,50781,34,Bronze,799
Cross Country Skiing,Cross Country Skiing Women's 30 kilometres,2014-01-01,50898,67,,800
Cross Country Skiing,Cross Country Skiing Women's 15 km Skiathlon,2014-01-01,50898,67,,801
Cross Country Skiing,Cross Country Skiing Women's 4 x 5 kilometres Relay,2014-01-01,50898,67,,802
Biathlon,Biathlon Men's 10 kilometres Sprint,2014-01-01,51117,166,,803
Biathlon,Biathlon Mixed 2 x 6 kilometres and 2 x 7.5 kilometres Relay,2014-01-01,51117,166,,804
Biathlon,Biathlon Men's 12.5 kilometres Pursuit,2014-01-01,51117,166,,805
Biathlon,Biathlon Men's 20 kilometres,2014-01-01,51117,166,,806
Biathlon,Biathlon Men's 4 x 7.5 kilometres Relay,2014-01-01,51117,166,,807
Alpine Skiing,Alpine Skiing Women's Downhill,2014-01-01,51307,12,,808
Cross Country Skiing,Cross Country Skiing Men's 15 kilometres,2014-01-01,51386,171,,809
Cross Country Skiing,Cross Country Skiing Men's 30 km Skiathlon,2014-01-01,51386,171,,810
Alpine Skiing,Alpine Skiing Women's Giant Slalom,2014-01-01,51715,162,,811
Alpine Skiing,Alpine Skiing Women's Slalom,2014-01-01,51715,162,,812
Biathlon,Biathlon Men's 10 kilometres Sprint,2014-01-01,51857,29,,813
Biathlon,Biathlon Men's 12.5 kilometres Pursuit,2014-01-01,51857,29,,814
Biathlon,Biathlon Men's 20 kilometres,2014-01-01,51857,29,,815
Biathlon,Biathlon Men's 4 x 7.5 kilometres Relay,2014-01-01,51857,29,,816
Biathlon,Biathlon Women's 7.5 kilometres Sprint,2014-01-01,52056,34,,817
Biathlon,Biathlon Mixed 2 x 6 kilometres and 2 x 7.5 kilometres Relay,2014-01-01,52056,34,,818
Biathlon,Biathlon Women's 10 kilometres Pursuit,2014-01-01,52056,34,,819
Biathlon,Biathlon Women's 12.5 kilometres Mass Start,2014-01-01,52056,34,,820
Biathlon,Biathlon Women's 15 kilometres,2014-01-01,52056,34,,821
Biathlon,Biathlon Women's 4 x 6 kilometres Relay,2014-01-01,52056,34,,822
Cross Country Skiing,Cross Country Skiing Women's Sprint,2014-01-01,52124,178,,823
Cross Country Skiing,Cross Country Skiing Women's 4 x 5 kilometres Relay,2014-01-01,52124,178,Gold,824
Cross Country Skiing,Cross Country Skiing Women's Team Sprint,2014-01-01,52124,178,Bronze,825
Alpine Skiing,Alpine Skiing Men's Downhill,2014-01-01,52167,92,Silver,826
Alpine Skiing,Alpine Skiing Men's Super G,2014-01-01,52167,92,,827
Alpine Skiing,Alpine Skiing Men's Combined,2014-01-01,52167,92,Bronze,828
Biathlon,Biathlon Women's 7.5 kilometres Sprint,2014-01-01,52168,12,,829
Biathlon,Biathlon Mixed 2 x 6 kilometres and 2 x 7.5 kilometres Relay,2014-01-01,52168,12,,830
Biathlon,Biathlon Women's 15 kilometres,2014-01-01,52168,12,,831
Cross Country Skiing,Cross Country Skiing Men's 15 kilometres,2014-01-01,52325,86,,832
Biathlon,Biathlon Men's 10 kilometres Sprint,2014-01-01,52394,94,,833
Biathlon,Biathlon Men's 20 kilometres,2014-01-01,52394,94,,834
Cross Country Skiing,Cross Country Skiing Women's 10 kilometres,2014-01-01,52481,94,,835
Cross Country Skiing,Cross Country Skiing Women's 30 kilometres,2014-01-01,52481,94,,836
Cross Country Skiing,Cross Country Skiing Women's 15 km Skiathlon,2014-01-01,52481,94,,837
Cross Country Skiing,Cross Country Skiing Men's 50 kilometres,2014-01-01,52775,18,,838
Cross Country Skiing,Cross Country Skiing Men's 4 x 10 kilometres Relay,2014-01-01,52775,18,,839
Cross Country Skiing,Cross Country Skiing Women's 10 kilometres,2014-01-01,52878,152,,840
Cross Country Skiing,Cross Country Skiing Women's 30 kilometres,2014-01-01,52878,152,,841
Cross Country Skiing,Cross Country Skiing Women's 4 x 5 kilometres Relay,2014-01-01,52878,152,,842
Cross Country Skiing,Cross Country Skiing Women's Team Sprint,2014-01-01,52878,152,,843
Biathlon,Biathlon Men's 10 kilometres Sprint,2014-01-01,53132,73,,844
Biathlon,Biathlon Men's 20 kilometres,2014-01-01,53132,73,,845
Cross Country Skiing,Cross Country Skiing Women's Sprint,2014-01-01,53207,136,,846
Cross Country Skiing,Cross Country Skiing Women's 10 kilometres,2014-01-01,53207,136,,847
Cross Country Skiing,Cross Country Skiing Women's 4 x 5 kilometres Relay,2014-01-01,53207,136,,848
Cross Country Skiing,Cross Country Skiing Men's 50 kilometres,2014-01-01,53420,52,,849
Cross Country Skiing,Cross Country Skiing Men's 30 km Skiathlon,2014-01-01,53420,52,,850
Cross Country Skiing,Cross Country Skiing Men's 4 x 10 kilometres Relay,2014-01-01,53420,52,,851
Cross Country Skiing,Cross Country Skiing Men's Team Sprint,2014-01-01,53420,52,,852
Alpine Skiing,Alpine Skiing Men's Downhill,2014-01-01,53688,179,,853
Alpine Skiing,Alpine Skiing Men's Super G,2014-01-01,53688,179,,854
Alpine Skiing,Alpine Skiing Men's Giant Slalom,2014-01-01,53688,179,,855
Alpine Skiing,Alpine Skiing Men's Combined,2014-01-01,53688,179,,856
Alpine Skiing,Alpine Skiing Men's Downhill,2014-01-01,53794,136,Bronze,857
Alpine Skiing,Alpine Skiing Men's Super G,2014-01-01,53794,136,Gold,858
Alpine Skiing,Alpine Skiing Men's Giant Slalom,2014-01-01,53794,136,,859
Alpine Skiing,Alpine Skiing Men's Combined,2014-01-01,53794,136,,860
Alpine Skiing,Alpine Skiing Women's Giant Slalom,2014-01-01,53850,108,,861
Alpine Skiing,Alpine Skiing Women's Slalom,2014-01-01,53850,108,,862
Alpine Skiing,Alpine Skiing Men's Slalom,2014-01-01,53859,34,,863
Alpine Skiing,Alpine Skiing Men's Slalom,2014-01-01,53994,146,,864
Cross Country Skiing,Cross Country Skiing Women's Sprint,2014-01-01,54012,146,,865
Cross Country Skiing,Cross Country Skiing Women's 30 kilometres,2014-01-01,54012,146,,866
Cross Country Skiing,Cross Country Skiing Women's 4 x 5 kilometres Relay,2014-01-01,54012,146,,867
Cross Country Skiing,Cross Country Skiing Women's Team Sprint,2014-01-01,54012,146,,868
Cross Country Skiing,Cross Country Skiing Men's 15 kilometres,2014-01-01,54041,66,,869
Cross Country Skiing,Cross Country Skiing Men's 30 km Skiathlon,2014-01-01,54041,66,,870
Cross Country Skiing,Cross Country Skiing Men's 4 x 10 kilometres Relay,2014-01-01,54041,66,,871
Cross Country Skiing,Cross Country Skiing Men's Team Sprint,2014-01-01,54041,66,Gold,872
Cross Country Skiing,Cross Country Skiing Men's Sprint,2014-01-01,54078,67,,873
Alpine Skiing,Alpine Skiing Men's Super G,2014-01-01,54327,122,,874
Alpine Skiing,Alpine Skiing Men's Giant Slalom,2014-01-01,54327,122,,875
Alpine Skiing,Alpine Skiing Men's Slalom,2014-01-01,54327,122,,876
Alpine Skiing,Alpine Skiing Men's Combined,2014-01-01,54327,122,,877
Cross Country Skiing,Cross Country Skiing Men's 15 kilometres,2014-01-01,54673,136,,878
Cross Country Skiing,Cross Country Skiing Men's 50 kilometres,2014-01-01,54673,136,,879
Cross Country Skiing,Cross Country Skiing Men's 4 x 10 kilometres Relay,2014-01-01,54673,136,,880
Cross Country Skiing,Cross Country Skiing Women's 10 kilometres,2014-01-01,54724,167,,881
Cross Country Skiing,Cross Country Skiing Women's 30 kilometres,2014-01-01,54724,167,,882
Cross Country Skiing,Cross Country Skiing Women's 15 km Skiathlon,2014-01-01,54724,167,,883
Cross Country Skiing,Cross Country Skiing Women's 4 x 5 kilometres Relay,2014-01-01,54724,167,,884
Alpine Skiing,Alpine Skiing Men's Giant Slalom,2014-01-01,54938,195,,885
Cross Country Skiing,Cross Country Skiing Women's Sprint,2014-01-01,55281,178,,886
Cross Country Skiing,Cross Country Skiing Women's 15 km Skiathlon,2014-01-01,55281,178,,887
Cross Country Skiing,Cross Country Skiing Women's 10 kilometres,2014-01-01,55285,136,Bronze,888
Cross Country Skiing,Cross Country Skiing Women's 30 kilometres,2014-01-01,55285,136,Silver,889
Cross Country Skiing,Cross Country Skiing Women's 15 km Skiathlon,2014-01-01,55285,136,,890
Cross Country Skiing,Cross Country Skiing Women's 4 x 5 kilometres Relay,2014-01-01,55285,136,,891
Biathlon,Biathlon Men's 20 kilometres,2014-01-01,55572,179,,892
Biathlon,Biathlon Men's 4 x 7.5 kilometres Relay,2014-01-01,55572,179,,893
Cross Country Skiing,Cross Country Skiing Women's Sprint,2014-01-01,55717,34,,894
Cross Country Skiing,Cross Country Skiing Women's 4 x 5 kilometres Relay,2014-01-01,55717,34,,895
Cross Country Skiing,Cross Country Skiing Women's Team Sprint,2014-01-01,55717,34,,896
Cross Country Skiing,Cross Country Skiing Men's Sprint,2014-01-01,55809,178,Bronze,897
Cross Country Skiing,Cross Country Skiing Men's Team Sprint,2014-01-01,55809,178,Bronze,898
Alpine Skiing,Alpine Skiing Men's Giant Slalom,2014-01-01,56293,171,,899
Alpine Skiing,Alpine Skiing Men's Slalom,2014-01-01,56293,171,,900
Biathlon,Biathlon Women's 7.5 kilometres Sprint,2014-01-01,56403,62,,901
Biathlon,Biathlon Mixed 2 x 6 kilometres and 2 x 7.5 kilometres Relay,2014-01-01,56403,62,,902
Biathlon,Biathlon Women's 15 kilometres,2014-01-01,56403,62,,903
Biathlon,Biathlon Women's 4 x 6 kilometres Relay,2014-01-01,56403,62,,904
Biathlon,Biathlon Women's 7.5 kilometres Sprint,2014-01-01,56410,102,,905
Biathlon,Biathlon Women's 15 kilometres,2014-01-01,56410,102,,906
Cross Country Skiing,Cross Country Skiing Men's Sprint,2014-01-01,56467,66,,907
Cross Country Skiing,Cross Country Skiing Men's 50 kilometres,2014-01-01,56467,66,,908
Biathlon,Biathlon Women's 7.5 kilometres Sprint,2014-01-01,56861,18,,909
Biathlon,Biathlon Mixed 2 x 6 kilometres and 2 x 7.5 kilometres Relay,2014-01-01,56861,18,,910
Biathlon,Biathlon Women's 10 kilometres Pursuit,2014-01-01,56861,18,,911
Biathlon,Biathlon Women's 15 kilometres,2014-01-01,56861,18,,912
Biathlon,Biathlon Women's 4 x 6 kilometres Relay,2014-01-01,56861,18,,913
Cross Country Skiing,Cross Country Skiing Women's 10 kilometres,2014-01-01,56898,178,Silver,914
Cross Country Skiing,Cross Country Skiing Women's 30 kilometres,2014-01-01,56898,178,,915
Cross Country Skiing,Cross Country Skiing Women's 15 km Skiathlon,2014-01-01,56898,178,Silver,916
Cross Country Skiing,Cross Country Skiing Women's 4 x 5 kilometres Relay,2014-01-01,56898,178,Gold,917
Cross Country Skiing,Cross Country Skiing Women's Sprint,2014-01-01,57079,18,,918
Alpine Skiing,Alpine Skiing Women's Super G,2014-01-01,57292,166,,919
Alpine Skiing,Alpine Skiing Women's Giant Slalom,2014-01-01,57292,166,,920
Alpine Skiing,Alpine Skiing Women's Slalom,2014-01-01,57292,166,,921
Alpine Skiing,Alpine Skiing Women's Giant Slalom,2014-01-01,57508,92,,922
Alpine Skiing,Alpine Skiing Men's Giant Slalom,2014-01-01,57554,138,,923
Biathlon,Biathlon Women's 7.5 kilometres Sprint,2014-01-01,57570,24,,924
Cross Country Skiing,Cross Country Skiing Women's 10 kilometres,2014-01-01,57570,24,,925
Biathlon,Biathlon Women's 15 kilometres,2014-01-01,57570,24,,926
Cross Country Skiing,Cross Country Skiing Men's 15 kilometres,2014-01-01,57692,62,,927
Cross Country Skiing,Cross Country Skiing Men's 4 x 10 kilometres Relay,2014-01-01,57692,62,,928
Alpine Skiing,Alpine Skiing Men's Slalom,2014-01-01,57892,195,,929
Alpine Skiing,Alpine Skiing Women's Downhill,2014-01-01,58078,179,,930
Alpine Skiing,Alpine Skiing Women's Combined,2014-01-01,58078,179,,931
Biathlon,Biathlon Men's 10 kilometres Sprint,2014-01-01,58080,108,,932
Biathlon,Biathlon Men's 12.5 kilometres Pursuit,2014-01-01,58080,108,,933
Biathlon,Biathlon Men's 20 kilometres,2014-01-01,58080,108,,934
Biathlon,Biathlon Men's 10 kilometres Sprint,2014-01-01,58090,66,,935
Biathlon,Biathlon Men's 20 kilometres,2014-01-01,58090,66,,936
Biathlon,Biathlon Men's 10 kilometres Sprint,2014-01-01,58285,166,,937
Biathlon,Biathlon Mixed 2 x 6 kilometres and 2 x 7.5 kilometres Relay,2014-01-01,58285,166,,938
Biathlon,Biathlon Men's 12.5 kilometres Pursuit,2014-01-01,58285,166,,939
Biathlon,Biathlon Men's 15 kilometres Mass Start,2014-01-01,58285,166,,940
Biathlon,Biathlon Men's 20 kilometres,2014-01-01,58285,166,,941
Biathlon,Biathlon Men's 4 x 7.5 kilometres Relay,2014-01-01,58285,166,,942
Biathlon,Biathlon Men's 20 kilometres,2014-01-01,58671,29,,943
Biathlon,Biathlon Men's 10 kilometres Sprint,2014-01-01,58691,96,,944
Biathlon,Biathlon Men's 4 x 7.5 kilometres Relay,2014-01-01,58691,96,,945
Cross Country Skiing,Cross Country Skiing Men's Sprint,2014-01-01,58869,34,,946
Cross Country Skiing,Cross Country Skiing Men's 15 kilometres,2014-01-01,58869,34,,947
Cross Country Skiing,Cross Country Skiing Men's Team Sprint,2014-01-01,58869,34,,948
Cross Country Skiing,Cross Country Skiing Women's Sprint,2014-01-01,59268,152,,949
Cross Country Skiing,Cross Country Skiing Women's 30 kilometres,2014-01-01,59268,152,,950
Cross Country Skiing,Cross Country Skiing Women's 15 km Skiathlon,2014-01-01,59268,152,,951
Alpine Skiing,Alpine Skiing Men's Slalom,2014-01-01,59384,152,,952
Alpine Skiing,Alpine Skiing Men's Combined,2014-01-01,59384,152,,953
Biathlon,Biathlon Women's 7.5 kilometres Sprint,2014-01-01,59471,96,,954
Biathlon,Biathlon Mixed 2 x 6 kilometres and 2 x 7.5 kilometres Relay,2014-01-01,59471,96,,955
Biathlon,Biathlon Women's 10 kilometres Pursuit,2014-01-01,59471,96,,956
Biathlon,Biathlon Women's 15 kilometres,2014-01-01,59471,96,,957
Biathlon,Biathlon Women's 4 x 6 kilometres Relay,2014-01-01,59471,96,,958
Alpine Skiing,Alpine Skiing Men's Downhill,2014-01-01,59483,96,,959
Alpine Skiing,Alpine Skiing Men's Super G,2014-01-01,59483,96,,960
Alpine Skiing,Alpine Skiing Men's Combined,2014-01-01,59483,96,,961
Alpine Skiing,Alpine Skiing Men's Downhill,2014-01-01,59708,136,,962
Alpine Skiing,Alpine Skiing Men's Super G,2014-01-01,59708,136,,963
Alpine Skiing,Alpine Skiing Men's Combined,2014-01-01,59708,136,,964
Cross Country Skiing,Cross Country Skiing Men's 15 kilometres,2014-01-01,59740,34,,965
Cross Country Skiing,Cross Country Skiing Men's 50 kilometres,2014-01-01,59740,34,,966
Cross Country Skiing,Cross Country Skiing Men's 30 km Skiathlon,2014-01-01,59740,34,,967
Cross Country Skiing,Cross Country Skiing Men's 4 x 10 kilometres Relay,2014-01-01,59740,34,,968
Alpine Skiing,Alpine Skiing Women's Giant Slalom,2014-01-01,60249,171,,969
Alpine Skiing,Alpine Skiing Women's Slalom,2014-01-01,60249,171,,970
Cross Country Skiing,Cross Country Skiing Men's Sprint,2014-01-01,60462,179,,971
Alpine Skiing,Alpine Skiing Women's Giant Slalom,2014-01-01,60668,12,,972
Alpine Skiing,Alpine Skiing Women's Slalom,2014-01-01,60668,12,,973
Alpine Skiing,Alpine Skiing Women's Combined,2014-01-01,60668,12,,974
Alpine Skiing,Alpine Skiing Women's Giant Slalom,2014-01-01,60742,29,,975
Alpine Skiing,Alpine Skiing Women's Slalom,2014-01-01,60742,29,,976
Alpine Skiing,Alpine Skiing Men's Giant Slalom,2014-01-01,60964,89,,977
Alpine Skiing,Alpine Skiing Men's Slalom,2014-01-01,60964,89,,978
Biathlon,Biathlon Men's 10 kilometres Sprint,2014-01-01,61094,29,,979
Biathlon,Biathlon Men's 20 kilometres,2014-01-01,61094,29,,980
Biathlon,Biathlon Men's 4 x 7.5 kilometres Relay,2014-01-01,61094,29,,981
Alpine Skiing,Alpine Skiing Women's Downhill,2014-01-01,61284,178,,982
Alpine Skiing,Alpine Skiing Women's Super G,2014-01-01,61284,178,,983
Alpine Skiing,Alpine Skiing Women's Giant Slalom,2014-01-01,61284,178,,984
Cross Country Skiing,Cross Country Skiing Men's 15 kilometres,2014-01-01,61314,146,,985
Cross Country Skiing,Cross Country Skiing Men's 30 km Skiathlon,2014-01-01,61314,146,,986
Alpine Skiing,Alpine Skiing Women's Slalom,2014-01-01,61394,146,,987
Biathlon,Biathlon Women's 7.5 kilometres Sprint,2014-01-01,61667,94,,988
Biathlon,Biathlon Women's 15 kilometres,2014-01-01,61667,94,,989
Biathlon,Biathlon Women's 4 x 6 kilometres Relay,2014-01-01,61667,94,,990
Biathlon,Biathlon Women's 7.5 kilometres Sprint,2014-01-01,61791,34,,991
Biathlon,Biathlon Women's 10 kilometres Pursuit,2014-01-01,61791,34,,992
Biathlon,Biathlon Women's 15 kilometres,2014-01-01,61791,34,,993
Biathlon,Biathlon Women's 4 x 6 kilometres Relay,2014-01-01,61791,34,,994
Biathlon,Biathlon Men's 10 kilometres Sprint,2014-01-01,62028,62,,995
Biathlon,Biathlon Mixed 2 x 6 kilometres and 2 x 7.5 kilometres Relay,2014-01-01,62028,62,,996
Biathlon,Biathlon Men's 12.5 kilometres Pursuit,2014-01-01,62028,62,,997
Biathlon,Biathlon Men's 20 kilometres,2014-01-01,62028,62,,998
Biathlon,Biathlon Men's 4 x 7.5 kilometres Relay,2014-01-01,62028,62,,999
Cross Country Skiing,Cross Country Skiing Women's 10 kilometres,2014-01-01,62125,110,,1000
Cross Country Skiing,Cross Country Skiing Women's Sprint,2014-01-01,62136,71,,1001
Cross Country Skiing,Cross Country Skiing Women's Sprint,2014-01-01,62265,96,,1002
Cross Country Skiing,Cross Country Skiing Women's 10 kilometres,2014-01-01,62265,96,,1003
Cross Country Skiing,Cross Country Skiing Women's 30 kilometres,2014-01-01,62265,96,,1004
Cross Country Skiing,Cross Country Skiing Women's 15 km Skiathlon,2014-01-01,62265,96,,1005
Cross Country Skiing,Cross Country Skiing Women's Team Sprint,2014-01-01,62265,96,,1006
Alpine Skiing,Alpine Skiing Women's Giant Slalom,2014-01-01,62358,49,,1007
Alpine Skiing,Alpine Skiing Women's Slalom,2014-01-01,62358,49,,1008
Cross Country Skiing,Cross Country Skiing Men's Sprint,2014-01-01,62638,195,,1009
Alpine Skiing,Alpine Skiing Men's Downhill,2014-01-01,62995,96,,1010
Alpine Skiing,Alpine Skiing Men's Super G,2014-01-01,62995,96,,1011
Alpine Skiing,Alpine Skiing Men's Downhill,2014-01-01,62996,167,,1012
Alpine Skiing,Alpine Skiing Men's Super G,2014-01-01,62996,167,,1013
Alpine Skiing,Alpine Skiing Men's Giant Slalom,2014-01-01,62996,167,,1014
Alpine Skiing,Alpine Skiing Men's Slalom,2014-01-01,62996,167,,1015
Alpine Skiing,Alpine Skiing Men's Combined,2014-01-01,62996,167,,1016
Alpine Skiing,Alpine Skiing Men's Super G,2014-01-01,63092,49,,1017
Alpine Skiing,Alpine Skiing Men's Giant Slalom,2014-01-01,63092,49,,1018
Alpine Skiing,Alpine Skiing Men's Slalom,2014-01-01,63092,49,,1019
Alpine Skiing,Alpine Skiing Men's Combined,2014-01-01,63092,49,Silver,1020
Cross Country Skiing,Cross Country Skiing Women's Sprint,2014-01-01,63231,166,,1021
Cross Country Skiing,Cross Country Skiing Women's Team Sprint,2014-01-01,63231,166,,1022
Cross Country Skiing,Cross Country Skiing Women's 10 kilometres,2014-01-01,63346,162,,1023
Cross Country Skiing,Cross Country Skiing Women's 10 kilometres,2014-01-01,63507,146,Gold,1024
Cross Country Skiing,Cross Country Skiing Women's 30 kilometres,2014-01-01,63507,146,,1025
Cross Country Skiing,Cross Country Skiing Women's 15 km Skiathlon,2014-01-01,63507,146,,1026
Cross Country Skiing,Cross Country Skiing Women's 4 x 5 kilometres Relay,2014-01-01,63507,146,,1027
Cross Country Skiing,Cross Country Skiing Women's Team Sprint,2014-01-01,63507,146,,1028
Cross Country Skiing,Cross Country Skiing Men's Sprint,2014-01-01,63581,52,,1029
Cross Country Skiing,Cross Country Skiing Men's 4 x 10 kilometres Relay,2014-01-01,63581,52,,1030
Alpine Skiing,Alpine Skiing Men's Giant Slalom,2014-01-01,63742,167,,1031
Alpine Skiing,Alpine Skiing Men's Slalom,2014-01-01,63742,167,,1032
Cross Country Skiing,Cross Country Skiing Men's Sprint,2014-01-01,63780,193,,1033
Cross Country Skiing,Cross Country Skiing Men's 15 kilometres,2014-01-01,63780,193,,1034
Cross Country Skiing,Cross Country Skiing Men's Team Sprint,2014-01-01,63780,193,,1035
Biathlon,Biathlon Men's 20 kilometres,2014-01-01,63915,52,,1036
Biathlon,Biathlon Men's 4 x 7.5 kilometres Relay,2014-01-01,63915,52,,1037
Cross Country Skiing,Cross Country Skiing Men's 15 kilometres,2014-01-01,63929,146,,1038
Cross Country Skiing,Cross Country Skiing Men's 30 km Skiathlon,2014-01-01,63929,146,,1039
Cross Country Skiing,Cross Country Skiing Men's 4 x 10 kilometres Relay,2014-01-01,63929,146,,1040
Cross Country Skiing,Cross Country Skiing Men's Team Sprint,2014-01-01,63929,146,,1041
Alpine Skiing,Alpine Skiing Men's Giant Slalom,2014-01-01,64088,85,,1042
Alpine Skiing,Alpine Skiing Men's Slalom,2014-01-01,64088,85,,1043
Alpine Skiing,Alpine Skiing Men's Giant Slalom,2014-01-01,64126,136,,1044
Alpine Skiing,Alpine Skiing Men's Slalom,2014-01-01,64126,136,Bronze,1045
Alpine Skiing,Alpine Skiing Women's Downhill,2014-01-01,64182,52,,1046
Alpine Skiing,Alpine Skiing Women's Super G,2014-01-01,64182,52,,1047
Alpine Skiing,Alpine Skiing Women's Combined,2014-01-01,64182,52,,1048
Alpine Skiing,Alpine Skiing Men's Downhill,2014-01-01,64238,12,,1049
Biathlon,Biathlon Men's 10 kilometres Sprint,2014-01-01,64384,52,,1050
Biathlon,Biathlon Men's 4 x 7.5 kilometres Relay,2014-01-01,64384,52,,1051
Cross Country Skiing,Cross Country Skiing Men's Sprint,2014-01-01,64443,152,,1052
Cross Country Skiing,Cross Country Skiing Men's Team Sprint,2014-01-01,64443,152,Silver,1053
Alpine Skiing,Alpine Skiing Men's Giant Slalom,2014-01-01,64452,52,,1054
Alpine Skiing,Alpine Skiing Men's Slalom,2014-01-01,64452,52,,1055
Alpine Skiing,Alpine Skiing Men's Combined,2014-01-01,64452,52,,1056
Cross Country Skiing,Cross Country Skiing Men's Sprint,2014-01-01,64930,62,,1057
Cross Country Skiing,Cross Country Skiing Men's Team Sprint,2014-01-01,64930,62,,1058
Alpine Skiing,Alpine Skiing Men's Downhill,2014-01-01,64979,179,,1059
Alpine Skiing,Alpine Skiing Men's Super G,2014-01-01,64979,179,,1060
Cross Country Skiing,Cross Country Skiing Women's Sprint,2014-01-01,65033,71,,1061
Cross Country Skiing,Cross Country Skiing Women's 15 km Skiathlon,2014-01-01,65033,71,,1062
Cross Country Skiing,Cross Country Skiing Women's 4 x 5 kilometres Relay,2014-01-01,65033,71,Bronze,1063
Biathlon,Biathlon Women's 7.5 kilometres Sprint,2014-01-01,65376,166,Gold,1064
Biathlon,Biathlon Mixed 2 x 6 kilometres and 2 x 7.5 kilometres Relay,2014-01-01,65376,166,,1065
Biathlon,Biathlon Women's 10 kilometres Pursuit,2014-01-01,65376,166,,1066
Biathlon,Biathlon Women's 12.5 kilometres Mass Start,2014-01-01,65376,166,,1067
Biathlon,Biathlon Women's 15 kilometres,2014-01-01,65376,166,,1068
Cross Country Skiing,Cross Country Skiing Women's 10 kilometres,2014-01-01,65423,152,,1069
Cross Country Skiing,Cross Country Skiing Women's 15 km Skiathlon,2014-01-01,65423,152,,1070
Cross Country Skiing,Cross Country Skiing Women's 4 x 5 kilometres Relay,2014-01-01,65423,152,,1071
Cross Country Skiing,Cross Country Skiing Women's Sprint,2014-01-01,65539,66,,1072
Cross Country Skiing,Cross Country Skiing Women's 10 kilometres,2014-01-01,65539,66,,1073
Cross Country Skiing,Cross Country Skiing Women's 15 km Skiathlon,2014-01-01,65539,66,,1074
Cross Country Skiing,Cross Country Skiing Women's 4 x 5 kilometres Relay,2014-01-01,65539,66,Silver,1075
Cross Country Skiing,Cross Country Skiing Women's 10 kilometres,2014-01-01,65946,66,,1076
Cross Country Skiing,Cross Country Skiing Women's 30 kilometres,2014-01-01,65946,66,,1077
Cross Country Skiing,Cross Country Skiing Women's 15 km Skiathlon,2014-01-01,65946,66,,1078
Cross Country Skiing,Cross Country Skiing Women's 4 x 5 kilometres Relay,2014-01-01,65946,66,Silver,1079
Alpine Skiing,Alpine Skiing Men's Downhill,2014-01-01,65987,24,,1080
Alpine Skiing,Alpine Skiing Men's Super G,2014-01-01,65987,24,,1081
Alpine Skiing,Alpine Skiing Men's Giant Slalom,2014-01-01,65987,24,,1082
Alpine Skiing,Alpine Skiing Men's Slalom,2014-01-01,65987,24,,1083
Alpine Skiing,Alpine Skiing Men's Combined,2014-01-01,65987,24,,1084
Alpine Skiing,Alpine Skiing Men's Giant Slalom,2014-01-01,66206,125,,1085
Alpine Skiing,Alpine Skiing Men's Slalom,2014-01-01,66206,125,,1086
Biathlon,Biathlon Men's 10 kilometres Sprint,2014-01-01,66305,12,Silver,1087
Biathlon,Biathlon Men's 12.5 kilometres Pursuit,2014-01-01,66305,12,,1088
Biathlon,Biathlon Men's 15 kilometres Mass Start,2014-01-01,66305,12,,1089
Biathlon,Biathlon Men's 20 kilometres,2014-01-01,66305,12,,1090
Biathlon,Biathlon Men's 4 x 7.5 kilometres Relay,2014-01-01,66305,12,Bronze,1091
Biathlon,Biathlon Women's 7.5 kilometres Sprint,2014-01-01,66322,52,,1092
Biathlon,Biathlon Women's 10 kilometres Pursuit,2014-01-01,66322,52,,1093
Biathlon,Biathlon Women's 15 kilometres,2014-01-01,66322,52,,1094
Biathlon,Biathlon Women's 4 x 6 kilometres Relay,2014-01-01,66322,52,,1095
Alpine Skiing,Alpine Skiing Men's Slalom,2014-01-01,66907,178,,1096
Cross Country Skiing,Cross Country Skiing Women's 30 kilometres,2014-01-01,66981,66,,1097
Biathlon,Biathlon Women's 7.5 kilometres Sprint,2014-01-01,67100,66,,1098
Cross Country Skiing,Cross Country Skiing Women's Sprint,2014-01-01,67100,66,,1099
Cross Country Skiing,Cross Country Skiing Women's Sprint,2014-01-01,67124,92,,1100
Alpine Skiing,Alpine Skiing Women's Giant Slalom,2014-01-01,67275,167,,1101
Cross Country Skiing,Cross Country Skiing Men's 15 kilometres,2014-01-01,67448,18,,1102
Cross Country Skiing,Cross Country Skiing Men's 30 km Skiathlon,2014-01-01,67448,18,,1103
Cross Country Skiing,Cross Country Skiing Men's 4 x 10 kilometres Relay,2014-01-01,67448,18,,1104
Biathlon,Biathlon Men's 10 kilometres Sprint,2014-01-01,67515,34,,1105
Biathlon,Biathlon Men's 12.5 kilometres Pursuit,2014-01-01,67515,34,,1106
Biathlon,Biathlon Men's 15 kilometres Mass Start,2014-01-01,67515,34,,1107
Biathlon,Biathlon Men's 20 kilometres,2014-01-01,67515,34,,1108
Biathlon,Biathlon Men's 4 x 7.5 kilometres Relay,2014-01-01,67515,34,,1109
Biathlon,Biathlon Women's 7.5 kilometres Sprint,2014-01-01,67623,96,,1110
Biathlon,Biathlon Women's 4 x 6 kilometres Relay,2014-01-01,67623,96,,1111
Cross Country Skiing,Cross Country Skiing Women's 10 kilometres,2014-01-01,67798,171,,1112
Cross Country Skiing,Cross Country Skiing Women's 30 kilometres,2014-01-01,67798,171,,1113
Cross Country Skiing,Cross Country Skiing Women's 15 km Skiathlon,2014-01-01,67798,171,,1114
Biathlon,Biathlon Men's 10 kilometres Sprint,2014-01-01,67967,171,,1115
Biathlon,Biathlon Men's 20 kilometres,2014-01-01,67967,171,,1116
Cross Country Skiing,Cross Country Skiing Men's 50 kilometres,2014-01-01,68324,152,Gold,1117
Cross Country Skiing,Cross Country Skiing Men's 30 km Skiathlon,2014-01-01,68324,152,,1118
Cross Country Skiing,Cross Country Skiing Men's 4 x 10 kilometres Relay,2014-01-01,68324,152,Silver,1119
Biathlon,Biathlon Women's 7.5 kilometres Sprint,2014-01-01,68423,62,,1120
Biathlon,Biathlon Mixed 2 x 6 kilometres and 2 x 7.5 kilometres Relay,2014-01-01,68423,62,,1121
Biathlon,Biathlon Women's 15 kilometres,2014-01-01,68423,62,,1122
Biathlon,Biathlon Women's 4 x 6 kilometres Relay,2014-01-01,68423,62,,1123
Cross Country Skiing,Cross Country Skiing Men's 50 kilometres,2014-01-01,68439,66,,1124
Cross Country Skiing,Cross Country Skiing Men's 30 km Skiathlon,2014-01-01,68439,66,,1125
Cross Country Skiing,Cross Country Skiing Men's 4 x 10 kilometres Relay,2014-01-01,68439,66,,1126
Cross Country Skiing,Cross Country Skiing Men's 4 x 10 kilometres Relay,2014-01-01,68739,94,,1127
Biathlon,Biathlon Men's 10 kilometres Sprint,2014-01-01,68845,146,,1128
Biathlon,Biathlon Men's 4 x 7.5 kilometres Relay,2014-01-01,68845,146,,1129
Biathlon,Biathlon Men's 10 kilometres Sprint,2014-01-01,69006,71,,1130
Biathlon,Biathlon Men's 12.5 kilometres Pursuit,2014-01-01,69006,71,,1131
Biathlon,Biathlon Men's 15 kilometres Mass Start,2014-01-01,69006,71,,1132
Biathlon,Biathlon Men's 20 kilometres,2014-01-01,69006,71,Silver,1133
Biathlon,Biathlon Men's 4 x 7.5 kilometres Relay,2014-01-01,69006,71,Silver,1134
Cross Country Skiing,Cross Country Skiing Men's 50 kilometres,2014-01-01,69006,71,,1135
Biathlon,Biathlon Men's 10 kilometres Sprint,2014-01-01,69009,62,,1136
Biathlon,Biathlon Men's 4 x 7.5 kilometres Relay,2014-01-01,69009,62,,1137
Cross Country Skiing,Cross Country Skiing Women's Sprint,2014-01-01,69380,40,,1138
Cross Country Skiing,Cross Country Skiing Women's 10 kilometres,2014-01-01,69380,40,,1139
Cross Country Skiing,Cross Country Skiing Women's 30 kilometres,2014-01-01,69380,40,,1140
Cross Country Skiing,Cross Country Skiing Women's 15 km Skiathlon,2014-01-01,69380,40,,1141
Cross Country Skiing,Cross Country Skiing Women's Team Sprint,2014-01-01,69380,40,,1142
Cross Country Skiing,Cross Country Skiing Men's Sprint,2014-01-01,69768,102,,1143
Cross Country Skiing,Cross Country Skiing Men's 15 kilometres,2014-01-01,69768,102,,1144
Cross Country Skiing,Cross Country Skiing Men's 50 kilometres,2014-01-01,69768,102,,1145
Cross Country Skiing,Cross Country Skiing Men's 30 km Skiathlon,2014-01-01,69768,102,,1146
Alpine Skiing,Alpine Skiing Men's Super G,2014-01-01,69796,195,,1147
Alpine Skiing,Alpine Skiing Men's Giant Slalom,2014-01-01,69796,195,Gold,1148
Alpine Skiing,Alpine Skiing Men's Slalom,2014-01-01,69796,195,,1149
Alpine Skiing,Alpine Skiing Men's Combined,2014-01-01,69796,195,,1150
Biathlon,Biathlon Women's 7.5 kilometres Sprint,2014-01-01,69806,73,,1151
Biathlon,Biathlon Women's 15 kilometres,2014-01-01,69806,73,,1152
Cross Country Skiing,Cross Country Skiing Women's 10 kilometres,2014-01-01,70099,178,,1153
Cross Country Skiing,Cross Country Skiing Women's 30 kilometres,2014-01-01,70099,178,,1154
Cross Country Skiing,Cross Country Skiing Women's 15 km Skiathlon,2014-01-01,70099,178,,1155
Alpine Skiing,Alpine Skiing Women's Super G,2014-01-01,70113,178,,1156
Alpine Skiing,Alpine Skiing Women's Giant Slalom,2014-01-01,70113,178,,1157
Alpine Skiing,Alpine Skiing Men's Super G,2014-01-01,70204,121,,1158
Biathlon,Biathlon Men's 10 kilometres Sprint,2014-01-01,70274,178,,1159
Biathlon,Biathlon Men's 12.5 kilometres Pursuit,2014-01-01,70274,178,,1160
Biathlon,Biathlon Men's 15 kilometres Mass Start,2014-01-01,70274,178,,1161
Biathlon,Biathlon Men's 20 kilometres,2014-01-01,70274,178,,1162
Biathlon,Biathlon Men's 4 x 7.5 kilometres Relay,2014-01-01,70274,178,,1163
Cross Country Skiing,Cross Country Skiing Men's 50 kilometres,2014-01-01,70730,179,,1164
Cross Country Skiing,Cross Country Skiing Men's 4 x 10 kilometres Relay,2014-01-01,70730,179,,1165
Alpine Skiing,Alpine Skiing Men's Slalom,2014-01-01,70763,67,,1166
Biathlon,Biathlon Men's 10 kilometres Sprint,2014-01-01,70933,173,,1167
Biathlon,Biathlon Men's 20 kilometres,2014-01-01,70933,173,,1168
Biathlon,Biathlon Men's 20 kilometres,2014-01-01,71051,152,,1169
Alpine Skiing,Alpine Skiing Men's Giant Slalom,2014-01-01,71224,26,,1170
Alpine Skiing,Alpine Skiing Men's Slalom,2014-01-01,71224,26,,1171
Alpine Skiing,Alpine Skiing Women's Giant Slalom,2014-01-01,71874,136,,1172
Alpine Skiing,Alpine Skiing Women's Slalom,2014-01-01,71874,136,,1173
Alpine Skiing,Alpine Skiing Women's Giant Slalom,2014-01-01,71875,136,,1174
Alpine Skiing,Alpine Skiing Women's Slalom,2014-01-01,71875,136,,1175
Alpine Skiing,Alpine Skiing Men's Giant Slalom,2014-01-01,72158,71,,1176
Alpine Skiing,Alpine Skiing Men's Slalom,2014-01-01,72158,71,,1177
Alpine Skiing,Alpine Skiing Women's Giant Slalom,2014-01-01,72168,166,,1178
Alpine Skiing,Alpine Skiing Women's Slalom,2014-01-01,72168,166,,1179
Biathlon,Biathlon Men's 10 kilometres Sprint,2014-01-01,72580,18,,1180
Biathlon,Biathlon Men's 12.5 kilometres Pursuit,2014-01-01,72580,18,,1181
Biathlon,Biathlon Men's 4 x 7.5 kilometres Relay,2014-01-01,72580,18,,1182
Alpine Skiing,Alpine Skiing Men's Giant Slalom,2014-01-01,72643,90,,1183
Alpine Skiing,Alpine Skiing Men's Slalom,2014-01-01,72643,90,,1184
Cross Country Skiing,Cross Country Skiing Women's 10 kilometres,2014-01-01,73012,146,,1185
Cross Country Skiing,Cross Country Skiing Women's 30 kilometres,2014-01-01,73012,146,,1186
Cross Country Skiing,Cross Country Skiing Women's 15 km Skiathlon,2014-01-01,73012,146,,1187
Cross Country Skiing,Cross Country Skiing Women's 4 x 5 kilometres Relay,2014-01-01,73012,146,,1188
Alpine Skiing,Alpine Skiing Women's Super G,2014-01-01,73201,12,,1189
Cross Country Skiing,Cross Country Skiing Men's 50 kilometres,2014-01-01,73357,52,,1190
Cross Country Skiing,Cross Country Skiing Men's 30 km Skiathlon,2014-01-01,73357,52,,1191
Biathlon,Biathlon Women's 7.5 kilometres Sprint,2014-01-01,73799,66,,1192
Biathlon,Biathlon Women's 10 kilometres Pursuit,2014-01-01,73799,66,,1193
Biathlon,Biathlon Women's 12.5 kilometres Mass Start,2014-01-01,73799,66,,1194
Biathlon,Biathlon Women's 15 kilometres,2014-01-01,73799,66,,1195
Cross Country Skiing,Cross Country Skiing Women's Sprint,2014-01-01,73986,29,,1196
Cross Country Skiing,Cross Country Skiing Women's 30 kilometres,2014-01-01,73986,29,,1197
Cross Country Skiing,Cross Country Skiing Women's Sprint,2014-01-01,74007,49,,1198
Cross Country Skiing,Cross Country Skiing Women's 10 kilometres,2014-01-01,74007,49,,1199
Cross Country Skiing,Cross Country Skiing Women's 30 kilometres,2014-01-01,74007,49,,1200
Cross Country Skiing,Cross Country Skiing Women's 15 km Skiathlon,2014-01-01,74007,49,,1201
Cross Country Skiing,Cross Country Skiing Women's Sprint,2014-01-01,74035,193,,1202
Cross Country Skiing,Cross Country Skiing Women's 10 kilometres,2014-01-01,74035,193,,1203
Cross Country Skiing,Cross Country Skiing Women's Sprint,2014-01-01,74213,66,,1204
Biathlon,Biathlon Men's 10 kilometres Sprint,2014-01-01,74228,152,,1205
Biathlon,Biathlon Men's 12.5 kilometres Pursuit,2014-01-01,74228,152,,1206
Biathlon,Biathlon Men's 15 kilometres Mass Start,2014-01-01,74228,152,,1207
Biathlon,Biathlon Men's 4 x 7.5 kilometres Relay,2014-01-01,74228,152,Gold,1208
Cross Country Skiing,Cross Country Skiing Women's Sprint,2014-01-01,74273,40,,1209
Cross Country Skiing,Cross Country Skiing Women's 10 kilometres,2014-01-01,74273,40,,1210
Cross Country Skiing,Cross Country Skiing Women's Team Sprint,2014-01-01,74273,40,,1211
Alpine Skiing,Alpine Skiing Women's Downhill,2014-01-01,74318,195,,1212
Alpine Skiing,Alpine Skiing Women's Super G,2014-01-01,74318,195,,1213
Alpine Skiing,Alpine Skiing Women's Giant Slalom,2014-01-01,74318,195,,1214
Alpine Skiing,Alpine Skiing Women's Combined,2014-01-01,74318,195,Bronze,1215
Cross Country Skiing,Cross Country Skiing Men's 50 kilometres,2014-01-01,74460,67,,1216
Cross Country Skiing,Cross Country Skiing Men's 30 km Skiathlon,2014-01-01,74460,67,,1217
Cross Country Skiing,Cross Country Skiing Men's 4 x 10 kilometres Relay,2014-01-01,74460,67,Bronze,1218
Alpine Skiing,Alpine Skiing Women's Downhill,2014-01-01,74781,67,,1219
Alpine Skiing,Alpine Skiing Women's Super G,2014-01-01,74781,67,,1220
Cross Country Skiing,Cross Country Skiing Women's 10 kilometres,2014-01-01,74922,146,,1221
Cross Country Skiing,Cross Country Skiing Women's 30 kilometres,2014-01-01,74922,146,,1222
Cross Country Skiing,Cross Country Skiing Women's 15 km Skiathlon,2014-01-01,74922,146,,1223
Cross Country Skiing,Cross Country Skiing Women's 4 x 5 kilometres Relay,2014-01-01,74922,146,,1224
Biathlon,Biathlon Men's 10 kilometres Sprint,2014-01-01,75017,167,,1225
Biathlon,Biathlon Men's 12.5 kilometres Pursuit,2014-01-01,75017,167,,1226
Biathlon,Biathlon Men's 20 kilometres,2014-01-01,75017,167,,1227
Biathlon,Biathlon Men's 4 x 7.5 kilometres Relay,2014-01-01,75017,167,,1228
Alpine Skiing,Alpine Skiing Women's Giant Slalom,2014-01-01,75250,67,,1229
Alpine Skiing,Alpine Skiing Women's Slalom,2014-01-01,75250,67,,1230
Alpine Skiing,Alpine Skiing Women's Super G,2014-01-01,75367,92,,1231
Alpine Skiing,Alpine Skiing Women's Giant Slalom,2014-01-01,75367,92,,1232
Alpine Skiing,Alpine Skiing Women's Combined,2014-01-01,75367,92,,1233
Biathlon,Biathlon Men's 20 kilometres,2014-01-01,76458,166,,1234
Biathlon,Biathlon Men's 4 x 7.5 kilometres Relay,2014-01-01,76458,166,,1235
Alpine Skiing,Alpine Skiing Women's Super G,2014-01-01,76535,193,,1236
Alpine Skiing,Alpine Skiing Women's Giant Slalom,2014-01-01,76535,193,,1237
Alpine Skiing,Alpine Skiing Men's Slalom,2014-01-01,76635,12,Gold,1238
Cross Country Skiing,Cross Country Skiing Women's Sprint,2014-01-01,76776,152,,1239
Alpine Skiing,Alpine Skiing Men's Downhill,2014-01-01,76991,12,Gold,1240
Alpine Skiing,Alpine Skiing Men's Super G,2014-01-01,76991,12,,1241
Alpine Skiing,Alpine Skiing Men's Giant Slalom,2014-01-01,76991,12,,1242
Alpine Skiing,Alpine Skiing Men's Combined,2014-01-01,76991,12,,1243
Cross Country Skiing,Cross Country Skiing Women's 10 kilometres,2014-01-01,77006,12,,1244
Cross Country Skiing,Cross Country Skiing Women's 4 x 5 kilometres Relay,2014-01-01,77006,12,,1245
Alpine Skiing,Alpine Skiing Men's Giant Slalom,2014-01-01,77065,152,,1246
Alpine Skiing,Alpine Skiing Men's Slalom,2014-01-01,77065,152,,1247
Alpine Skiing,Alpine Skiing Women's Downhill,2014-01-01,77079,167,Gold,1248
Alpine Skiing,Alpine Skiing Women's Super G,2014-01-01,77079,167,,1249
Alpine Skiing,Alpine Skiing Women's Giant Slalom,2014-01-01,77079,167,Gold,1250
Alpine Skiing,Alpine Skiing Women's Slalom,2014-01-01,77079,167,,1251
Alpine Skiing,Alpine Skiing Women's Combined,2014-01-01,77079,167,,1252
Alpine Skiing,Alpine Skiing Women's Giant Slalom,2014-01-01,77650,195,,1253
Alpine Skiing,Alpine Skiing Women's Slalom,2014-01-01,77650,195,,1254
Alpine Skiing,Alpine Skiing Women's Giant Slalom,2014-01-01,78179,2,,1255
Alpine Skiing,Alpine Skiing Women's Slalom,2014-01-01,78179,2,,1256
Alpine Skiing,Alpine Skiing Women's Downhill,2014-01-01,78884,92,,1257
Alpine Skiing,Alpine Skiing Women's Super G,2014-01-01,78884,92,,1258
Alpine Skiing,Alpine Skiing Women's Combined,2014-01-01,78884,92,,1259
Alpine Skiing,Alpine Skiing Men's Super G,2014-01-01,78938,67,,1260
Alpine Skiing,Alpine Skiing Men's Combined,2014-01-01,78938,67,,1261
Biathlon,Biathlon Men's 10 kilometres Sprint,2014-01-01,79041,12,,1262
Biathlon,Biathlon Mixed 2 x 6 kilometres and 2 x 7.5 kilometres Relay,2014-01-01,79041,12,,1263
Biathlon,Biathlon Men's 12.5 kilometres Pursuit,2014-01-01,79041,12,,1264
Biathlon,Biathlon Men's 20 kilometres,2014-01-01,79041,12,,1265
Biathlon,Biathlon Men's 4 x 7.5 kilometres Relay,2014-01-01,79041,12,Bronze,1266
Alpine Skiing,Alpine Skiing Men's Giant Slalom,2014-01-01,79423,158,,1267
Alpine Skiing,Alpine Skiing Women's Giant Slalom,2014-01-01,79499,34,,1268
Alpine Skiing,Alpine Skiing Women's Slalom,2014-01-01,79499,34,,1269
Cross Country Skiing,Cross Country Skiing Men's 15 kilometres,2014-01-01,79603,9,,1270
Cross Country Skiing,Cross Country Skiing Men's 30 km Skiathlon,2014-01-01,79603,9,,1271
Cross Country Skiing,Cross Country Skiing Men's Sprint,2014-01-01,79687,66,,1272
Alpine Skiing,Alpine Skiing Women's Downhill,2014-01-01,79697,84,,1273
Alpine Skiing,Alpine Skiing Women's Super G,2014-01-01,79697,84,,1274
Alpine Skiing,Alpine Skiing Women's Giant Slalom,2014-01-01,79697,84,,1275
Alpine Skiing,Alpine Skiing Women's Combined,2014-01-01,79697,84,,1276
Alpine Skiing,Alpine Skiing Men's Downhill,2014-01-01,79875,195,,1277
Alpine Skiing,Alpine Skiing Men's Super G,2014-01-01,79875,195,Bronze,1278
Alpine Skiing,Alpine Skiing Men's Giant Slalom,2014-01-01,79875,195,,1279
Alpine Skiing,Alpine Skiing Men's Combined,2014-01-01,79875,195,,1280
Cross Country Skiing,Cross Country Skiing Men's Sprint,2014-01-01,80235,67,,1281
Cross Country Skiing,Cross Country Skiing Men's 15 kilometres,2014-01-01,80235,67,,1282
Cross Country Skiing,Cross Country Skiing Men's Team Sprint,2014-01-01,80235,67,,1283
Alpine Skiing,Alpine Skiing Men's Giant Slalom,2014-01-01,80367,67,Silver,1284
Alpine Skiing,Alpine Skiing Men's Slalom,2014-01-01,80367,67,,1285
Cross Country Skiing,Cross Country Skiing Men's 4 x 10 kilometres Relay,2014-01-01,80618,94,,1286
Cross Country Skiing,Cross Country Skiing Men's Team Sprint,2014-01-01,80618,94,,1287
Cross Country Skiing,Cross Country Skiing Men's Sprint,2014-01-01,80691,166,,1288
Cross Country Skiing,Cross Country Skiing Men's 15 kilometres,2014-01-01,80691,166,,1289
Cross Country Skiing,Cross Country Skiing Men's Team Sprint,2014-01-01,80691,166,,1290
Alpine Skiing,Alpine Skiing Men's Giant Slalom,2014-01-01,80966,103,,1291
Alpine Skiing,Alpine Skiing Men's Slalom,2014-01-01,80966,103,,1292
Alpine Skiing,Alpine Skiing Men's Giant Slalom,2014-01-01,81113,92,,1293
Alpine Skiing,Alpine Skiing Men's Slalom,2014-01-01,81113,92,,1294
Cross Country Skiing,Cross Country Skiing Women's 10 kilometres,2014-01-01,81843,52,,1295
Cross Country Skiing,Cross Country Skiing Women's 30 kilometres,2014-01-01,81843,52,,1296
Cross Country Skiing,Cross Country Skiing Women's 15 km Skiathlon,2014-01-01,81843,52,,1297
Cross Country Skiing,Cross Country Skiing Women's 4 x 5 kilometres Relay,2014-01-01,81843,52,,1298
Biathlon,Biathlon Men's 10 kilometres Sprint,2014-01-01,81846,52,,1299
Biathlon,Biathlon Mixed 2 x 6 kilometres and 2 x 7.5 kilometres Relay,2014-01-01,81846,52,Silver,1300
Biathlon,Biathlon Men's 12.5 kilometres Pursuit,2014-01-01,81846,52,Silver,1301
Biathlon,Biathlon Men's 15 kilometres Mass Start,2014-01-01,81846,52,Bronze,1302
Biathlon,Biathlon Men's 20 kilometres,2014-01-01,81846,52,,1303
Biathlon,Biathlon Men's 4 x 7.5 kilometres Relay,2014-01-01,81846,52,,1304
Biathlon,Biathlon Women's 7.5 kilometres Sprint,2014-01-01,82613,26,,1305
Cross Country Skiing,Cross Country Skiing Women's Sprint,2014-01-01,82613,26,,1306
Biathlon,Biathlon Women's 15 kilometres,2014-01-01,82613,26,,1307
Alpine Skiing,Alpine Skiing Women's Downhill,2014-01-01,82694,136,,1308
Alpine Skiing,Alpine Skiing Women's Super G,2014-01-01,82694,136,,1309
Alpine Skiing,Alpine Skiing Women's Giant Slalom,2014-01-01,82694,136,,1310
Alpine Skiing,Alpine Skiing Women's Combined,2014-01-01,82694,136,,1311
Cross Country Skiing,Cross Country Skiing Men's Sprint,2014-01-01,82748,53,,1312
Cross Country Skiing,Cross Country Skiing Men's 15 kilometres,2014-01-01,82748,53,,1313
Cross Country Skiing,Cross Country Skiing Men's 50 kilometres,2014-01-01,82748,53,,1314
Cross Country Skiing,Cross Country Skiing Men's 30 km Skiathlon,2014-01-01,82748,53,,1315
Biathlon,Biathlon Women's 7.5 kilometres Sprint,2014-01-01,83233,171,,1316
Biathlon,Biathlon Women's 15 kilometres,2014-01-01,83233,171,,1317
Alpine Skiing,Alpine Skiing Men's Slalom,2014-01-01,83496,179,,1318
Cross Country Skiing,Cross Country Skiing Men's 15 kilometres,2014-01-01,83553,22,,1319
Cross Country Skiing,Cross Country Skiing Men's Sprint,2014-01-01,83658,73,,1320
Cross Country Skiing,Cross Country Skiing Men's 15 kilometres,2014-01-01,83658,73,,1321
Cross Country Skiing,Cross Country Skiing Men's 50 kilometres,2014-01-01,83658,73,,1322
Cross Country Skiing,Cross Country Skiing Men's Team Sprint,2014-01-01,83658,73,,1323
Cross Country Skiing,Cross Country Skiing Women's Sprint,2014-01-01,83660,73,,1324
Cross Country Skiing,Cross Country Skiing Women's 10 kilometres,2014-01-01,83660,73,,1325
Alpine Skiing,Alpine Skiing Men's Slalom,2014-01-01,83872,178,,1326
Alpine Skiing,Alpine Skiing Men's Super G,2014-01-01,83954,193,,1327
Alpine Skiing,Alpine Skiing Men's Giant Slalom,2014-01-01,83954,193,,1328
Alpine Skiing,Alpine Skiing Men's Slalom,2014-01-01,83954,193,,1329
Biathlon,Biathlon Women's 7.5 kilometres Sprint,2014-01-01,84287,94,,1330
Biathlon,Biathlon Women's 15 kilometres,2014-01-01,84287,94,,1331
Biathlon,Biathlon Women's 4 x 6 kilometres Relay,2014-01-01,84287,94,,1332
Alpine Skiing,Alpine Skiing Men's Giant Slalom,2014-01-01,84478,92,,1333
Cross Country Skiing,Cross Country Skiing Men's 4 x 10 kilometres Relay,2014-01-01,84570,94,,1334
Biathlon,Biathlon Men's 10 kilometres Sprint,2014-01-01,84732,96,,1335
Biathlon,Biathlon Mixed 2 x 6 kilometres and 2 x 7.5 kilometres Relay,2014-01-01,84732,96,,1336
Biathlon,Biathlon Men's 12.5 kilometres Pursuit,2014-01-01,84732,96,,1337
Biathlon,Biathlon Men's 20 kilometres,2014-01-01,84732,96,,1338
Biathlon,Biathlon Men's 4 x 7.5 kilometres Relay,2014-01-01,84732,96,,1339
Cross Country Skiing,Cross Country Skiing Men's 15 kilometres,2014-01-01,85205,178,,1340
Cross Country Skiing,Cross Country Skiing Men's 30 km Skiathlon,2014-01-01,85205,178,,1341
Cross Country Skiing,Cross Country Skiing Men's 4 x 10 kilometres Relay,2014-01-01,85205,178,Gold,1342
Alpine Skiing,Alpine Skiing Men's Giant Slalom,2014-01-01,85499,71,,1343
Alpine Skiing,Alpine Skiing Men's Slalom,2014-01-01,85499,71,,1344
Cross Country Skiing,Cross Country Skiing Men's Sprint,2014-01-01,85559,195,,1345
Cross Country Skiing,Cross Country Skiing Men's 4 x 10 kilometres Relay,2014-01-01,85559,195,,1346
Alpine Skiing,Alpine Skiing Women's Slalom,2014-01-01,86147,107,,1347
Cross Country Skiing,Cross Country Skiing Women's Sprint,2014-01-01,86427,178,,1348
Cross Country Skiing,Cross Country Skiing Women's Team Sprint,2014-01-01,86427,178,Bronze,1349
Cross Country Skiing,Cross Country Skiing Women's 30 kilometres,2014-01-01,86502,34,,1350
Cross Country Skiing,Cross Country Skiing Women's 15 km Skiathlon,2014-01-01,86502,34,,1351
Cross Country Skiing,Cross Country Skiing Women's 4 x 5 kilometres Relay,2014-01-01,86502,34,,1352
Cross Country Skiing,Cross Country Skiing Men's 15 kilometres,2014-01-01,86532,66,,1353
Cross Country Skiing,Cross Country Skiing Men's 50 kilometres,2014-01-01,86532,66,,1354
Cross Country Skiing,Cross Country Skiing Men's 30 km Skiathlon,2014-01-01,86532,66,,1355
Cross Country Skiing,Cross Country Skiing Men's 4 x 10 kilometres Relay,2014-01-01,86532,66,,1356
Cross Country Skiing,Cross Country Skiing Men's Team Sprint,2014-01-01,86532,66,Gold,1357
Cross Country Skiing,Cross Country Skiing Women's 10 kilometres,2014-01-01,86533,66,,1358
Cross Country Skiing,Cross Country Skiing Women's 30 kilometres,2014-01-01,86533,66,,1359
Cross Country Skiing,Cross Country Skiing Women's 15 km Skiathlon,2014-01-01,86533,66,,1360
Cross Country Skiing,Cross Country Skiing Women's 4 x 5 kilometres Relay,2014-01-01,86533,66,Silver,1361
Cross Country Skiing,Cross Country Skiing Women's Team Sprint,2014-01-01,86533,66,Silver,1362
Cross Country Skiing,Cross Country Skiing Men's Sprint,2014-01-01,86605,92,,1363
Cross Country Skiing,Cross Country Skiing Men's Sprint,2014-01-01,86717,92,,1364
Cross Country Skiing,Cross Country Skiing Men's 15 kilometres,2014-01-01,86717,92,,1365
Cross Country Skiing,Cross Country Skiing Men's 4 x 10 kilometres Relay,2014-01-01,86717,92,,1366
Cross Country Skiing,Cross Country Skiing Men's Team Sprint,2014-01-01,86717,92,,1367
Alpine Skiing,Alpine Skiing Women's Slalom,2014-01-01,86734,67,,1368
Biathlon,Biathlon Men's 10 kilometres Sprint,2014-01-01,86879,195,,1369
Biathlon,Biathlon Men's 12.5 kilometres Pursuit,2014-01-01,86879,195,,1370
Biathlon,Biathlon Men's 20 kilometres,2014-01-01,86879,195,,1371
Biathlon,Biathlon Men's 4 x 7.5 kilometres Relay,2014-01-01,86879,195,,1372
Cross Country Skiing,Cross Country Skiing Men's Sprint,2014-01-01,87005,136,,1373
Cross Country Skiing,Cross Country Skiing Men's 50 kilometres,2014-01-01,87005,136,,1374
Cross Country Skiing,Cross Country Skiing Men's 30 km Skiathlon,2014-01-01,87005,136,,1375
Cross Country Skiing,Cross Country Skiing Men's 4 x 10 kilometres Relay,2014-01-01,87005,136,,1376
Cross Country Skiing,Cross Country Skiing Men's Team Sprint,2014-01-01,87005,136,,1377
Cross Country Skiing,Cross Country Skiing Men's Sprint,2014-01-01,87091,66,,1378
Cross Country Skiing,Cross Country Skiing Men's 15 kilometres,2014-01-01,87091,66,,1379
Cross Country Skiing,Cross Country Skiing Men's 50 kilometres,2014-01-01,87113,52,,1380
Cross Country Skiing,Cross Country Skiing Men's 30 km Skiathlon,2014-01-01,87113,52,,1381
Cross Country Skiing,Cross Country Skiing Women's Sprint,2014-01-01,87121,52,,1382
Cross Country Skiing,Cross Country Skiing Women's 30 kilometres,2014-01-01,87121,52,,1383
Cross Country Skiing,Cross Country Skiing Women's 15 km Skiathlon,2014-01-01,87121,52,,1384
Cross Country Skiing,Cross Country Skiing Women's 4 x 5 kilometres Relay,2014-01-01,87121,52,,1385
Alpine Skiing,Alpine Skiing Women's Giant Slalom,2014-01-01,87124,24,,1386
Alpine Skiing,Alpine Skiing Women's Slalom,2014-01-01,87124,24,,1387
Biathlon,Biathlon Men's 10 kilometres Sprint,2014-01-01,87148,18,,1388
Biathlon,Biathlon Men's 12.5 kilometres Pursuit,2014-01-01,87148,18,,1389
Biathlon,Biathlon Men's 20 kilometres,2014-01-01,87148,18,,1390
Biathlon,Biathlon Men's 4 x 7.5 kilometres Relay,2014-01-01,87148,18,,1391
Alpine Skiing,Alpine Skiing Men's Giant Slalom,2014-01-01,87155,152,,1392
Alpine Skiing,Alpine Skiing Women's Giant Slalom,2014-01-01,87171,49,,1393
Alpine Skiing,Alpine Skiing Women's Slalom,2014-01-01,87171,49,,1394
Biathlon,Biathlon Women's 7.5 kilometres Sprint,2014-01-01,87223,146,,1395
Biathlon,Biathlon Women's 10 kilometres Pursuit,2014-01-01,87223,146,,1396
Biathlon,Biathlon Women's 12.5 kilometres Mass Start,2014-01-01,87223,146,,1397
Biathlon,Biathlon Women's 15 kilometres,2014-01-01,87223,146,,1398
Biathlon,Biathlon Women's 4 x 6 kilometres Relay,2014-01-01,87223,146,,1399
Alpine Skiing,Alpine Skiing Men's Downhill,2014-01-01,87549,195,,1400
Biathlon,Biathlon Women's 7.5 kilometres Sprint,2014-01-01,87736,92,,1401
Biathlon,Biathlon Mixed 2 x 6 kilometres and 2 x 7.5 kilometres Relay,2014-01-01,87736,92,Bronze,1402
Biathlon,Biathlon Women's 10 kilometres Pursuit,2014-01-01,87736,92,,1403
Biathlon,Biathlon Women's 12.5 kilometres Mass Start,2014-01-01,87736,92,,1404
Biathlon,Biathlon Women's 15 kilometres,2014-01-01,87736,92,,1405
Biathlon,Biathlon Women's 4 x 6 kilometres Relay,2014-01-01,87736,92,,1406
Alpine Skiing,Alpine Skiing Men's Giant Slalom,2014-01-01,88082,144,,1407
Alpine Skiing,Alpine Skiing Men's Slalom,2014-01-01,88082,144,,1408
Alpine Skiing,Alpine Skiing Women's Giant Slalom,2014-01-01,88083,144,,1409
Alpine Skiing,Alpine Skiing Women's Slalom,2014-01-01,88083,144,,1410
Cross Country Skiing,Cross Country Skiing Men's Sprint,2014-01-01,88177,189,,1411
Cross Country Skiing,Cross Country Skiing Men's 15 kilometres,2014-01-01,88177,189,,1412
Cross Country Skiing,Cross Country Skiing Women's Sprint,2014-01-01,88356,62,,1413
Cross Country Skiing,Cross Country Skiing Women's 10 kilometres,2014-01-01,88356,62,,1414
Alpine Skiing,Alpine Skiing Men's Downhill,2014-01-01,88774,5,,1415
Alpine Skiing,Alpine Skiing Men's Super G,2014-01-01,88774,5,,1416
Alpine Skiing,Alpine Skiing Men's Giant Slalom,2014-01-01,88774,5,,1417
Alpine Skiing,Alpine Skiing Men's Combined,2014-01-01,88774,5,,1418
Cross Country Skiing,Cross Country Skiing Men's 15 kilometres,2014-01-01,88969,178,Silver,1419
Cross Country Skiing,Cross Country Skiing Men's 50 kilometres,2014-01-01,88969,178,,1420
Cross Country Skiing,Cross Country Skiing Men's 4 x 10 kilometres Relay,2014-01-01,88969,178,Gold,1421
Alpine Skiing,Alpine Skiing Men's Giant Slalom,2014-01-01,88977,178,,1422
Cross Country Skiing,Cross Country Skiing Men's Sprint,2014-01-01,89132,94,,1423
Cross Country Skiing,Cross Country Skiing Men's Team Sprint,2014-01-01,89132,94,,1424
Alpine Skiing,Alpine Skiing Men's Giant Slalom,2014-01-01,89208,102,,1425
Alpine Skiing,Alpine Skiing Men's Slalom,2014-01-01,89208,102,,1426
Cross Country Skiing,Cross Country Skiing Women's 10 kilometres,2014-01-01,89424,173,,1427
Cross Country Skiing,Cross Country Skiing Women's 30 kilometres,2014-01-01,89424,173,,1428
Cross Country Skiing,Cross Country Skiing Women's 15 km Skiathlon,2014-01-01,89424,173,,1429
Alpine Skiing,Alpine Skiing Men's Downhill,2014-01-01,89705,34,,1430
Alpine Skiing,Alpine Skiing Men's Super G,2014-01-01,89705,34,,1431
Cross Country Skiing,Cross Country Skiing Women's Sprint,2014-01-01,89896,136,Silver,1432
Cross Country Skiing,Cross Country Skiing Women's Team Sprint,2014-01-01,89896,136,Gold,1433
Biathlon,Biathlon Men's 10 kilometres Sprint,2014-01-01,89948,166,,1434
Biathlon,Biathlon Women's 7.5 kilometres Sprint,2014-01-01,90475,173,,1435
Biathlon,Biathlon Women's 10 kilometres Pursuit,2014-01-01,90475,173,,1436
Biathlon,Biathlon Women's 15 kilometres,2014-01-01,90475,173,,1437
Cross Country Skiing,Cross Country Skiing Men's Sprint,2014-01-01,90611,102,,1438
Cross Country Skiing,Cross Country Skiing Men's 15 kilometres,2014-01-01,90611,102,,1439
Alpine Skiing,Alpine Skiing Men's Slalom,2014-01-01,90896,66,,1440
Biathlon,Biathlon Mixed 2 x 6 kilometres and 2 x 7.5 kilometres Relay,2014-01-01,91036,193,,1441
Biathlon,Biathlon Men's 10 kilometres Sprint,2014-01-01,91138,96,,1442
Biathlon,Biathlon Mixed 2 x 6 kilometres and 2 x 7.5 kilometres Relay,2014-01-01,91138,96,,1443
Biathlon,Biathlon Men's 20 kilometres,2014-01-01,91138,96,,1444
Biathlon,Biathlon Men's 4 x 7.5 kilometres Relay,2014-01-01,91138,96,,1445
Alpine Skiing,Alpine Skiing Men's Giant Slalom,2014-01-01,91231,51,,1446
Alpine Skiing,Alpine Skiing Men's Slalom,2014-01-01,91231,51,,1447
Alpine Skiing,Alpine Skiing Men's Giant Slalom,2014-01-01,91367,199,,1448
Alpine Skiing,Alpine Skiing Men's Downhill,2014-01-01,91421,92,,1449
Alpine Skiing,Alpine Skiing Men's Super G,2014-01-01,91421,92,,1450
Alpine Skiing,Alpine Skiing Men's Combined,2014-01-01,91421,92,,1451
Alpine Skiing,Alpine Skiing Men's Giant Slalom,2014-01-01,91529,171,,1452
Alpine Skiing,Alpine Skiing Men's Slalom,2014-01-01,91529,171,,1453
Cross Country Skiing,Cross Country Skiing Men's 15 kilometres,2014-01-01,91911,92,,1454
Alpine Skiing,Alpine Skiing Women's Super G,2014-01-01,92183,52,,1455
Alpine Skiing,Alpine Skiing Women's Giant Slalom,2014-01-01,92183,52,,1456
Alpine Skiing,Alpine Skiing Women's Slalom,2014-01-01,92183,52,,1457
Biathlon,Biathlon Women's 7.5 kilometres Sprint,2014-01-01,92465,146,,1458
Biathlon,Biathlon Mixed 2 x 6 kilometres and 2 x 7.5 kilometres Relay,2014-01-01,92465,146,,1459
Biathlon,Biathlon Women's 10 kilometres Pursuit,2014-01-01,92465,146,,1460
Biathlon,Biathlon Women's 12.5 kilometres Mass Start,2014-01-01,92465,146,,1461
Biathlon,Biathlon Women's 15 kilometres,2014-01-01,92465,146,,1462
Biathlon,Biathlon Women's 4 x 6 kilometres Relay,2014-01-01,92465,146,,1463
Biathlon,Biathlon Men's 10 kilometres Sprint,2014-01-01,92760,71,,1464
Biathlon,Biathlon Men's 12.5 kilometres Pursuit,2014-01-01,92760,71,,1465
Biathlon,Biathlon Men's 15 kilometres Mass Start,2014-01-01,92760,71,,1466
Biathlon,Biathlon Men's 4 x 7.5 kilometres Relay,2014-01-01,92760,71,Silver,1467
Cross Country Skiing,Cross Country Skiing Men's 50 kilometres,2014-01-01,92760,71,,1468
Alpine Skiing,Alpine Skiing Women's Giant Slalom,2014-01-01,92850,116,,1469
Alpine Skiing,Alpine Skiing Women's Slalom,2014-01-01,92850,116,,1470
Cross Country Skiing,Cross Country Skiing Men's 15 kilometres,2014-01-01,92851,92,,1471
Cross Country Skiing,Cross Country Skiing Men's Sprint,2014-01-01,92859,92,,1472
Cross Country Skiing,Cross Country Skiing Men's Team Sprint,2014-01-01,92859,92,,1473
Cross Country Skiing,Cross Country Skiing Men's Sprint,2014-01-01,93071,66,,1474
Cross Country Skiing,Cross Country Skiing Men's Sprint,2014-01-01,93098,151,,1475
Cross Country Skiing,Cross Country Skiing Men's 15 kilometres,2014-01-01,93098,151,,1476
Cross Country Skiing,Cross Country Skiing Men's 30 km Skiathlon,2014-01-01,93098,151,,1477
Cross Country Skiing,Cross Country Skiing Men's Team Sprint,2014-01-01,93098,151,,1478
Alpine Skiing,Alpine Skiing Men's Giant Slalom,2014-01-01,93147,11,,1479
Alpine Skiing,Alpine Skiing Men's Slalom,2014-01-01,93147,11,,1480
Cross Country Skiing,Cross Country Skiing Men's Sprint,2014-01-01,93220,193,,1481
Cross Country Skiing,Cross Country Skiing Men's Team Sprint,2014-01-01,93220,193,,1482
Cross Country Skiing,Cross Country Skiing Men's 15 kilometres,2014-01-01,93479,179,,1483
Cross Country Skiing,Cross Country Skiing Men's 50 kilometres,2014-01-01,93479,179,,1484
Cross Country Skiing,Cross Country Skiing Men's 30 km Skiathlon,2014-01-01,93479,179,,1485
Cross Country Skiing,Cross Country Skiing Men's 4 x 10 kilometres Relay,2014-01-01,93479,179,,1486
Biathlon,Biathlon Men's 10 kilometres Sprint,2014-01-01,93525,34,,1487
Biathlon,Biathlon Mixed 2 x 6 kilometres and 2 x 7.5 kilometres Relay,2014-01-01,93525,34,,1488
Biathlon,Biathlon Men's 20 kilometres,2014-01-01,93525,34,,1489
Biathlon,Biathlon Men's 4 x 7.5 kilometres Relay,2014-01-01,93525,34,,1490
Cross Country Skiing,Cross Country Skiing Men's 50 kilometres,2014-01-01,93555,67,,1491
Cross Country Skiing,Cross Country Skiing Men's 30 km Skiathlon,2014-01-01,93555,67,,1492
Cross Country Skiing,Cross Country Skiing Men's 4 x 10 kilometres Relay,2014-01-01,93555,67,Bronze,1493
Cross Country Skiing,Cross Country Skiing Men's Sprint,2014-01-01,93829,109,,1494
Cross Country Skiing,Cross Country Skiing Men's Sprint,2014-01-01,93934,178,Silver,1495
Cross Country Skiing,Cross Country Skiing Men's Team Sprint,2014-01-01,93934,178,Bronze,1496
Biathlon,Biathlon Men's 10 kilometres Sprint,2014-01-01,94162,162,,1497
Cross Country Skiing,Cross Country Skiing Men's Sprint,2014-01-01,94162,162,,1498
Cross Country Skiing,Cross Country Skiing Men's 15 kilometres,2014-01-01,94162,162,,1499
Biathlon,Biathlon Men's 20 kilometres,2014-01-01,94162,162,,1500
Cross Country Skiing,Cross Country Skiing Men's 50 kilometres,2014-01-01,94162,162,,1501
Cross Country Skiing,Cross Country Skiing Men's Sprint,2014-01-01,94273,152,,1502
Alpine Skiing,Alpine Skiing Men's Giant Slalom,2014-01-01,94358,107,,1503
Alpine Skiing,Alpine Skiing Men's Slalom,2014-01-01,94358,107,,1504
Alpine Skiing,Alpine Skiing Women's Slalom,2014-01-01,94400,34,,1505
Alpine Skiing,Alpine Skiing Men's Giant Slalom,2014-01-01,94501,34,,1506
Alpine Skiing,Alpine Skiing Men's Slalom,2014-01-01,94501,34,,1507
Biathlon,Biathlon Women's 7.5 kilometres Sprint,2014-01-01,94648,193,,1508
Biathlon,Biathlon Women's 10 kilometres Pursuit,2014-01-01,94648,193,,1509
Biathlon,Biathlon Women's 12.5 kilometres Mass Start,2014-01-01,94648,193,,1510
Biathlon,Biathlon Women's 15 kilometres,2014-01-01,94648,193,,1511
Biathlon,Biathlon Women's 4 x 6 kilometres Relay,2014-01-01,94648,193,Gold,1512
Biathlon,Biathlon Men's 20 kilometres,2014-01-01,94651,193,,1513
Biathlon,Biathlon Men's 4 x 7.5 kilometres Relay,2014-01-01,94651,193,,1514
Alpine Skiing,Alpine Skiing Women's Giant Slalom,2014-01-01,94757,178,,1515
Alpine Skiing,Alpine Skiing Women's Slalom,2014-01-01,94757,178,,1516
Cross Country Skiing,Cross Country Skiing Women's 10 kilometres,2014-01-01,94884,92,,1517
Cross Country Skiing,Cross Country Skiing Women's 30 kilometres,2014-01-01,94884,92,,1518
Cross Country Skiing,Cross Country Skiing Women's 15 km Skiathlon,2014-01-01,94884,92,,1519
Cross Country Skiing,Cross Country Skiing Women's 4 x 5 kilometres Relay,2014-01-01,94884,92,,1520
Biathlon,Biathlon Mixed 2 x 6 kilometres and 2 x 7.5 kilometres Relay,2014-01-01,95033,12,,1521
Alpine Skiing,Alpine Skiing Men's Giant Slalom,2014-01-01,95067,67,Bronze,1522
Alpine Skiing,Alpine Skiing Men's Slalom,2014-01-01,95067,67,,1523
Alpine Skiing,Alpine Skiing Men's Combined,2014-01-01,95067,67,,1524
Cross Country Skiing,Cross Country Skiing Men's Sprint,2014-01-01,95070,121,,1525
Biathlon,Biathlon Women's 15 kilometres,2014-01-01,95184,18,,1526
Biathlon,Biathlon Women's 4 x 6 kilometres Relay,2014-01-01,95184,18,,1527
Cross Country Skiing,Cross Country Skiing Men's Sprint,2014-01-01,95337,24,,1528
Cross Country Skiing,Cross Country Skiing Men's 50 kilometres,2014-01-01,95337,24,,1529
Biathlon,Biathlon Men's 10 kilometres Sprint,2014-01-01,95552,146,,1530
Biathlon,Biathlon Mixed 2 x 6 kilometres and 2 x 7.5 kilometres Relay,2014-01-01,95552,146,,1531
Biathlon,Biathlon Men's 20 kilometres,2014-01-01,95552,146,,1532
Biathlon,Biathlon Men's 4 x 7.5 kilometres Relay,2014-01-01,95552,146,,1533
Biathlon,Biathlon Women's 15 kilometres,2014-01-01,95582,152,,1534
Alpine Skiing,Alpine Skiing Men's Downhill,2014-01-01,95737,67,,1535
Alpine Skiing,Alpine Skiing Men's Super G,2014-01-01,95737,67,,1536
Biathlon,Biathlon Women's 15 kilometres,2014-01-01,95823,166,,1537
Biathlon,Biathlon Women's 4 x 6 kilometres Relay,2014-01-01,95823,166,,1538
Cross Country Skiing,Cross Country Skiing Men's 15 kilometres,2014-01-01,95934,96,,1539
Cross Country Skiing,Cross Country Skiing Men's 30 km Skiathlon,2014-01-01,95934,96,,1540
Cross Country Skiing,Cross Country Skiing Men's Team Sprint,2014-01-01,95934,96,,1541
Biathlon,Biathlon Women's 7.5 kilometres Sprint,2014-01-01,96082,92,,1542
Biathlon,Biathlon Women's 10 kilometres Pursuit,2014-01-01,96082,92,,1543
Biathlon,Biathlon Women's 4 x 6 kilometres Relay,2014-01-01,96082,92,,1544
Alpine Skiing,Alpine Skiing Women's Giant Slalom,2014-01-01,96591,66,,1545
Alpine Skiing,Alpine Skiing Women's Slalom,2014-01-01,96591,66,,1546
Alpine Skiing,Alpine Skiing Women's Super G,2014-01-01,96821,34,,1547
Alpine Skiing,Alpine Skiing Women's Giant Slalom,2014-01-01,96821,34,,1548
Biathlon,Biathlon Women's 7.5 kilometres Sprint,2014-01-01,96905,71,,1549
Biathlon,Biathlon Women's 10 kilometres Pursuit,2014-01-01,96905,71,,1550
Biathlon,Biathlon Women's 15 kilometres,2014-01-01,96905,71,,1551
Biathlon,Biathlon Women's 4 x 6 kilometres Relay,2014-01-01,96905,71,,1552
Alpine Skiing,Alpine Skiing Men's Super G,2014-01-01,96961,34,,1553
Alpine Skiing,Alpine Skiing Men's Giant Slalom,2014-01-01,96961,34,,1554
Alpine Skiing,Alpine Skiing Men's Combined,2014-01-01,96961,34,,1555
Cross Country Skiing,Cross Country Skiing Men's Sprint,2014-01-01,97052,151,,1556
Cross Country Skiing,Cross Country Skiing Men's Team Sprint,2014-01-01,97052,151,,1557
Alpine Skiing,Alpine Skiing Men's Giant Slalom,2014-01-01,97055,29,,1558
Alpine Skiing,Alpine Skiing Men's Slalom,2014-01-01,97055,29,,1559
Cross Country Skiing,Cross Country Skiing Women's Sprint,2014-01-01,97106,166,,1560
Cross Country Skiing,Cross Country Skiing Women's 10 kilometres,2014-01-01,97106,166,,1561
Cross Country Skiing,Cross Country Skiing Women's Team Sprint,2014-01-01,97106,166,,1562
Biathlon,Biathlon Men's 10 kilometres Sprint,2014-01-01,97310,193,,1563
Biathlon,Biathlon Men's 12.5 kilometres Pursuit,2014-01-01,97310,193,,1564
Biathlon,Biathlon Men's 20 kilometres,2014-01-01,97310,193,,1565
Biathlon,Biathlon Men's 4 x 7.5 kilometres Relay,2014-01-01,97310,193,,1566
Biathlon,Biathlon Men's 10 kilometres Sprint,2014-01-01,97391,151,,1567
Biathlon,Biathlon Men's 12.5 kilometres Pursuit,2014-01-01,97391,151,,1568
Biathlon,Biathlon Men's 20 kilometres,2014-01-01,97391,151,,1569
Alpine Skiing,Alpine Skiing Men's Giant Slalom,2014-01-01,97407,173,,1570
Alpine Skiing,Alpine Skiing Men's Slalom,2014-01-01,97407,173,,1571
Biathlon,Biathlon Women's 7.5 kilometres Sprint,2014-01-01,97626,52,,1572
Biathlon,Biathlon Women's 10 kilometres Pursuit,2014-01-01,97626,52,,1573
Biathlon,Biathlon Women's 15 kilometres,2014-01-01,97626,52,,1574
Biathlon,Biathlon Women's 4 x 6 kilometres Relay,2014-01-01,97626,52,,1575
Alpine Skiing,Alpine Skiing Men's Slalom,2014-01-01,97836,181,,1576
Alpine Skiing,Alpine Skiing Women's Giant Slalom,2014-01-01,97986,8,,1577
Alpine Skiing,Alpine Skiing Women's Slalom,2014-01-01,97986,8,,1578
Cross Country Skiing,Cross Country Skiing Men's Sprint,2014-01-01,98318,96,,1579
Alpine Skiing,Alpine Skiing Men's Giant Slalom,2014-01-01,98401,12,,1580
Alpine Skiing,Alpine Skiing Men's Slalom,2014-01-01,98401,12,,1581
Alpine Skiing,Alpine Skiing Women's Giant Slalom,2014-01-01,98537,74,,1582
Alpine Skiing,Alpine Skiing Women's Slalom,2014-01-01,98537,74,,1583
Cross Country Skiing,Cross Country Skiing Women's Sprint,2014-01-01,98821,195,,1584
Cross Country Skiing,Cross Country Skiing Women's 30 kilometres,2014-01-01,98821,195,,1585
Cross Country Skiing,Cross Country Skiing Women's 4 x 5 kilometres Relay,2014-01-01,98821,195,,1586
Cross Country Skiing,Cross Country Skiing Women's Team Sprint,2014-01-01,98821,195,,1587
Cross Country Skiing,Cross Country Skiing Men's Sprint,2014-01-01,98873,62,,1588
Cross Country Skiing,Cross Country Skiing Men's 15 kilometres,2014-01-01,98873,62,,1589
Cross Country Skiing,Cross Country Skiing Men's 4 x 10 kilometres Relay,2014-01-01,98873,62,,1590
Cross Country Skiing,Cross Country Skiing Men's Team Sprint,2014-01-01,98873,62,,1591
Biathlon,Biathlon Women's 7.5 kilometres Sprint,2014-01-01,98983,108,,1592
Biathlon,Biathlon Women's 10 kilometres Pursuit,2014-01-01,98983,108,,1593
Biathlon,Biathlon Women's 15 kilometres,2014-01-01,98983,108,,1594
Biathlon,Biathlon Men's 10 kilometres Sprint,2014-01-01,99075,102,,1595
Biathlon,Biathlon Men's 12.5 kilometres Pursuit,2014-01-01,99075,102,,1596
Biathlon,Biathlon Men's 15 kilometres Mass Start,2014-01-01,99075,102,,1597
Biathlon,Biathlon Men's 20 kilometres,2014-01-01,99075,102,,1598
Biathlon,Biathlon Women's 15 kilometres,2014-01-01,99267,96,,1599
Cross Country Skiing,Cross Country Skiing Women's Sprint,2014-01-01,99314,167,,1600
Cross Country Skiing,Cross Country Skiing Women's 10 kilometres,2014-01-01,99314,167,,1601
Cross Country Skiing,Cross Country Skiing Men's Sprint,2014-01-01,99331,52,,1602
Cross Country Skiing,Cross Country Skiing Men's 4 x 10 kilometres Relay,2014-01-01,99331,52,,1603
Cross Country Skiing,Cross Country Skiing Men's Team Sprint,2014-01-01,99331,52,,1604
Alpine Skiing,Alpine Skiing Men's Slalom,2014-01-01,99334,92,,1605
Alpine Skiing,Alpine Skiing Women's Downhill,2014-01-01,99394,71,,1606
Alpine Skiing,Alpine Skiing Women's Super G,2014-01-01,99394,71,,1607
Alpine Skiing,Alpine Skiing Women's Giant Slalom,2014-01-01,99394,71,Bronze,1608
Cross Country Skiing,Cross Country Skiing Men's 15 kilometres,2014-01-01,99623,62,,1609
Cross Country Skiing,Cross Country Skiing Men's 50 kilometres,2014-01-01,99623,62,,1610
Cross Country Skiing,Cross Country Skiing Men's 30 km Skiathlon,2014-01-01,99623,62,,1611
Cross Country Skiing,Cross Country Skiing Men's 4 x 10 kilometres Relay,2014-01-01,99623,62,,1612
Biathlon,Biathlon Men's 10 kilometres Sprint,2014-01-01,99921,40,,1613
Biathlon,Biathlon Men's 20 kilometres,2014-01-01,99921,40,,1614
Cross Country Skiing,Cross Country Skiing Women's 10 kilometres,2014-01-01,100281,89,,1615
Cross Country Skiing,Cross Country Skiing Men's Sprint,2014-01-01,100407,26,,1616
Cross Country Skiing,Cross Country Skiing Men's 15 kilometres,2014-01-01,100568,178,Bronze,1617
Cross Country Skiing,Cross Country Skiing Men's 50 kilometres,2014-01-01,100568,178,,1618
Cross Country Skiing,Cross Country Skiing Men's 30 km Skiathlon,2014-01-01,100568,178,,1619
Cross Country Skiing,Cross Country Skiing Men's 4 x 10 kilometres Relay,2014-01-01,100568,178,Gold,1620
Alpine Skiing,Alpine Skiing Men's Downhill,2014-01-01,100778,5,,1621
Biathlon,Biathlon Women's 15 kilometres,2014-01-01,100912,136,,1622
Alpine Skiing,Alpine Skiing Men's Giant Slalom,2014-01-01,101031,110,,1623
Alpine Skiing,Alpine Skiing Men's Slalom,2014-01-01,101031,110,,1624
Alpine Skiing,Alpine Skiing Men's Downhill,2014-01-01,101607,102,,1625
Alpine Skiing,Alpine Skiing Men's Super G,2014-01-01,101607,102,,1626
Alpine Skiing,Alpine Skiing Men's Slalom,2014-01-01,101607,102,,1627
Cross Country Skiing,Cross Country Skiing Men's Sprint,2014-01-01,102098,173,,1628
Cross Country Skiing,Cross Country Skiing Men's 15 kilometres,2014-01-01,102098,173,,1629
Cross Country Skiing,Cross Country Skiing Men's 50 kilometres,2014-01-01,102098,173,,1630
Cross Country Skiing,Cross Country Skiing Men's 30 km Skiathlon,2014-01-01,102098,173,,1631
Biathlon,Biathlon Women's 7.5 kilometres Sprint,2014-01-01,102260,152,,1632
Biathlon,Biathlon Women's 10 kilometres Pursuit,2014-01-01,102260,152,,1633
Biathlon,Biathlon Women's 15 kilometres,2014-01-01,102260,152,,1634
Biathlon,Biathlon Women's 4 x 6 kilometres Relay,2014-01-01,102260,152,Silver,1635
Cross Country Skiing,Cross Country Skiing Women's Sprint,2014-01-01,102633,96,,1636
Cross Country Skiing,Cross Country Skiing Women's 10 kilometres,2014-01-01,102633,96,,1637
Cross Country Skiing,Cross Country Skiing Women's 30 kilometres,2014-01-01,102633,96,,1638
Cross Country Skiing,Cross Country Skiing Women's 15 km Skiathlon,2014-01-01,102633,96,,1639
Alpine Skiing,Alpine Skiing Women's Downhill,2014-01-01,102698,195,,1640
Alpine Skiing,Alpine Skiing Women's Super G,2014-01-01,102698,195,,1641
Alpine Skiing,Alpine Skiing Women's Combined,2014-01-01,102698,195,,1642
Cross Country Skiing,Cross Country Skiing Men's 15 kilometres,2014-01-01,102783,90,,1643
Cross Country Skiing,Cross Country Skiing Men's 15 kilometres,2014-01-01,103138,136,,1644
Cross Country Skiing,Cross Country Skiing Men's 4 x 10 kilometres Relay,2014-01-01,103138,136,,1645
Cross Country Skiing,Cross Country Skiing Men's 30 km Skiathlon,2014-01-01,103148,136,,1646
Alpine Skiing,Alpine Skiing Men's Giant Slalom,2014-01-01,103271,24,,1647
Alpine Skiing,Alpine Skiing Men's Slalom,2014-01-01,103271,24,,1648
Alpine Skiing,Alpine Skiing Women's Downhill,2014-01-01,103384,173,,1649
Alpine Skiing,Alpine Skiing Women's Super G,2014-01-01,103384,173,,1650
Biathlon,Biathlon Women's 15 kilometres,2014-01-01,103495,92,,1651
Alpine Skiing,Alpine Skiing Men's Slalom,2014-01-01,103851,73,,1652
Alpine Skiing,Alpine Skiing Women's Downhill,2014-01-01,103961,166,,1653
Alpine Skiing,Alpine Skiing Women's Super G,2014-01-01,103961,166,,1654
Alpine Skiing,Alpine Skiing Women's Giant Slalom,2014-01-01,103961,166,,1655
Alpine Skiing,Alpine Skiing Women's Combined,2014-01-01,103961,166,,1656
Cross Country Skiing,Cross Country Skiing Women's 10 kilometres,2014-01-01,103975,66,,1657
Cross Country Skiing,Cross Country Skiing Women's 30 kilometres,2014-01-01,103975,66,,1658
Cross Country Skiing,Cross Country Skiing Women's 15 km Skiathlon,2014-01-01,103975,66,,1659
Cross Country Skiing,Cross Country Skiing Women's 4 x 5 kilometres Relay,2014-01-01,103975,66,Silver,1660
Cross Country Skiing,Cross Country Skiing Women's Team Sprint,2014-01-01,103975,66,Silver,1661
Biathlon,Biathlon Women's 7.5 kilometres Sprint,2014-01-01,104094,71,,1662
Biathlon,Biathlon Mixed 2 x 6 kilometres and 2 x 7.5 kilometres Relay,2014-01-01,104094,71,,1663
Biathlon,Biathlon Women's 10 kilometres Pursuit,2014-01-01,104094,71,,1664
Biathlon,Biathlon Women's 12.5 kilometres Mass Start,2014-01-01,104094,71,,1665
Biathlon,Biathlon Women's 15 kilometres,2014-01-01,104094,71,,1666
Alpine Skiing,Alpine Skiing Men's Slalom,2014-01-01,105037,49,,1667
Alpine Skiing,Alpine Skiing Men's Giant Slalom,2014-01-01,105303,66,,1668
Cross Country Skiing,Cross Country Skiing Women's 10 kilometres,2014-01-01,105494,18,,1669
Cross Country Skiing,Cross Country Skiing Women's 30 kilometres,2014-01-01,105494,18,,1670
Cross Country Skiing,Cross Country Skiing Women's 15 km Skiathlon,2014-01-01,105494,18,,1671
Cross Country Skiing,Cross Country Skiing Women's Sprint,2014-01-01,105719,151,,1672
Cross Country Skiing,Cross Country Skiing Women's 10 kilometres,2014-01-01,105719,151,,1673
Cross Country Skiing,Cross Country Skiing Women's 15 km Skiathlon,2014-01-01,105719,151,,1674
Cross Country Skiing,Cross Country Skiing Women's Sprint,2014-01-01,105736,66,,1675
Cross Country Skiing,Cross Country Skiing Women's Sprint,2014-01-01,105774,195,,1676
Cross Country Skiing,Cross Country Skiing Women's 10 kilometres,2014-01-01,105774,195,,1677
Alpine Skiing,Alpine Skiing Men's Slalom,2014-01-01,105904,94,,1678
Alpine Skiing,Alpine Skiing Men's Giant Slalom,2014-01-01,106207,89,,1679
Alpine Skiing,Alpine Skiing Men's Slalom,2014-01-01,106207,89,,1680
Biathlon,Biathlon Men's 10 kilometres Sprint,2014-01-01,106281,96,,1681
Biathlon,Biathlon Men's 12.5 kilometres Pursuit,2014-01-01,106281,96,,1682
Biathlon,Biathlon Men's 20 kilometres,2014-01-01,106281,96,,1683
Cross Country Skiing,Cross Country Skiing Men's Sprint,2014-01-01,106497,179,,1684
Biathlon,Biathlon Men's 10 kilometres Sprint,2014-01-01,106721,71,,1685
Biathlon,Biathlon Mixed 2 x 6 kilometres and 2 x 7.5 kilometres Relay,2014-01-01,106721,71,,1686
Biathlon,Biathlon Men's 12.5 kilometres Pursuit,2014-01-01,106721,71,,1687
Biathlon,Biathlon Men's 15 kilometres Mass Start,2014-01-01,106721,71,,1688
Biathlon,Biathlon Men's 20 kilometres,2014-01-01,106721,71,,1689
Biathlon,Biathlon Men's 4 x 7.5 kilometres Relay,2014-01-01,106721,71,Silver,1690
Alpine Skiing,Alpine Skiing Women's Slalom,2014-01-01,106859,12,,1691
Alpine Skiing,Alpine Skiing Women's Slalom,2014-01-01,106861,12,Silver,1692
Alpine Skiing,Alpine Skiing Men's Giant Slalom,2014-01-01,107456,12,,1693
Cross Country Skiing,Cross Country Skiing Women's Sprint,2014-01-01,107865,12,,1694
Cross Country Skiing,Cross Country Skiing Women's 10 kilometres,2014-01-01,107865,12,,1695
Cross Country Skiing,Cross Country Skiing Women's 4 x 5 kilometres Relay,2014-01-01,107865,12,,1696
Biathlon,Biathlon Men's 10 kilometres Sprint,2014-01-01,108180,193,,1697
Biathlon,Biathlon Men's 12.5 kilometres Pursuit,2014-01-01,108180,193,,1698
Alpine Skiing,Alpine Skiing Women's Downhill,2014-01-01,108378,136,,1699
Alpine Skiing,Alpine Skiing Women's Super G,2014-01-01,108378,136,,1700
Alpine Skiing,Alpine Skiing Women's Giant Slalom,2014-01-01,108378,136,,1701
Alpine Skiing,Alpine Skiing Women's Combined,2014-01-01,108378,136,,1702
Cross Country Skiing,Cross Country Skiing Men's Sprint,2014-01-01,108484,62,,1703
Alpine Skiing,Alpine Skiing Women's Giant Slalom,2014-01-01,108496,158,,1704
Biathlon,Biathlon Men's 10 kilometres Sprint,2014-01-01,108529,193,,1705
Biathlon,Biathlon Mixed 2 x 6 kilometres and 2 x 7.5 kilometres Relay,2014-01-01,108529,193,,1706
Biathlon,Biathlon Men's 12.5 kilometres Pursuit,2014-01-01,108529,193,,1707
Biathlon,Biathlon Men's 20 kilometres,2014-01-01,108529,193,,1708
Biathlon,Biathlon Men's 4 x 7.5 kilometres Relay,2014-01-01,108529,193,,1709
Biathlon,Biathlon Women's 7.5 kilometres Sprint,2014-01-01,108540,193,,1710
Biathlon,Biathlon Women's 10 kilometres Pursuit,2014-01-01,108540,193,,1711
Biathlon,Biathlon Women's 12.5 kilometres Mass Start,2014-01-01,108540,193,,1712
Biathlon,Biathlon Women's 15 kilometres,2014-01-01,108540,193,,1713
Biathlon,Biathlon Women's 4 x 6 kilometres Relay,2014-01-01,108540,193,Gold,1714
Biathlon,Biathlon Women's 7.5 kilometres Sprint,2014-01-01,108541,193,Bronze,1715
Biathlon,Biathlon Women's 10 kilometres Pursuit,2014-01-01,108541,193,,1716
Biathlon,Biathlon Women's 12.5 kilometres Mass Start,2014-01-01,108541,193,,1717
Biathlon,Biathlon Women's 15 kilometres,2014-01-01,108541,193,,1718
Biathlon,Biathlon Women's 4 x 6 kilometres Relay,2014-01-01,108541,193,Gold,1719
Cross Country Skiing,Cross Country Skiing Men's Sprint,2014-01-01,108576,18,,1720
Cross Country Skiing,Cross Country Skiing Men's 15 kilometres,2014-01-01,108576,18,,1721
Cross Country Skiing,Cross Country Skiing Men's 50 kilometres,2014-01-01,108576,18,,1722
Cross Country Skiing,Cross Country Skiing Men's 30 km Skiathlon,2014-01-01,108576,18,,1723
Cross Country Skiing,Cross Country Skiing Men's 4 x 10 kilometres Relay,2014-01-01,108576,18,,1724
Cross Country Skiing,Cross Country Skiing Women's Sprint,2014-01-01,108784,193,,1725
Alpine Skiing,Alpine Skiing Men's Giant Slalom,2014-01-01,108787,9,,1726
Alpine Skiing,Alpine Skiing Men's Slalom,2014-01-01,108787,9,,1727
Cross Country Skiing,Cross Country Skiing Men's 15 kilometres,2014-01-01,109015,89,,1728
Cross Country Skiing,Cross Country Skiing Women's Sprint,2014-01-01,109256,152,,1729
Cross Country Skiing,Cross Country Skiing Men's 15 kilometres,2014-01-01,109612,129,,1730
Cross Country Skiing,Cross Country Skiing Women's 10 kilometres,2014-01-01,109653,193,,1731
Cross Country Skiing,Cross Country Skiing Women's 30 kilometres,2014-01-01,109653,193,,1732
Cross Country Skiing,Cross Country Skiing Women's 15 km Skiathlon,2014-01-01,109653,193,,1733
Cross Country Skiing,Cross Country Skiing Women's 4 x 5 kilometres Relay,2014-01-01,109653,193,,1734
Alpine Skiing,Alpine Skiing Women's Giant Slalom,2014-01-01,109730,195,,1735
Alpine Skiing,Alpine Skiing Women's Slalom,2014-01-01,109730,195,Gold,1736
Biathlon,Biathlon Men's 10 kilometres Sprint,2014-01-01,109863,152,,1737
Biathlon,Biathlon Mixed 2 x 6 kilometres and 2 x 7.5 kilometres Relay,2014-01-01,109863,152,,1738
Biathlon,Biathlon Men's 12.5 kilometres Pursuit,2014-01-01,109863,152,,1739
Biathlon,Biathlon Men's 15 kilometres Mass Start,2014-01-01,109863,152,,1740
Biathlon,Biathlon Men's 4 x 7.5 kilometres Relay,2014-01-01,109863,152,Gold,1741
Alpine Skiing,Alpine Skiing Women's Super G,2014-01-01,109922,18,,1742
Alpine Skiing,Alpine Skiing Women's Giant Slalom,2014-01-01,109922,18,,1743
Alpine Skiing,Alpine Skiing Women's Slalom,2014-01-01,109922,18,,1744
Biathlon,Biathlon Women's 7.5 kilometres Sprint,2014-01-01,110077,152,,1745
Biathlon,Biathlon Women's 10 kilometres Pursuit,2014-01-01,110077,152,,1746
Biathlon,Biathlon Women's 4 x 6 kilometres Relay,2014-01-01,110077,152,Silver,1747
Alpine Skiing,Alpine Skiing Men's Super G,2014-01-01,110630,8,,1748
Alpine Skiing,Alpine Skiing Men's Giant Slalom,2014-01-01,110630,8,,1749
Alpine Skiing,Alpine Skiing Men's Slalom,2014-01-01,110630,8,,1750
Alpine Skiing,Alpine Skiing Men's Combined,2014-01-01,110630,8,,1751
Alpine Skiing,Alpine Skiing Women's Downhill,2014-01-01,110631,8,,1752
Alpine Skiing,Alpine Skiing Women's Super G,2014-01-01,110631,8,,1753
Alpine Skiing,Alpine Skiing Women's Giant Slalom,2014-01-01,110631,8,,1754
Alpine Skiing,Alpine Skiing Women's Slalom,2014-01-01,110631,8,,1755
Alpine Skiing,Alpine Skiing Women's Combined,2014-01-01,110631,8,,1756
Cross Country Skiing,Cross Country Skiing Women's Sprint,2014-01-01,110755,84,,1757
Cross Country Skiing,Cross Country Skiing Women's 10 kilometres,2014-01-01,110755,84,,1758
Alpine Skiing,Alpine Skiing Men's Giant Slalom,2014-01-01,110808,92,,1759
Alpine Skiing,Alpine Skiing Men's Giant Slalom,2014-01-01,110904,189,,1760
Alpine Skiing,Alpine Skiing Men's Slalom,2014-01-01,110904,189,,1761
Biathlon,Biathlon Women's 7.5 kilometres Sprint,2014-01-01,111598,18,,1762
Biathlon,Biathlon Women's 10 kilometres Pursuit,2014-01-01,111598,18,,1763
Biathlon,Biathlon Women's 12.5 kilometres Mass Start,2014-01-01,111598,18,,1764
Biathlon,Biathlon Women's 15 kilometres,2014-01-01,111598,18,Bronze,1765
Biathlon,Biathlon Women's 4 x 6 kilometres Relay,2014-01-01,111598,18,,1766
Biathlon,Biathlon Men's 10 kilometres Sprint,2014-01-01,111939,52,,1767
Biathlon,Biathlon Men's 20 kilometres,2014-01-01,111939,52,,1768
Cross Country Skiing,Cross Country Skiing Women's 10 kilometres,2014-01-01,111989,96,,1769
Cross Country Skiing,Cross Country Skiing Women's 15 km Skiathlon,2014-01-01,111989,96,,1770
Cross Country Skiing,Cross Country Skiing Women's Team Sprint,2014-01-01,111989,96,,1771
Biathlon,Biathlon Men's 20 kilometres,2014-01-01,112024,146,,1772
Biathlon,Biathlon Men's 4 x 7.5 kilometres Relay,2014-01-01,112024,146,,1773
Alpine Skiing,Alpine Skiing Women's Downhill,2014-01-01,112049,11,,1774
Alpine Skiing,Alpine Skiing Women's Super G,2014-01-01,112049,11,,1775
Alpine Skiing,Alpine Skiing Women's Giant Slalom,2014-01-01,112049,11,,1776
Alpine Skiing,Alpine Skiing Women's Slalom,2014-01-01,112049,11,,1777
Alpine Skiing,Alpine Skiing Women's Combined,2014-01-01,112049,11,,1778
Cross Country Skiing,Cross Country Skiing Men's Sprint,2014-01-01,112206,73,,1779
Cross Country Skiing,Cross Country Skiing Men's 15 kilometres,2014-01-01,112206,73,,1780
Cross Country Skiing,Cross Country Skiing Men's 30 km Skiathlon,2014-01-01,112206,73,,1781
Alpine Skiing,Alpine Skiing Women's Super G,2014-01-01,112335,195,,1782
Alpine Skiing,Alpine Skiing Women's Combined,2014-01-01,112335,195,,1783
Biathlon,Biathlon Men's 10 kilometres Sprint,2014-01-01,112361,34,,1784
Biathlon,Biathlon Men's 12.5 kilometres Pursuit,2014-01-01,112361,34,,1785
Biathlon,Biathlon Men's 15 kilometres Mass Start,2014-01-01,112361,34,,1786
Biathlon,Biathlon Men's 20 kilometres,2014-01-01,112361,34,,1787
Biathlon,Biathlon Men's 4 x 7.5 kilometres Relay,2014-01-01,112361,34,,1788
Alpine Skiing,Alpine Skiing Men's Giant Slalom,2014-01-01,112421,62,,1789
Alpine Skiing,Alpine Skiing Men's Slalom,2014-01-01,112421,62,,1790
Cross Country Skiing,Cross Country Skiing Men's Sprint,2014-01-01,112499,162,,1791
Cross Country Skiing,Cross Country Skiing Men's 15 kilometres,2014-01-01,112499,162,,1792
Cross Country Skiing,Cross Country Skiing Women's 10 kilometres,2014-01-01,112509,12,,1793
Cross Country Skiing,Cross Country Skiing Women's 15 km Skiathlon,2014-01-01,112509,12,,1794
Cross Country Skiing,Cross Country Skiing Women's 4 x 5 kilometres Relay,2014-01-01,112509,12,,1795
Cross Country Skiing,Cross Country Skiing Women's Team Sprint,2014-01-01,112509,12,,1796
Cross Country Skiing,Cross Country Skiing Men's 50 kilometres,2014-01-01,112704,178,,1797
Cross Country Skiing,Cross Country Skiing Men's 30 km Skiathlon,2014-01-01,112704,178,,1798
Biathlon,Biathlon Women's 7.5 kilometres Sprint,2014-01-01,112891,136,,1799
Biathlon,Biathlon Women's 10 kilometres Pursuit,2014-01-01,112891,136,,1800
Alpine Skiing,Alpine Skiing Men's Slalom,2014-01-01,112902,136,,1801
Biathlon,Biathlon Women's 7.5 kilometres Sprint,2014-01-01,113106,40,,1802
Biathlon,Biathlon Women's 4 x 6 kilometres Relay,2014-01-01,113106,40,,1803
Biathlon,Biathlon Women's 7.5 kilometres Sprint,2014-01-01,113417,52,,1804
Biathlon,Biathlon Mixed 2 x 6 kilometres and 2 x 7.5 kilometres Relay,2014-01-01,113417,52,Silver,1805
Biathlon,Biathlon Women's 10 kilometres Pursuit,2014-01-01,113417,52,,1806
Biathlon,Biathlon Women's 12.5 kilometres Mass Start,2014-01-01,113417,52,Silver,1807
Biathlon,Biathlon Women's 15 kilometres,2014-01-01,113417,52,,1808
Biathlon,Biathlon Women's 4 x 6 kilometres Relay,2014-01-01,113417,52,,1809
Biathlon,Biathlon Men's 10 kilometres Sprint,2014-01-01,113421,52,Bronze,1810
Biathlon,Biathlon Mixed 2 x 6 kilometres and 2 x 7.5 kilometres Relay,2014-01-01,113421,52,Silver,1811
Biathlon,Biathlon Men's 12.5 kilometres Pursuit,2014-01-01,113421,52,,1812
Biathlon,Biathlon Men's 15 kilometres Mass Start,2014-01-01,113421,52,,1813
Biathlon,Biathlon Men's 20 kilometres,2014-01-01,113421,52,,1814
Biathlon,Biathlon Men's 4 x 7.5 kilometres Relay,2014-01-01,113421,52,,1815
Biathlon,Biathlon Women's 7.5 kilometres Sprint,2014-01-01,113434,5,,1816
Biathlon,Biathlon Women's 15 kilometres,2014-01-01,113434,5,,1817
Alpine Skiing,Alpine Skiing Men's Slalom,2014-01-01,113745,34,,1818
Cross Country Skiing,Cross Country Skiing Women's 30 kilometres,2014-01-01,114156,12,,1819
Cross Country Skiing,Cross Country Skiing Women's 15 km Skiathlon,2014-01-01,114156,12,,1820
Cross Country Skiing,Cross Country Skiing Women's 4 x 5 kilometres Relay,2014-01-01,114156,12,,1821
Cross Country Skiing,Cross Country Skiing Women's Team Sprint,2014-01-01,114156,12,,1822
Cross Country Skiing,Cross Country Skiing Men's Sprint,2014-01-01,114411,146,,1823
Cross Country Skiing,Cross Country Skiing Men's 15 kilometres,2014-01-01,114411,146,,1824
Cross Country Skiing,Cross Country Skiing Men's 4 x 10 kilometres Relay,2014-01-01,114411,146,,1825
Cross Country Skiing,Cross Country Skiing Men's Team Sprint,2014-01-01,114411,146,,1826
Cross Country Skiing,Cross Country Skiing Men's 50 kilometres,2014-01-01,114442,96,,1827
Cross Country Skiing,Cross Country Skiing Men's 30 km Skiathlon,2014-01-01,114442,96,,1828
Cross Country Skiing,Cross Country Skiing Men's 4 x 10 kilometres Relay,2014-01-01,114442,96,,1829
Cross Country Skiing,Cross Country Skiing Women's 30 kilometres,2014-01-01,114859,136,Bronze,1830
Cross Country Skiing,Cross Country Skiing Women's 15 km Skiathlon,2014-01-01,114859,136,,1831
Biathlon,Biathlon Men's 10 kilometres Sprint,2014-01-01,114963,71,,1832
Biathlon,Biathlon Men's 12.5 kilometres Pursuit,2014-01-01,114963,71,,1833
Cross Country Skiing,Cross Country Skiing Women's 30 kilometres,2014-01-01,114976,195,,1834
Cross Country Skiing,Cross Country Skiing Women's 15 km Skiathlon,2014-01-01,114976,195,,1835
Cross Country Skiing,Cross Country Skiing Women's 4 x 5 kilometres Relay,2014-01-01,114976,195,,1836
Biathlon,Biathlon Men's 10 kilometres Sprint,2014-01-01,115004,62,,1837
Biathlon,Biathlon Mixed 2 x 6 kilometres and 2 x 7.5 kilometres Relay,2014-01-01,115004,62,,1838
Biathlon,Biathlon Men's 12.5 kilometres Pursuit,2014-01-01,115004,62,,1839
Biathlon,Biathlon Men's 20 kilometres,2014-01-01,115004,62,,1840
Biathlon,Biathlon Men's 4 x 7.5 kilometres Relay,2014-01-01,115004,62,,1841
Alpine Skiing,Alpine Skiing Men's Giant Slalom,2014-01-01,115190,203,,1842
Alpine Skiing,Alpine Skiing Men's Slalom,2014-01-01,115190,203,,1843
Alpine Skiing,Alpine Skiing Women's Giant Slalom,2014-01-01,115217,195,,1844
Alpine Skiing,Alpine Skiing Women's Slalom,2014-01-01,115217,195,,1845
Biathlon,Biathlon Women's 7.5 kilometres Sprint,2014-01-01,115574,29,,1846
Biathlon,Biathlon Women's 15 kilometres,2014-01-01,115574,29,,1847
Alpine Skiing,Alpine Skiing Men's Downhill,2014-01-01,115742,12,,1848
Alpine Skiing,Alpine Skiing Men's Super G,2014-01-01,115742,12,,1849
Alpine Skiing,Alpine Skiing Men's Super G,2014-01-01,115772,12,,1850
Alpine Skiing,Alpine Skiing Men's Combined,2014-01-01,115772,12,,1851
Cross Country Skiing,Cross Country Skiing Men's Sprint,2014-01-01,115821,108,,1852
Cross Country Skiing,Cross Country Skiing Men's 15 kilometres,2014-01-01,115821,108,,1853
Cross Country Skiing,Cross Country Skiing Men's 30 km Skiathlon,2014-01-01,115821,108,,1854
Biathlon,Biathlon Women's 7.5 kilometres Sprint,2014-01-01,115953,195,,1855
Biathlon,Biathlon Women's 10 kilometres Pursuit,2014-01-01,115953,195,,1856
Biathlon,Biathlon Women's 15 kilometres,2014-01-01,115953,195,,1857
Biathlon,Biathlon Women's 4 x 6 kilometres Relay,2014-01-01,115953,195,,1858
Alpine Skiing,Alpine Skiing Women's Downhill,2014-01-01,115978,92,,1859
Alpine Skiing,Alpine Skiing Women's Super G,2014-01-01,115978,92,,1860
Alpine Skiing,Alpine Skiing Women's Downhill,2014-01-01,115981,167,,1861
Alpine Skiing,Alpine Skiing Women's Super G,2014-01-01,115981,167,,1862
Alpine Skiing,Alpine Skiing Women's Giant Slalom,2014-01-01,115981,167,,1863
Alpine Skiing,Alpine Skiing Women's Combined,2014-01-01,115981,167,,1864
Alpine Skiing,Alpine Skiing Men's Giant Slalom,2014-01-01,116148,183,,1865
Alpine Skiing,Alpine Skiing Men's Slalom,2014-01-01,116148,183,,1866
Alpine Skiing,Alpine Skiing Men's Downhill,2014-01-01,116371,195,,1867
Biathlon,Biathlon Men's 10 kilometres Sprint,2014-01-01,116413,12,,1868
Biathlon,Biathlon Men's 12.5 kilometres Pursuit,2014-01-01,116413,12,,1869
Biathlon,Biathlon Men's 15 kilometres Mass Start,2014-01-01,116413,12,,1870
Biathlon,Biathlon Men's 20 kilometres,2014-01-01,116413,12,,1871
Biathlon,Biathlon Men's 4 x 7.5 kilometres Relay,2014-01-01,116413,12,Bronze,1872
Cross Country Skiing,Cross Country Skiing Men's Sprint,2014-01-01,116485,40,,1873
Cross Country Skiing,Cross Country Skiing Men's 15 kilometres,2014-01-01,116485,40,,1874
Cross Country Skiing,Cross Country Skiing Men's 15 kilometres,2014-01-01,116539,136,,1875
Cross Country Skiing,Cross Country Skiing Men's 50 kilometres,2014-01-01,116539,136,,1876
Cross Country Skiing,Cross Country Skiing Men's 30 km Skiathlon,2014-01-01,116539,136,Bronze,1877
Cross Country Skiing,Cross Country Skiing Men's 4 x 10 kilometres Relay,2014-01-01,116539,136,,1878
Biathlon,Biathlon Women's 7.5 kilometres Sprint,2014-01-01,116586,40,,1879
Biathlon,Biathlon Women's 15 kilometres,2014-01-01,116586,40,,1880
Biathlon,Biathlon Women's 4 x 6 kilometres Relay,2014-01-01,116586,40,,1881
Alpine Skiing,Alpine Skiing Women's Downhill,2014-01-01,116699,179,,1882
Alpine Skiing,Alpine Skiing Women's Super G,2014-01-01,116699,179,,1883
Alpine Skiing,Alpine Skiing Women's Giant Slalom,2014-01-01,116699,179,,1884
Biathlon,Biathlon Women's 7.5 kilometres Sprint,2014-01-01,116808,94,,1885
Biathlon,Biathlon Women's 10 kilometres Pursuit,2014-01-01,116808,94,,1886
Biathlon,Biathlon Women's 15 kilometres,2014-01-01,116808,94,,1887
Biathlon,Biathlon Women's 4 x 6 kilometres Relay,2014-01-01,116808,94,,1888
Biathlon,Biathlon Women's 7.5 kilometres Sprint,2014-01-01,116826,94,,1889
Biathlon,Biathlon Women's 15 kilometres,2014-01-01,116826,94,,1890
Biathlon,Biathlon Women's 4 x 6 kilometres Relay,2014-01-01,116826,94,,1891
Biathlon,Biathlon Men's 10 kilometres Sprint,2014-01-01,116916,136,,1892
Biathlon,Biathlon Mixed 2 x 6 kilometres and 2 x 7.5 kilometres Relay,2014-01-01,116916,136,Gold,1893
Biathlon,Biathlon Men's 12.5 kilometres Pursuit,2014-01-01,116916,136,,1894
Biathlon,Biathlon Men's 15 kilometres Mass Start,2014-01-01,116916,136,Gold,1895
Biathlon,Biathlon Men's 20 kilometres,2014-01-01,116916,136,,1896
Biathlon,Biathlon Men's 4 x 7.5 kilometres Relay,2014-01-01,116916,136,,1897
Alpine Skiing,Alpine Skiing Men's Downhill,2014-01-01,116997,136,,1898
Alpine Skiing,Alpine Skiing Men's Super G,2014-01-01,116997,136,,1899
Alpine Skiing,Alpine Skiing Men's Combined,2014-01-01,116997,136,,1900
Alpine Skiing,Alpine Skiing Women's Slalom,2014-01-01,117114,178,,1901
Alpine Skiing,Alpine Skiing Men's Super G,2014-01-01,117203,74,,1902
Alpine Skiing,Alpine Skiing Men's Giant Slalom,2014-01-01,117203,74,,1903
Alpine Skiing,Alpine Skiing Men's Slalom,2014-01-01,117203,74,,1904
Cross Country Skiing,Cross Country Skiing Men's Sprint,2014-01-01,117347,84,,1905
Cross Country Skiing,Cross Country Skiing Men's 15 kilometres,2014-01-01,117347,84,,1906
Biathlon,Biathlon Men's 10 kilometres Sprint,2014-01-01,117433,146,,1907
Biathlon,Biathlon Mixed 2 x 6 kilometres and 2 x 7.5 kilometres Relay,2014-01-01,117433,146,,1908
Biathlon,Biathlon Men's 20 kilometres,2014-01-01,117433,146,,1909
Biathlon,Biathlon Men's 4 x 7.5 kilometres Relay,2014-01-01,117433,146,,1910
Biathlon,Biathlon Women's 7.5 kilometres Sprint,2014-01-01,117563,84,,1911
Biathlon,Biathlon Women's 15 kilometres,2014-01-01,117563,84,,1912
Cross Country Skiing,Cross Country Skiing Women's Sprint,2014-01-01,117649,146,,1913
Cross Country Skiing,Cross Country Skiing Women's 15 km Skiathlon,2014-01-01,117649,146,,1914
Biathlon,Biathlon Women's 7.5 kilometres Sprint,2014-01-01,118117,62,,1915
Biathlon,Biathlon Women's 10 kilometres Pursuit,2014-01-01,118117,62,,1916
Biathlon,Biathlon Women's 15 kilometres,2014-01-01,118117,62,,1917
Biathlon,Biathlon Women's 4 x 6 kilometres Relay,2014-01-01,118117,62,,1918
Cross Country Skiing,Cross Country Skiing Men's 15 kilometres,2014-01-01,118230,62,,1919
Cross Country Skiing,Cross Country Skiing Men's 50 kilometres,2014-01-01,118230,62,,1920
Cross Country Skiing,Cross Country Skiing Men's 4 x 10 kilometres Relay,2014-01-01,118230,62,,1921
Biathlon,Biathlon Women's 7.5 kilometres Sprint,2014-01-01,118416,40,,1922
Biathlon,Biathlon Women's 10 kilometres Pursuit,2014-01-01,118416,40,,1923
Biathlon,Biathlon Women's 15 kilometres,2014-01-01,118416,40,,1924
Biathlon,Biathlon Women's 4 x 6 kilometres Relay,2014-01-01,118416,40,,1925
Alpine Skiing,Alpine Skiing Women's Giant Slalom,2014-01-01,118962,125,,1926
Alpine Skiing,Alpine Skiing Women's Slalom,2014-01-01,118962,125,,1927
Cross Country Skiing,Cross Country Skiing Men's 15 kilometres,2014-01-01,119037,71,,1928
Cross Country Skiing,Cross Country Skiing Men's 50 kilometres,2014-01-01,119037,71,,1929
Cross Country Skiing,Cross Country Skiing Men's 30 km Skiathlon,2014-01-01,119037,71,,1930
Cross Country Skiing,Cross Country Skiing Men's 4 x 10 kilometres Relay,2014-01-01,119037,71,,1931
Alpine Skiing,Alpine Skiing Men's Downhill,2014-01-01,119294,173,,1932
Alpine Skiing,Alpine Skiing Men's Super G,2014-01-01,119294,173,,1933
Alpine Skiing,Alpine Skiing Men's Giant Slalom,2014-01-01,119294,173,,1934
Alpine Skiing,Alpine Skiing Men's Combined,2014-01-01,119294,173,,1935
Alpine Skiing,Alpine Skiing Women's Slalom,2014-01-01,119332,34,,1936
Alpine Skiing,Alpine Skiing Men's Giant Slalom,2014-01-01,119471,86,,1937
Alpine Skiing,Alpine Skiing Men's Slalom,2014-01-01,119480,92,,1938
Alpine Skiing,Alpine Skiing Men's Downhill,2014-01-01,119535,67,,1939
Alpine Skiing,Alpine Skiing Men's Super G,2014-01-01,119535,67,,1940
Alpine Skiing,Alpine Skiing Men's Combined,2014-01-01,119535,67,,1941
Alpine Skiing,Alpine Skiing Men's Downhill,2014-01-01,119972,34,,1942
Alpine Skiing,Alpine Skiing Men's Giant Slalom,2014-01-01,120397,100,,1943
Alpine Skiing,Alpine Skiing Men's Slalom,2014-01-01,120397,100,,1944
Alpine Skiing,Alpine Skiing Women's Giant Slalom,2014-01-01,120624,62,,1945
Alpine Skiing,Alpine Skiing Women's Slalom,2014-01-01,120624,62,,1946
Biathlon,Biathlon Men's 10 kilometres Sprint,2014-01-01,120642,62,,1947
Biathlon,Biathlon Men's 12.5 kilometres Pursuit,2014-01-01,120642,62,,1948
Biathlon,Biathlon Men's 20 kilometres,2014-01-01,120642,62,,1949
Biathlon,Biathlon Women's 7.5 kilometres Sprint,2014-01-01,120711,151,,1950
Biathlon,Biathlon Women's 10 kilometres Pursuit,2014-01-01,120711,151,,1951
Biathlon,Biathlon Women's 12.5 kilometres Mass Start,2014-01-01,120711,151,,1952
Biathlon,Biathlon Women's 15 kilometres,2014-01-01,120711,151,,1953
Biathlon,Biathlon Men's 10 kilometres Sprint,2014-01-01,120736,66,,1954
Biathlon,Biathlon Men's 20 kilometres,2014-01-01,120736,66,,1955
Alpine Skiing,Alpine Skiing Men's Giant Slalom,2014-01-01,121330,66,,1956
Alpine Skiing,Alpine Skiing Men's Giant Slalom,2014-01-01,121733,36,,1957
Alpine Skiing,Alpine Skiing Men's Slalom,2014-01-01,121733,36,,1958
Alpine Skiing,Alpine Skiing Men's Slalom,2014-01-01,121793,52,,1959
Biathlon,Biathlon Men's 20 kilometres,2014-01-01,121907,96,,1960
Biathlon,Biathlon Men's 4 x 7.5 kilometres Relay,2014-01-01,121907,96,,1961
Alpine Skiing,Alpine Skiing Men's Super G,2014-01-01,121918,152,,1962
Alpine Skiing,Alpine Skiing Men's Giant Slalom,2014-01-01,121918,152,,1963
Alpine Skiing,Alpine Skiing Men's Slalom,2014-01-01,121918,152,,1964
Alpine Skiing,Alpine Skiing Men's Combined,2014-01-01,121918,152,,1965
Cross Country Skiing,Cross Country Skiing Men's Sprint,2014-01-01,121966,12,,1966
Cross Country Skiing,Cross Country Skiing Men's 50 kilometres,2014-01-01,121966,12,,1967
Cross Country Skiing,Cross Country Skiing Women's Sprint,2014-01-01,122194,74,,1968
Cross Country Skiing,Cross Country Skiing Men's Sprint,2014-01-01,122238,71,,1969
Cross Country Skiing,Cross Country Skiing Men's 15 kilometres,2014-01-01,122238,71,,1970
Cross Country Skiing,Cross Country Skiing Men's Team Sprint,2014-01-01,122238,71,,1971
Alpine Skiing,Alpine Skiing Women's Giant Slalom,2014-01-01,122301,70,,1972
Alpine Skiing,Alpine Skiing Women's Slalom,2014-01-01,122301,70,,1973
Cross Country Skiing,Cross Country Skiing Men's 15 kilometres,2014-01-01,122314,29,,1974
Cross Country Skiing,Cross Country Skiing Men's 50 kilometres,2014-01-01,122314,29,,1975
Cross Country Skiing,Cross Country Skiing Men's 30 km Skiathlon,2014-01-01,122314,29,,1976
Cross Country Skiing,Cross Country Skiing Men's Team Sprint,2014-01-01,122314,29,,1977
Biathlon,Biathlon Women's 7.5 kilometres Sprint,2014-01-01,123543,96,,1978
Biathlon,Biathlon Mixed 2 x 6 kilometres and 2 x 7.5 kilometres Relay,2014-01-01,123543,96,,1979
Biathlon,Biathlon Women's 10 kilometres Pursuit,2014-01-01,123543,96,,1980
Biathlon,Biathlon Women's 15 kilometres,2014-01-01,123543,96,,1981
Biathlon,Biathlon Women's 4 x 6 kilometres Relay,2014-01-01,123543,96,,1982
Cross Country Skiing,Cross Country Skiing Men's Sprint,2014-01-01,123615,152,,1983
Biathlon,Biathlon Men's 10 kilometres Sprint,2014-01-01,123616,152,,1984
Biathlon,Biathlon Men's 12.5 kilometres Pursuit,2014-01-01,123616,152,,1985
Biathlon,Biathlon Men's 15 kilometres Mass Start,2014-01-01,123616,152,,1986
Biathlon,Biathlon Men's 20 kilometres,2014-01-01,123616,152,,1987
Biathlon,Biathlon Men's 4 x 7.5 kilometres Relay,2014-01-01,123616,152,Gold,1988
Alpine Skiing,Alpine Skiing Men's Super G,2014-01-01,123864,74,,1989
Alpine Skiing,Alpine Skiing Men's Giant Slalom,2014-01-01,123864,74,,1990
Alpine Skiing,Alpine Skiing Men's Slalom,2014-01-01,123864,74,,1991
Alpine Skiing,Alpine Skiing Men's Slalom,2014-01-01,123930,167,,1992
Cross Country Skiing,Cross Country Skiing Men's Sprint,2014-01-01,124007,34,,1993
Cross Country Skiing,Cross Country Skiing Men's 4 x 10 kilometres Relay,2014-01-01,124007,34,,1994
Cross Country Skiing,Cross Country Skiing Women's Sprint,2014-01-01,124364,179,,1995
Alpine Skiing,Alpine Skiing Women's Giant Slalom,2014-01-01,125034,183,,1996
Cross Country Skiing,Cross Country Skiing Men's 15 kilometres,2014-01-01,125769,96,,1997
Cross Country Skiing,Cross Country Skiing Men's 50 kilometres,2014-01-01,125769,96,,1998
Cross Country Skiing,Cross Country Skiing Men's 30 km Skiathlon,2014-01-01,125769,96,,1999
Cross Country Skiing,Cross Country Skiing Men's 4 x 10 kilometres Relay,2014-01-01,125769,96,,2000
Alpine Skiing,Alpine Skiing Men's Giant Slalom,2014-01-01,125975,5,,2001
Alpine Skiing,Alpine Skiing Men's Slalom,2014-01-01,126404,49,,2002
Alpine Skiing,Alpine Skiing Men's Combined,2014-01-01,126557,179,Gold,2003
Alpine Skiing,Alpine Skiing Women's Super G,2014-01-01,126562,85,,2004
Alpine Skiing,Alpine Skiing Women's Giant Slalom,2014-01-01,126562,85,,2005
Alpine Skiing,Alpine Skiing Women's Slalom,2014-01-01,126562,85,,2006
Biathlon,Biathlon Women's 7.5 kilometres Sprint,2014-01-01,126690,152,Silver,2007
Biathlon,Biathlon Mixed 2 x 6 kilometres and 2 x 7.5 kilometres Relay,2014-01-01,126690,152,,2008
Biathlon,Biathlon Women's 10 kilometres Pursuit,2014-01-01,126690,152,,2009
Biathlon,Biathlon Women's 12.5 kilometres Mass Start,2014-01-01,126690,152,,2010
Biathlon,Biathlon Women's 4 x 6 kilometres Relay,2014-01-01,126690,152,Silver,2011
Biathlon,Biathlon Women's 7.5 kilometres Sprint,2014-01-01,126821,96,,2012
Biathlon,Biathlon Women's 15 kilometres,2014-01-01,126821,96,,2013
Biathlon,Biathlon Women's 4 x 6 kilometres Relay,2014-01-01,126821,96,,2014
Cross Country Skiing,Cross Country Skiing Women's Sprint,2014-01-01,126836,167,,2015
Cross Country Skiing,Cross Country Skiing Women's 10 kilometres,2014-01-01,126836,167,,2016
Cross Country Skiing,Cross Country Skiing Women's 4 x 5 kilometres Relay,2014-01-01,126836,167,,2017
Cross Country Skiing,Cross Country Skiing Women's Team Sprint,2014-01-01,126836,167,,2018
Biathlon,Biathlon Women's 7.5 kilometres Sprint,2014-01-01,126885,52,,2019
Biathlon,Biathlon Mixed 2 x 6 kilometres and 2 x 7.5 kilometres Relay,2014-01-01,126885,52,Silver,2020
Biathlon,Biathlon Women's 10 kilometres Pursuit,2014-01-01,126885,52,,2021
Biathlon,Biathlon Women's 12.5 kilometres Mass Start,2014-01-01,126885,52,,2022
Biathlon,Biathlon Women's 15 kilometres,2014-01-01,126885,52,,2023
Biathlon,Biathlon Women's 4 x 6 kilometres Relay,2014-01-01,126885,52,,2024
Alpine Skiing,Alpine Skiing Women's Giant Slalom,2014-01-01,126997,166,,2025
Alpine Skiing,Alpine Skiing Women's Slalom,2014-01-01,126997,166,,2026
Biathlon,Biathlon Men's 20 kilometres,2014-01-01,127185,152,,2027
Biathlon,Biathlon Men's 4 x 7.5 kilometres Relay,2014-01-01,127185,152,Gold,2028
Cross Country Skiing,Cross Country Skiing Men's Sprint,2014-01-01,127237,96,,2029
Cross Country Skiing,Cross Country Skiing Men's 4 x 10 kilometres Relay,2014-01-01,127237,96,,2030
Cross Country Skiing,Cross Country Skiing Men's 15 kilometres,2014-01-01,127259,152,,2031
Alpine Skiing,Alpine Skiing Men's Downhill,2014-01-01,127265,39,,2032
Alpine Skiing,Alpine Skiing Men's Super G,2014-01-01,127265,39,,2033
Alpine Skiing,Alpine Skiing Men's Giant Slalom,2014-01-01,127265,39,,2034
Alpine Skiing,Alpine Skiing Men's Combined,2014-01-01,127265,39,,2035
Alpine Skiing,Alpine Skiing Men's Slalom,2014-01-01,127321,120,,2036
Alpine Skiing,Alpine Skiing Men's Giant Slalom,2014-01-01,127514,198,,2037
Alpine Skiing,Alpine Skiing Men's Slalom,2014-01-01,127514,198,,2038
Cross Country Skiing,Cross Country Skiing Women's 10 kilometres,2014-01-01,127594,52,,2039
Cross Country Skiing,Cross Country Skiing Women's 30 kilometres,2014-01-01,127594,52,,2040
Cross Country Skiing,Cross Country Skiing Women's 15 km Skiathlon,2014-01-01,127594,52,,2041
Cross Country Skiing,Cross Country Skiing Women's 4 x 5 kilometres Relay,2014-01-01,127594,52,,2042
Alpine Skiing,Alpine Skiing Men's Downhill,2014-01-01,127598,52,,2043
Alpine Skiing,Alpine Skiing Men's Super G,2014-01-01,127598,52,,2044
Alpine Skiing,Alpine Skiing Men's Giant Slalom,2014-01-01,127598,52,,2045
Alpine Skiing,Alpine Skiing Men's Slalom,2014-01-01,127598,52,,2046
Alpine Skiing,Alpine Skiing Men's Combined,2014-01-01,127598,52,,2047
Cross Country Skiing,Cross Country Skiing Women's Sprint,2014-01-01,127674,92,,2048
Cross Country Skiing,Cross Country Skiing Women's Team Sprint,2014-01-01,127674,92,,2049
Alpine Skiing,Alpine Skiing Men's Super G,2014-01-01,127709,162,,2050
Alpine Skiing,Alpine Skiing Men's Giant Slalom,2014-01-01,127709,162,,2051
Alpine Skiing,Alpine Skiing Men's Slalom,2014-01-01,127709,162,,2052
Cross Country Skiing,Cross Country Skiing Men's 50 kilometres,2014-01-01,127754,152,Silver,2053
Cross Country Skiing,Cross Country Skiing Men's 30 km Skiathlon,2014-01-01,127754,152,,2054
Cross Country Skiing,Cross Country Skiing Men's 4 x 10 kilometres Relay,2014-01-01,127754,152,Silver,2055
Cross Country Skiing,Cross Country Skiing Men's Team Sprint,2014-01-01,127754,152,Silver,2056
Cross Country Skiing,Cross Country Skiing Women's 10 kilometres,2014-01-01,128947,11,,2057
Cross Country Skiing,Cross Country Skiing Women's 30 kilometres,2014-01-01,128947,11,,2058
Cross Country Skiing,Cross Country Skiing Men's Sprint,2014-01-01,128956,11,,2059
Cross Country Skiing,Cross Country Skiing Men's 15 kilometres,2014-01-01,128956,11,,2060
Cross Country Skiing,Cross Country Skiing Men's 30 km Skiathlon,2014-01-01,128956,11,,2061
Cross Country Skiing,Cross Country Skiing Men's Team Sprint,2014-01-01,128956,11,,2062
Cross Country Skiing,Cross Country Skiing Women's 10 kilometres,2014-01-01,129172,34,,2063
Cross Country Skiing,Cross Country Skiing Women's 30 kilometres,2014-01-01,129172,34,,2064
Cross Country Skiing,Cross Country Skiing Women's 15 km Skiathlon,2014-01-01,129172,34,,2065
Cross Country Skiing,Cross Country Skiing Women's 4 x 5 kilometres Relay,2014-01-01,129172,34,,2066
Biathlon,Biathlon Men's 10 kilometres Sprint,2014-01-01,129253,179,,2067
Biathlon,Biathlon Mixed 2 x 6 kilometres and 2 x 7.5 kilometres Relay,2014-01-01,129253,179,,2068
Biathlon,Biathlon Men's 20 kilometres,2014-01-01,129253,179,,2069
Biathlon,Biathlon Men's 4 x 7.5 kilometres Relay,2014-01-01,129253,179,,2070
Alpine Skiing,Alpine Skiing Men's Super G,2014-01-01,129302,195,Silver,2071
Alpine Skiing,Alpine Skiing Men's Combined,2014-01-01,129302,195,,2072
Cross Country Skiing,Cross Country Skiing Women's 10 kilometres,2014-01-01,129619,136,,2073
Cross Country Skiing,Cross Country Skiing Women's 30 kilometres,2014-01-01,129619,136,,2074
Cross Country Skiing,Cross Country Skiing Women's 15 km Skiathlon,2014-01-01,129619,136,Bronze,2075
Cross Country Skiing,Cross Country Skiing Women's 4 x 5 kilometres Relay,2014-01-01,129619,136,,2076
Cross Country Skiing,Cross Country Skiing Men's Sprint,2014-01-01,129677,71,,2077
Cross Country Skiing,Cross Country Skiing Women's Sprint,2014-01-01,130181,34,,2078
Cross Country Skiing,Cross Country Skiing Women's 10 kilometres,2014-01-01,130181,34,,2079
Cross Country Skiing,Cross Country Skiing Women's 30 kilometres,2014-01-01,130181,34,,2080
Biathlon,Biathlon Women's 7.5 kilometres Sprint,2014-01-01,130253,92,,2081
Biathlon,Biathlon Mixed 2 x 6 kilometres and 2 x 7.5 kilometres Relay,2014-01-01,130253,92,Bronze,2082
Biathlon,Biathlon Women's 10 kilometres Pursuit,2014-01-01,130253,92,,2083
Biathlon,Biathlon Women's 12.5 kilometres Mass Start,2014-01-01,130253,92,,2084
Biathlon,Biathlon Women's 4 x 6 kilometres Relay,2014-01-01,130253,92,,2085
Biathlon,Biathlon Men's 10 kilometres Sprint,2014-01-01,130296,179,,2086
Biathlon,Biathlon Men's 12.5 kilometres Pursuit,2014-01-01,130296,179,,2087
Biathlon,Biathlon Men's 4 x 7.5 kilometres Relay,2014-01-01,130296,179,,2088
Cross Country Skiing,Cross Country Skiing Women's 10 kilometres,2014-01-01,130357,178,,2089
Cross Country Skiing,Cross Country Skiing Women's 30 kilometres,2014-01-01,130357,178,,2090
Cross Country Skiing,Cross Country Skiing Women's 15 km Skiathlon,2014-01-01,130357,178,,2091
Cross Country Skiing,Cross Country Skiing Women's 4 x 5 kilometres Relay,2014-01-01,130357,178,Gold,2092
Alpine Skiing,Alpine Skiing Women's Slalom,2014-01-01,130372,178,,2093
Alpine Skiing,Alpine Skiing Women's Downhill,2014-01-01,130420,195,,2094
Biathlon,Biathlon Men's 10 kilometres Sprint,2014-01-01,130959,92,,2095
Biathlon,Biathlon Mixed 2 x 6 kilometres and 2 x 7.5 kilometres Relay,2014-01-01,130959,92,Bronze,2096
Biathlon,Biathlon Men's 12.5 kilometres Pursuit,2014-01-01,130959,92,,2097
Biathlon,Biathlon Men's 15 kilometres Mass Start,2014-01-01,130959,92,,2098
Biathlon,Biathlon Men's 20 kilometres,2014-01-01,130959,92,,2099
Biathlon,Biathlon Men's 4 x 7.5 kilometres Relay,2014-01-01,130959,92,,2100
Biathlon,Biathlon Men's 10 kilometres Sprint,2014-01-01,130960,92,,2101
Biathlon,Biathlon Men's 20 kilometres,2014-01-01,130960,92,,2102
Biathlon,Biathlon Men's 4 x 7.5 kilometres Relay,2014-01-01,130960,92,,2103
Alpine Skiing,Alpine Skiing Women's Giant Slalom,2014-01-01,131090,71,,2104
Alpine Skiing,Alpine Skiing Women's Slalom,2014-01-01,131090,71,,2105
Cross Country Skiing,Cross Country Skiing Men's Sprint,2014-01-01,131879,12,,2106
Cross Country Skiing,Cross Country Skiing Men's Team Sprint,2014-01-01,131879,12,,2107
Alpine Skiing,Alpine Skiing Women's Giant Slalom,2014-01-01,131996,40,,2108
Alpine Skiing,Alpine Skiing Women's Slalom,2014-01-01,131996,40,,2109
Cross Country Skiing,Cross Country Skiing Men's Sprint,2014-01-01,132080,40,,2110
Cross Country Skiing,Cross Country Skiing Men's 50 kilometres,2014-01-01,132080,40,,2111
Cross Country Skiing,Cross Country Skiing Men's 30 km Skiathlon,2014-01-01,132080,40,,2112
Alpine Skiing,Alpine Skiing Women's Downhill,2014-01-01,132203,152,,2113
Alpine Skiing,Alpine Skiing Women's Super G,2014-01-01,132203,152,,2114
Alpine Skiing,Alpine Skiing Women's Combined,2014-01-01,132203,152,,2115
Cross Country Skiing,Cross Country Skiing Men's 15 kilometres,2014-01-01,132638,152,,2116
Cross Country Skiing,Cross Country Skiing Men's 4 x 10 kilometres Relay,2014-01-01,132638,152,Silver,2117
Cross Country Skiing,Cross Country Skiing Men's 30 km Skiathlon,2014-01-01,132773,9,,2118
Cross Country Skiing,Cross Country Skiing Men's 4 x 10 kilometres Relay,2014-01-01,133120,94,,2119
Cross Country Skiing,Cross Country Skiing Men's Sprint,2014-01-01,133187,73,,2120
Cross Country Skiing,Cross Country Skiing Men's 15 kilometres,2014-01-01,133187,73,,2121
Cross Country Skiing,Cross Country Skiing Men's Team Sprint,2014-01-01,133187,73,,2122
Alpine Skiing,Alpine Skiing Men's Slalom,2014-01-01,133408,94,,2123
Alpine Skiing,Alpine Skiing Men's Slalom,2014-01-01,133440,179,,2124
Alpine Skiing,Alpine Skiing Women's Downhill,2014-01-01,133523,34,,2125
Alpine Skiing,Alpine Skiing Women's Super G,2014-01-01,133523,34,,2126
Alpine Skiing,Alpine Skiing Women's Giant Slalom,2014-01-01,133712,52,,2127
Alpine Skiing,Alpine Skiing Women's Slalom,2014-01-01,133712,52,,2128
Alpine Skiing,Alpine Skiing Women's Combined,2014-01-01,133712,52,,2129
Alpine Skiing,Alpine Skiing Men's Downhill,2014-01-01,133812,96,,2130
Alpine Skiing,Alpine Skiing Men's Super G,2014-01-01,133812,96,,2131
Alpine Skiing,Alpine Skiing Men's Combined,2014-01-01,133812,96,,2132
Alpine Skiing,Alpine Skiing Men's Super G,2014-01-01,133886,166,,2133
Alpine Skiing,Alpine Skiing Men's Giant Slalom,2014-01-01,133886,166,,2134
Alpine Skiing,Alpine Skiing Men's Slalom,2014-01-01,133886,166,,2135
Alpine Skiing,Alpine Skiing Men's Combined,2014-01-01,133886,166,,2136
Alpine Skiing,Alpine Skiing Men's Super G,2014-01-01,133887,166,,2137
Alpine Skiing,Alpine Skiing Men's Giant Slalom,2014-01-01,133887,166,,2138
Alpine Skiing,Alpine Skiing Men's Slalom,2014-01-01,133887,166,,2139
Cross Country Skiing,Cross Country Skiing Women's 10 kilometres,2014-01-01,134101,193,,2140
Cross Country Skiing,Cross Country Skiing Women's 15 km Skiathlon,2014-01-01,134101,193,,2141
Cross Country Skiing,Cross Country Skiing Women's 4 x 5 kilometres Relay,2014-01-01,134101,193,,2142
Alpine Skiing,Alpine Skiing Men's Giant Slalom,2014-01-01,134108,108,,2143
Alpine Skiing,Alpine Skiing Men's Slalom,2014-01-01,134108,108,,2144
Biathlon,Biathlon Women's 7.5 kilometres Sprint,2014-01-01,134154,152,,2145
Biathlon,Biathlon Mixed 2 x 6 kilometres and 2 x 7.5 kilometres Relay,2014-01-01,134154,152,,2146
Biathlon,Biathlon Women's 10 kilometres Pursuit,2014-01-01,134154,152,,2147
Biathlon,Biathlon Women's 12.5 kilometres Mass Start,2014-01-01,134154,152,,2148
Biathlon,Biathlon Women's 15 kilometres,2014-01-01,134154,152,,2149
Biathlon,Biathlon Women's 4 x 6 kilometres Relay,2014-01-01,134154,152,Silver,2150
Cross Country Skiing,Cross Country Skiing Women's 10 kilometres,2014-01-01,134287,71,,2151
Cross Country Skiing,Cross Country Skiing Women's 30 kilometres,2014-01-01,134287,71,,2152
Cross Country Skiing,Cross Country Skiing Women's 15 km Skiathlon,2014-01-01,134287,71,,2153
Alpine Skiing,Alpine Skiing Men's Slalom,2014-01-01,134347,179,,2154
Alpine Skiing,Alpine Skiing Women's Giant Slalom,2014-01-01,134389,12,,2155
Alpine Skiing,Alpine Skiing Women's Slalom,2014-01-01,134389,12,Bronze,2156
Biathlon,Biathlon Women's 7.5 kilometres Sprint,2014-01-01,134591,40,,2157
Biathlon,Biathlon Women's 10 kilometres Pursuit,2014-01-01,134591,40,,2158
Biathlon,Biathlon Women's 15 kilometres,2014-01-01,134591,40,,2159
Biathlon,Biathlon Women's 4 x 6 kilometres Relay,2014-01-01,134591,40,,2160
Alpine Skiing,Alpine Skiing Men's Giant Slalom,2014-01-01,134619,40,,2161
Alpine Skiing,Alpine Skiing Men's Slalom,2014-01-01,134619,40,,2162
Cross Country Skiing,Cross Country Skiing Women's 10 kilometres,2014-01-01,134885,152,,2163
Cross Country Skiing,Cross Country Skiing Women's 30 kilometres,2014-01-01,134885,152,,2164
Cross Country Skiing,Cross Country Skiing Women's 15 km Skiathlon,2014-01-01,134885,152,,2165
Cross Country Skiing,Cross Country Skiing Women's 4 x 5 kilometres Relay,2014-01-01,134885,152,,2166
Biathlon,Biathlon Men's 10 kilometres Sprint,2014-01-01,135151,29,,2167
Biathlon,Biathlon Men's 4 x 7.5 kilometres Relay,2014-01-01,135151,29,,2168
Alpine Skiing,Alpine Skiing Men's Downhill,2014-01-01,135293,49,,2169
Alpine Skiing,Alpine Skiing Men's Super G,2014-01-01,135293,49,,2170
Alpine Skiing,Alpine Skiing Men's Slalom,2014-01-01,135293,49,,2171
Alpine Skiing,Alpine Skiing Men's Combined,2014-01-01,135293,49,,2172
Alpine Skiing,Alpine Skiing Men's Giant Slalom,2014-01-01,135334,49,,2173
Alpine Skiing,Alpine Skiing Men's Super G,2014-01-01,135485,152,,2174
Alpine Skiing,Alpine Skiing Men's Giant Slalom,2014-01-01,135485,152,,2175
Alpine Skiing,Alpine Skiing Men's Slalom,2014-01-01,135485,152,,2176
Alpine Skiing,Alpine Skiing Men's Giant Slalom,2014-01-01,135500,102,,2177
Alpine Skiing,Alpine Skiing Men's Slalom,2014-01-01,135500,102,,2178
